date,open,high,low,close
2019-08-16 13:30:00+00:00,0.9049999713897705,0.9049999713897705,0.9049999713897705,0.9049999713897705
2019-08-19 13:30:00+00:00,0.9049999713897705,0.9049999713897705,0.9049999713897705,0.9049999713897705
2019-08-20 13:30:00+00:00,1.2699999809265137,1.2699999809265137,1.2699999809265137,1.2699999809265137
2019-08-21 13:30:00+00:00,1.2699999809265137,1.2699999809265137,1.2699999809265137,1.2699999809265137
2019-08-22 13:30:00+00:00,1.125,1.125,1.100000023841858,1.100000023841858
2019-08-23 13:30:00+00:00,1.100000023841858,1.100000023841858,1.100000023841858,1.100000023841858
2019-08-26 13:30:00+00:00,1.093000054359436,1.093000054359436,1.062000036239624,1.062000036239624
2019-08-27 13:30:00+00:00,1.062000036239624,1.062000036239624,1.062000036239624,1.062000036239624
2019-08-28 13:30:00+00:00,1.062000036239624,1.062000036239624,1.062000036239624,1.062000036239624
2019-08-29 13:30:00+00:00,1.062000036239624,1.062000036239624,1.062000036239624,1.062000036239624
2019-08-30 13:30:00+00:00,1.062000036239624,1.062000036239624,1.062000036239624,1.062000036239624
2019-09-03 13:30:00+00:00,1.062000036239624,1.062000036239624,1.062000036239624,1.062000036239624
2019-09-04 13:30:00+00:00,1.0709999799728394,1.0709999799728394,1.0709999799728394,1.0709999799728394
2019-09-05 13:30:00+00:00,1.0709999799728394,1.0709999799728394,1.0709999799728394,1.0709999799728394
2019-09-06 13:30:00+00:00,1.0709999799728394,1.0709999799728394,1.0709999799728394,1.0709999799728394
2019-09-09 13:30:00+00:00,0.9800000190734863,0.9800000190734863,0.9800000190734863,0.9800000190734863
2019-09-10 13:30:00+00:00,0.9800000190734863,0.9850000143051147,0.9800000190734863,0.9850000143051147
2019-09-11 13:30:00+00:00,0.953000009059906,0.953000009059906,0.953000009059906,0.953000009059906
2019-09-12 13:30:00+00:00,0.9290000200271606,0.9290000200271606,0.9290000200271606,0.9290000200271606
2019-09-13 13:30:00+00:00,0.9079999923706055,0.9089999794960022,0.8769999742507935,0.9089999794960022
2019-09-16 13:30:00+00:00,0.7730000019073486,0.7730000019073486,0.7730000019073486,0.7730000019073486
2019-09-17 13:30:00+00:00,0.8769999742507935,0.8769999742507935,0.7799999713897705,0.7799999713897705
2019-09-18 13:30:00+00:00,0.7799999713897705,0.7799999713897705,0.7799999713897705,0.7799999713897705
2019-09-19 13:30:00+00:00,0.8029999732971191,0.8029999732971191,0.7979999780654907,0.7979999780654907
2019-09-20 13:30:00+00:00,0.7979999780654907,0.7979999780654907,0.7979999780654907,0.7979999780654907
2019-09-23 13:30:00+00:00,0.7860000133514404,0.7860000133514404,0.7860000133514404,0.7860000133514404
2019-09-24 13:30:00+00:00,0.7860000133514404,0.7860000133514404,0.7860000133514404,0.7860000133514404
2019-09-25 13:30:00+00:00,0.7860000133514404,0.7860000133514404,0.7860000133514404,0.7860000133514404
2019-09-26 13:30:00+00:00,0.7860000133514404,0.7860000133514404,0.7860000133514404,0.7860000133514404
2019-09-27 13:30:00+00:00,0.6489999890327454,0.6700000166893005,0.6489999890327454,0.6700000166893005
2019-09-30 13:30:00+00:00,0.6700000166893005,0.6700000166893005,0.6700000166893005,0.6700000166893005
2019-10-01 13:30:00+00:00,0.6480000019073486,0.6480000019073486,0.6480000019073486,0.6480000019073486
2019-10-02 13:30:00+00:00,0.6480000019073486,0.6480000019073486,0.6480000019073486,0.6480000019073486
2019-10-03 13:30:00+00:00,0.6480000019073486,0.6480000019073486,0.6480000019073486,0.6480000019073486
2019-10-04 13:30:00+00:00,0.6480000019073486,0.6480000019073486,0.6480000019073486,0.6480000019073486
2019-10-07 13:30:00+00:00,0.6480000019073486,0.6480000019073486,0.6480000019073486,0.6480000019073486
2019-10-08 13:30:00+00:00,0.6480000019073486,0.6480000019073486,0.6480000019073486,0.6480000019073486
2019-10-09 13:30:00+00:00,0.6480000019073486,0.6480000019073486,0.6480000019073486,0.6480000019073486
2019-10-10 13:30:00+00:00,0.6480000019073486,0.6480000019073486,0.6480000019073486,0.6480000019073486
2019-10-11 13:30:00+00:00,0.41999998688697815,0.41999998688697815,0.41999998688697815,0.41999998688697815
2019-10-14 13:30:00+00:00,0.41999998688697815,0.41999998688697815,0.41999998688697815,0.41999998688697815
2019-10-15 13:30:00+00:00,0.4189999997615814,0.4189999997615814,0.4189999997615814,0.4189999997615814
2019-10-16 13:30:00+00:00,0.4000000059604645,0.4000000059604645,0.3970000147819519,0.3970000147819519
2019-10-17 13:30:00+00:00,0.39800000190734863,0.39800000190734863,0.38999998569488525,0.38999998569488525
2019-10-18 13:30:00+00:00,0.38999998569488525,0.38999998569488525,0.38999998569488525,0.38999998569488525
2019-10-21 13:30:00+00:00,0.38999998569488525,0.38999998569488525,0.38999998569488525,0.38999998569488525
2019-10-22 13:30:00+00:00,0.38999998569488525,0.38999998569488525,0.38999998569488525,0.38999998569488525
2019-10-23 13:30:00+00:00,0.38999998569488525,0.38999998569488525,0.38999998569488525,0.38999998569488525
2019-10-24 13:30:00+00:00,0.38999998569488525,0.38999998569488525,0.38999998569488525,0.38999998569488525
2019-10-25 13:30:00+00:00,0.7820000052452087,0.7820000052452087,0.7820000052452087,0.7820000052452087
2019-10-28 13:30:00+00:00,0.8069999814033508,0.8069999814033508,0.8069999814033508,0.8069999814033508
2019-10-29 13:30:00+00:00,0.5899999737739563,0.5899999737739563,0.5899999737739563,0.5899999737739563
2019-10-30 13:30:00+00:00,0.5590000152587891,0.5590000152587891,0.5590000152587891,0.5590000152587891
2019-10-31 13:30:00+00:00,0.5600000023841858,0.5799999833106995,0.5600000023841858,0.5799999833106995
2019-11-01 13:30:00+00:00,0.5799999833106995,0.5799999833106995,0.5799999833106995,0.5799999833106995
2019-11-04 14:30:00+00:00,0.6000000238418579,0.6000000238418579,0.5979999899864197,0.5979999899864197
2019-11-05 14:30:00+00:00,0.5979999899864197,0.5979999899864197,0.5979999899864197,0.5979999899864197
2019-11-06 14:30:00+00:00,0.5979999899864197,0.5979999899864197,0.5979999899864197,0.5979999899864197
2019-11-07 14:30:00+00:00,0.5979999899864197,0.5979999899864197,0.5979999899864197,0.5979999899864197
2019-11-08 14:30:00+00:00,0.5979999899864197,0.5979999899864197,0.5979999899864197,0.5979999899864197
2019-11-11 14:30:00+00:00,1.0099999904632568,1.0099999904632568,0.3959999978542328,0.46000000834465027
2019-11-12 14:30:00+00:00,0.43299999833106995,0.43299999833106995,0.43299999833106995,0.43299999833106995
2019-11-13 14:30:00+00:00,0.43299999833106995,0.4480000138282776,0.43299999833106995,0.4480000138282776
2019-11-14 14:30:00+00:00,0.4480000138282776,0.4480000138282776,0.4480000138282776,0.4480000138282776
2019-11-15 14:30:00+00:00,0.4480000138282776,0.4480000138282776,0.4480000138282776,0.4480000138282776
2019-11-18 14:30:00+00:00,0.4480000138282776,0.4480000138282776,0.4480000138282776,0.4480000138282776
2019-11-19 14:30:00+00:00,0.4129999876022339,0.4129999876022339,0.4050000011920929,0.4050000011920929
2019-11-20 14:30:00+00:00,0.4050000011920929,0.4050000011920929,0.4050000011920929,0.4050000011920929
2019-11-21 14:30:00+00:00,0.4050000011920929,0.4050000011920929,0.4050000011920929,0.4050000011920929
2019-11-22 14:30:00+00:00,0.4050000011920929,0.4050000011920929,0.4050000011920929,0.4050000011920929
2019-11-25 14:30:00+00:00,0.4050000011920929,0.4050000011920929,0.4050000011920929,0.4050000011920929
2019-11-26 14:30:00+00:00,0.4050000011920929,0.4050000011920929,0.4050000011920929,0.4050000011920929
2019-11-27 14:30:00+00:00,0.4950000047683716,0.5149999856948853,0.4950000047683716,0.5
2019-11-29 14:30:00+00:00,0.5,0.5,0.5,0.5
2019-12-02 14:30:00+00:00,0.5,0.5,0.5,0.5
2019-12-03 14:30:00+00:00,0.5,0.5,0.5,0.5
2019-12-04 14:30:00+00:00,0.5,0.5,0.5,0.5
2019-12-05 14:30:00+00:00,0.5,0.5,0.5,0.5
2019-12-06 14:30:00+00:00,0.4180000126361847,0.4180000126361847,0.4180000126361847,0.4180000126361847
2019-12-09 14:30:00+00:00,0.4269999861717224,0.4269999861717224,0.4269999861717224,0.4269999861717224
2019-12-10 14:30:00+00:00,0.4269999861717224,0.4350000023841858,0.4269999861717224,0.42800000309944153
2019-12-11 14:30:00+00:00,0.42800000309944153,0.42800000309944153,0.42800000309944153,0.42800000309944153
2019-12-12 14:30:00+00:00,0.42800000309944153,0.42800000309944153,0.42800000309944153,0.42800000309944153
2019-12-13 14:30:00+00:00,0.42800000309944153,0.42800000309944153,0.42800000309944153,0.42800000309944153
2019-12-16 14:30:00+00:00,0.42800000309944153,0.42800000309944153,0.42800000309944153,0.42800000309944153
2019-12-17 14:30:00+00:00,0.42800000309944153,0.42800000309944153,0.42800000309944153,0.42800000309944153
2019-12-18 14:30:00+00:00,0.42800000309944153,0.42800000309944153,0.42800000309944153,0.42800000309944153
2019-12-19 14:30:00+00:00,0.42800000309944153,0.42800000309944153,0.42800000309944153,0.42800000309944153
2019-12-20 14:30:00+00:00,0.42800000309944153,0.42800000309944153,0.42800000309944153,0.42800000309944153
2019-12-23 14:30:00+00:00,0.42800000309944153,0.42800000309944153,0.42800000309944153,0.42800000309944153
2019-12-24 14:30:00+00:00,0.42800000309944153,0.42800000309944153,0.42800000309944153,0.42800000309944153
2019-12-26 14:30:00+00:00,0.42800000309944153,0.42800000309944153,0.42800000309944153,0.42800000309944153
2019-12-27 14:30:00+00:00,0.42800000309944153,0.42800000309944153,0.42800000309944153,0.42800000309944153
2019-12-30 14:30:00+00:00,0.39399999380111694,0.39399999380111694,0.39399999380111694,0.39399999380111694
2019-12-31 14:30:00+00:00,0.38199999928474426,0.38199999928474426,0.38199999928474426,0.38199999928474426
2020-01-02 14:30:00+00:00,0.38199999928474426,0.38199999928474426,0.38199999928474426,0.38199999928474426
2020-01-03 14:30:00+00:00,0.38199999928474426,0.38199999928474426,0.38199999928474426,0.38199999928474426
2020-01-06 14:30:00+00:00,0.40400001406669617,0.40400001406669617,0.40400001406669617,0.40400001406669617
2020-01-07 14:30:00+00:00,0.4259999990463257,0.5130000114440918,0.4259999990463257,0.5130000114440918
2020-01-08 14:30:00+00:00,0.4790000021457672,0.4790000021457672,0.4790000021457672,0.4790000021457672
2020-01-09 14:30:00+00:00,0.4099999964237213,0.41999998688697815,0.4090000092983246,0.41999998688697815
2020-01-10 14:30:00+00:00,0.41999998688697815,0.41999998688697815,0.41999998688697815,0.41999998688697815
2020-01-13 14:30:00+00:00,0.43299999833106995,0.43299999833106995,0.43299999833106995,0.43299999833106995
2020-01-14 14:30:00+00:00,0.47999998927116394,0.4860000014305115,0.47999998927116394,0.47999998927116394
2020-01-15 14:30:00+00:00,0.47999998927116394,0.47999998927116394,0.47999998927116394,0.47999998927116394
2020-01-16 14:30:00+00:00,0.47999998927116394,0.47999998927116394,0.47999998927116394,0.47999998927116394
2020-01-17 14:30:00+00:00,0.5329999923706055,0.5329999923706055,0.5299999713897705,0.5299999713897705
2020-01-21 14:30:00+00:00,0.5299999713897705,0.5299999713897705,0.5299999713897705,0.5299999713897705
2020-01-22 14:30:00+00:00,0.5299999713897705,0.5299999713897705,0.5299999713897705,0.5299999713897705
2020-01-23 14:30:00+00:00,0.46000000834465027,0.46000000834465027,0.4300000071525574,0.4300000071525574
2020-01-24 14:30:00+00:00,0.4300000071525574,0.4300000071525574,0.4300000071525574,0.4300000071525574
2020-01-27 14:30:00+00:00,0.4300000071525574,0.4300000071525574,0.4300000071525574,0.4300000071525574
2020-01-28 14:30:00+00:00,0.4300000071525574,0.4300000071525574,0.4300000071525574,0.4300000071525574
2020-01-29 14:30:00+00:00,0.4300000071525574,0.4300000071525574,0.4300000071525574,0.4300000071525574
2020-01-30 14:30:00+00:00,0.4699999988079071,0.5120000243186951,0.4699999988079071,0.5120000243186951
2020-01-31 14:30:00+00:00,0.47099998593330383,0.47999998927116394,0.4699999988079071,0.4729999899864197
2020-02-03 14:30:00+00:00,0.44999998807907104,0.44999998807907104,0.4399999976158142,0.4399999976158142
2020-02-04 14:30:00+00:00,0.41600000858306885,0.41600000858306885,0.41600000858306885,0.41600000858306885
2020-02-05 14:30:00+00:00,0.4860000014305115,0.4860000014305115,0.47999998927116394,0.47999998927116394
2020-02-06 14:30:00+00:00,0.4740000069141388,0.4740000069141388,0.4740000069141388,0.4740000069141388
2020-02-07 14:30:00+00:00,0.4320000112056732,0.45500001311302185,0.4320000112056732,0.45500001311302185
2020-02-10 14:30:00+00:00,0.4690000116825104,0.5099999904632568,0.4690000116825104,0.5080000162124634
2020-02-11 14:30:00+00:00,0.6079999804496765,0.7089999914169312,0.6079999804496765,0.7089999914169312
2020-02-12 14:30:00+00:00,0.7730000019073486,0.7730000019073486,0.6000000238418579,0.6050000190734863
2020-02-13 14:30:00+00:00,0.6000000238418579,0.6000000238418579,0.6000000238418579,0.6000000238418579
2020-02-14 14:30:00+00:00,0.5630000233650208,0.5630000233650208,0.5619999766349792,0.5619999766349792
2020-02-18 14:30:00+00:00,0.5389999747276306,0.5389999747276306,0.5389999747276306,0.5389999747276306
2020-02-19 14:30:00+00:00,0.5389999747276306,0.5389999747276306,0.5389999747276306,0.5389999747276306
2020-02-20 14:30:00+00:00,0.5389999747276306,0.5389999747276306,0.5389999747276306,0.5389999747276306
2020-02-21 14:30:00+00:00,0.5320000052452087,0.5649999976158142,0.5320000052452087,0.5649999976158142
2020-02-24 14:30:00+00:00,0.5170000195503235,0.5170000195503235,0.5170000195503235,0.5170000195503235
2020-02-25 14:30:00+00:00,0.46000000834465027,0.515999972820282,0.46000000834465027,0.492000013589859
2020-02-26 14:30:00+00:00,0.492000013589859,0.492000013589859,0.492000013589859,0.492000013589859
2020-02-27 14:30:00+00:00,0.492000013589859,0.492000013589859,0.492000013589859,0.492000013589859
2020-02-28 14:30:00+00:00,0.42500001192092896,0.42899999022483826,0.4000000059604645,0.42899999022483826
2020-03-02 14:30:00+00:00,0.42899999022483826,0.42899999022483826,0.42899999022483826,0.42899999022483826
2020-03-03 14:30:00+00:00,0.42899999022483826,0.42899999022483826,0.42899999022483826,0.42899999022483826
2020-03-04 14:30:00+00:00,0.4440000057220459,0.45100000500679016,0.4440000057220459,0.45100000500679016
2020-03-05 14:30:00+00:00,0.4490000009536743,0.4490000009536743,0.4490000009536743,0.4490000009536743
2020-03-06 14:30:00+00:00,0.44999998807907104,0.44999998807907104,0.44999998807907104,0.44999998807907104
2020-03-09 13:30:00+00:00,0.44999998807907104,0.44999998807907104,0.44999998807907104,0.44999998807907104
2020-03-10 13:30:00+00:00,0.40700000524520874,0.40700000524520874,0.40700000524520874,0.40700000524520874
2020-03-11 13:30:00+00:00,0.40700000524520874,0.40700000524520874,0.40700000524520874,0.40700000524520874
2020-03-12 13:30:00+00:00,0.29899999499320984,0.36000001430511475,0.29899999499320984,0.30000001192092896
2020-03-13 13:30:00+00:00,0.30000001192092896,0.30000001192092896,0.30000001192092896,0.30000001192092896
2020-03-16 13:30:00+00:00,0.2540000081062317,0.2540000081062317,0.2540000081062317,0.2540000081062317
2020-03-17 13:30:00+00:00,0.2540000081062317,0.2540000081062317,0.2540000081062317,0.2540000081062317
2020-03-18 13:30:00+00:00,0.3230000138282776,0.3230000138282776,0.3230000138282776,0.3230000138282776
2020-03-19 13:30:00+00:00,0.3400000035762787,0.3400000035762787,0.29499998688697815,0.29499998688697815
2020-03-20 13:30:00+00:00,0.30000001192092896,0.30000001192092896,0.30000001192092896,0.30000001192092896
2020-03-23 13:30:00+00:00,0.30000001192092896,0.30000001192092896,0.30000001192092896,0.30000001192092896
2020-03-24 13:30:00+00:00,0.30000001192092896,0.30000001192092896,0.30000001192092896,0.30000001192092896
2020-03-25 13:30:00+00:00,0.30000001192092896,0.30000001192092896,0.30000001192092896,0.30000001192092896
2020-03-26 13:30:00+00:00,0.2930000126361847,0.30000001192092896,0.2930000126361847,0.30000001192092896
2020-03-27 13:30:00+00:00,0.30000001192092896,0.30000001192092896,0.30000001192092896,0.30000001192092896
2020-03-30 13:30:00+00:00,0.30000001192092896,0.30000001192092896,0.30000001192092896,0.30000001192092896
2020-03-31 13:30:00+00:00,0.30000001192092896,0.30000001192092896,0.30000001192092896,0.30000001192092896
2020-04-01 13:30:00+00:00,0.3100000023841858,0.3100000023841858,0.2619999945163727,0.2619999945163727
2020-04-02 13:30:00+00:00,0.2619999945163727,0.2619999945163727,0.2619999945163727,0.2619999945163727
2020-04-03 13:30:00+00:00,0.2619999945163727,0.2619999945163727,0.2619999945163727,0.2619999945163727
2020-04-06 13:30:00+00:00,0.2619999945163727,0.2619999945163727,0.2619999945163727,0.2619999945163727
2020-04-07 13:30:00+00:00,0.3109999895095825,0.3109999895095825,0.3109999895095825,0.3109999895095825
2020-04-08 13:30:00+00:00,0.3330000042915344,0.3330000042915344,0.3330000042915344,0.3330000042915344
2020-04-09 13:30:00+00:00,0.3240000009536743,0.3240000009536743,0.3240000009536743,0.3240000009536743
2020-04-13 13:30:00+00:00,0.30799999833106995,0.30799999833106995,0.30799999833106995,0.30799999833106995
2020-04-14 13:30:00+00:00,0.30799999833106995,0.30799999833106995,0.30799999833106995,0.30799999833106995
2020-04-15 13:30:00+00:00,0.3330000042915344,0.3330000042915344,0.3330000042915344,0.3330000042915344
2020-04-16 13:30:00+00:00,0.3330000042915344,0.3330000042915344,0.3330000042915344,0.3330000042915344
2020-04-17 13:30:00+00:00,0.30300000309944153,0.30300000309944153,0.30300000309944153,0.30300000309944153
2020-04-20 13:30:00+00:00,0.34599998593330383,0.34599998593330383,0.34599998593330383,0.34599998593330383
2020-04-21 13:30:00+00:00,0.34599998593330383,0.34599998593330383,0.34599998593330383,0.34599998593330383
2020-04-22 13:30:00+00:00,0.34200000762939453,0.34200000762939453,0.34200000762939453,0.34200000762939453
2020-04-23 13:30:00+00:00,0.34299999475479126,0.36000001430511475,0.3409999907016754,0.36000001430511475
2020-04-24 13:30:00+00:00,0.35899999737739563,0.36000001430511475,0.3580000102519989,0.3580000102519989
2020-04-27 13:30:00+00:00,0.375,0.375,0.35600000619888306,0.35899999737739563
2020-04-28 13:30:00+00:00,0.35899999737739563,0.35899999737739563,0.35899999737739563,0.35899999737739563
2020-04-29 13:30:00+00:00,0.35899999737739563,0.35899999737739563,0.35899999737739563,0.35899999737739563
2020-04-30 13:30:00+00:00,0.39100000262260437,0.39100000262260437,0.3869999945163727,0.3869999945163727
2020-05-01 13:30:00+00:00,0.37700000405311584,0.37700000405311584,0.36000001430511475,0.36000001430511475
2020-05-04 13:30:00+00:00,0.36000001430511475,0.36000001430511475,0.36000001430511475,0.36000001430511475
2020-05-05 13:30:00+00:00,0.3269999921321869,0.3269999921321869,0.3269999921321869,0.3269999921321869
2020-05-06 13:30:00+00:00,0.34299999475479126,0.3499999940395355,0.34299999475479126,0.3499999940395355
2020-05-07 13:30:00+00:00,0.3499999940395355,0.3499999940395355,0.3499999940395355,0.3499999940395355
2020-05-08 13:30:00+00:00,0.4909999966621399,0.5370000004768372,0.4699999988079071,0.4699999988079071
2020-05-11 13:30:00+00:00,0.4339999854564667,0.4339999854564667,0.4189999997615814,0.4189999997615814
2020-05-12 13:30:00+00:00,0.3970000147819519,0.40400001406669617,0.3580000102519989,0.36000001430511475
2020-05-13 13:30:00+00:00,0.37400001287460327,0.375,0.37400001287460327,0.375
2020-05-14 13:30:00+00:00,0.3869999945163727,0.4000000059604645,0.3869999945163727,0.4000000059604645
2020-05-15 13:30:00+00:00,0.4000000059604645,0.4000000059604645,0.3790000081062317,0.3790000081062317
2020-05-18 13:30:00+00:00,0.3700000047683716,0.3700000047683716,0.3700000047683716,0.3700000047683716
2020-05-19 13:30:00+00:00,0.4090000092983246,0.4090000092983246,0.4090000092983246,0.4090000092983246
2020-05-20 13:30:00+00:00,0.4090000092983246,0.4090000092983246,0.4090000092983246,0.4090000092983246
2020-05-21 13:30:00+00:00,0.39399999380111694,0.39399999380111694,0.3700000047683716,0.3700000047683716
2020-05-22 13:30:00+00:00,0.3440000116825104,0.3440000116825104,0.3440000116825104,0.3440000116825104
2020-05-26 13:30:00+00:00,0.3569999933242798,0.3569999933242798,0.3499999940395355,0.3499999940395355
2020-05-27 13:30:00+00:00,0.35199999809265137,0.35199999809265137,0.3449999988079071,0.3449999988079071
2020-05-28 13:30:00+00:00,0.3449999988079071,0.3449999988079071,0.3449999988079071,0.3449999988079071
2020-05-29 13:30:00+00:00,0.3449999988079071,0.3449999988079071,0.3449999988079071,0.3449999988079071
2020-06-01 13:30:00+00:00,0.3610000014305115,0.3709999918937683,0.3529999852180481,0.36000001430511475
2020-06-02 13:30:00+00:00,0.40299999713897705,0.4050000011920929,0.36800000071525574,0.375
2020-06-03 13:30:00+00:00,0.375,0.375,0.375,0.375
2020-06-04 13:30:00+00:00,0.375,0.375,0.375,0.375
2020-06-05 13:30:00+00:00,0.36800000071525574,0.37700000405311584,0.3610000014305115,0.37700000405311584
2020-06-08 13:30:00+00:00,0.37700000405311584,0.37700000405311584,0.37700000405311584,0.37700000405311584
2020-06-09 13:30:00+00:00,0.36899998784065247,0.36899998784065247,0.36899998784065247,0.36899998784065247
2020-06-10 13:30:00+00:00,0.3580000102519989,0.36000001430511475,0.3580000102519989,0.36000001430511475
2020-06-11 13:30:00+00:00,0.3499999940395355,0.3499999940395355,0.3499999940395355,0.3499999940395355
2020-06-12 13:30:00+00:00,0.3499999940395355,0.3499999940395355,0.3499999940395355,0.3499999940395355
2020-06-15 13:30:00+00:00,0.3449999988079071,0.34599998593330383,0.3409999907016754,0.34599998593330383
2020-06-16 13:30:00+00:00,0.34599998593330383,0.34599998593330383,0.34599998593330383,0.34599998593330383
2020-06-17 13:30:00+00:00,0.34599998593330383,0.34599998593330383,0.34599998593330383,0.34599998593330383
2020-06-18 13:30:00+00:00,0.34599998593330383,0.34599998593330383,0.34599998593330383,0.34599998593330383
2020-06-19 13:30:00+00:00,0.34599998593330383,0.34599998593330383,0.34599998593330383,0.34599998593330383
2020-06-22 13:30:00+00:00,0.3400000035762787,0.3400000035762787,0.3400000035762787,0.3400000035762787
2020-06-23 13:30:00+00:00,0.3319999873638153,0.3319999873638153,0.33000001311302185,0.33000001311302185
2020-06-24 13:30:00+00:00,0.33000001311302185,0.33000001311302185,0.33000001311302185,0.33000001311302185
2020-06-25 13:30:00+00:00,0.2590000033378601,0.2800000011920929,0.25600001215934753,0.25600001215934753
2020-06-26 13:30:00+00:00,0.28999999165534973,0.28999999165534973,0.28999999165534973,0.28999999165534973
2020-06-29 13:30:00+00:00,0.27799999713897705,0.27799999713897705,0.27799999713897705,0.27799999713897705
2020-06-30 13:30:00+00:00,0.2770000100135803,0.2770000100135803,0.2770000100135803,0.2770000100135803
2020-07-01 13:30:00+00:00,0.2770000100135803,0.2770000100135803,0.2770000100135803,0.2770000100135803
2020-07-02 13:30:00+00:00,0.2770000100135803,0.2770000100135803,0.2770000100135803,0.2770000100135803
2020-07-06 13:30:00+00:00,0.2770000100135803,0.2770000100135803,0.2770000100135803,0.2770000100135803
2020-07-07 13:30:00+00:00,0.2770000100135803,0.2770000100135803,0.2770000100135803,0.2770000100135803
2020-07-08 13:30:00+00:00,0.2939999997615814,0.2939999997615814,0.2939999997615814,0.2939999997615814
2020-07-09 13:30:00+00:00,0.29100000858306885,0.29100000858306885,0.29100000858306885,0.29100000858306885
2020-07-10 13:30:00+00:00,0.29100000858306885,0.29100000858306885,0.29100000858306885,0.29100000858306885
2020-07-13 13:30:00+00:00,0.2770000100135803,0.28200000524520874,0.2770000100135803,0.28200000524520874
2020-07-14 13:30:00+00:00,0.28200000524520874,0.28200000524520874,0.28200000524520874,0.28200000524520874
2020-07-15 13:30:00+00:00,0.26899999380111694,0.26899999380111694,0.26899999380111694,0.26899999380111694
2020-07-16 13:30:00+00:00,0.26899999380111694,0.26899999380111694,0.26899999380111694,0.26899999380111694
2020-07-17 13:30:00+00:00,0.2639999985694885,0.2639999985694885,0.25999999046325684,0.25999999046325684
2020-07-20 13:30:00+00:00,0.25,0.25,0.25,0.25
2020-07-21 13:30:00+00:00,0.25,0.25,0.25,0.25
2020-07-22 13:30:00+00:00,0.2750000059604645,0.2750000059604645,0.2750000059604645,0.2750000059604645
2020-07-23 13:30:00+00:00,0.2630000114440918,0.2630000114440918,0.25200000405311584,0.25200000405311584
2020-07-24 13:30:00+00:00,0.2720000147819519,0.2720000147819519,0.2720000147819519,0.2720000147819519
2020-07-27 13:30:00+00:00,0.3190000057220459,0.32600000500679016,0.3190000057220459,0.32600000500679016
2020-07-28 13:30:00+00:00,0.36500000953674316,0.36500000953674316,0.33399999141693115,0.33500000834465027
2020-07-29 13:30:00+00:00,0.33799999952316284,0.33799999952316284,0.33799999952316284,0.33799999952316284
2020-07-30 13:30:00+00:00,0.33799999952316284,0.33799999952316284,0.33799999952316284,0.33799999952316284
2020-07-31 13:30:00+00:00,0.33799999952316284,0.33799999952316284,0.33799999952316284,0.33799999952316284
2020-08-03 13:30:00+00:00,0.33799999952316284,0.33799999952316284,0.33799999952316284,0.33799999952316284
2020-08-04 13:30:00+00:00,0.328000009059906,0.33000001311302185,0.328000009059906,0.33000001311302185
2020-08-05 13:30:00+00:00,0.36800000071525574,0.36800000071525574,0.35100001096725464,0.35100001096725464
2020-08-06 13:30:00+00:00,0.3799999952316284,0.4000000059604645,0.3700000047683716,0.4000000059604645
2020-08-07 13:30:00+00:00,0.37400001287460327,0.37400001287460327,0.3580000102519989,0.3700000047683716
2020-08-10 13:30:00+00:00,0.3700000047683716,0.40299999713897705,0.3409999907016754,0.3799999952316284
2020-08-11 13:30:00+00:00,0.3610000014305115,0.3610000014305115,0.32499998807907104,0.3479999899864197
2020-08-12 13:30:00+00:00,0.3449999988079071,0.3449999988079071,0.3330000042915344,0.3400000035762787
2020-08-13 13:30:00+00:00,0.3400000035762787,0.3400000035762787,0.3310000002384186,0.3310000002384186
2020-08-14 13:30:00+00:00,0.3310000002384186,0.382999986410141,0.3310000002384186,0.3529999852180481
2020-08-17 13:30:00+00:00,0.367000013589859,0.3700000047683716,0.367000013589859,0.3700000047683716
2020-08-18 13:30:00+00:00,0.35100001096725464,0.3700000047683716,0.35100001096725464,0.3700000047683716
2020-08-19 13:30:00+00:00,0.36899998784065247,0.36899998784065247,0.3529999852180481,0.3529999852180481
2020-08-20 13:30:00+00:00,0.35199999809265137,0.35199999809265137,0.3499999940395355,0.3499999940395355
2020-08-21 13:30:00+00:00,0.34299999475479126,0.34299999475479126,0.32600000500679016,0.34299999475479126
2020-08-24 13:30:00+00:00,0.33000001311302185,0.33000001311302185,0.33000001311302185,0.33000001311302185
2020-08-25 13:30:00+00:00,0.33000001311302185,0.33000001311302185,0.33000001311302185,0.33000001311302185
2020-08-26 13:30:00+00:00,0.3140000104904175,0.3400000035762787,0.3140000104904175,0.3400000035762787
2020-08-27 13:30:00+00:00,0.33000001311302185,0.33000001311302185,0.33000001311302185,0.33000001311302185
2020-08-28 13:30:00+00:00,0.32899999618530273,0.33799999952316284,0.3199999928474426,0.335999995470047
2020-08-31 13:30:00+00:00,0.3400000035762787,0.3400000035762787,0.3400000035762787,0.3400000035762787
2020-09-01 13:30:00+00:00,0.3409999907016754,0.3499999940395355,0.3409999907016754,0.3499999940395355
2020-09-02 13:30:00+00:00,0.3440000116825104,0.3440000116825104,0.3440000116825104,0.3440000116825104
2020-09-03 13:30:00+00:00,0.3199999928474426,0.3230000138282776,0.3140000104904175,0.3140000104904175
2020-09-04 13:30:00+00:00,0.3109999895095825,0.3160000145435333,0.3100000023841858,0.3160000145435333
2020-09-08 13:30:00+00:00,0.296999990940094,0.296999990940094,0.27399998903274536,0.27399998903274536
2020-09-09 13:30:00+00:00,0.27399998903274536,0.27399998903274536,0.27399998903274536,0.27399998903274536
2020-09-10 13:30:00+00:00,0.2840000092983246,0.2840000092983246,0.28299999237060547,0.28299999237060547
2020-09-11 13:30:00+00:00,0.30000001192092896,0.3050000071525574,0.30000001192092896,0.30000001192092896
2020-09-14 13:30:00+00:00,0.30000001192092896,0.30000001192092896,0.30000001192092896,0.30000001192092896
2020-09-15 13:30:00+00:00,0.2759999930858612,0.2759999930858612,0.27000001072883606,0.27000001072883606
2020-09-16 13:30:00+00:00,0.2800000011920929,0.2800000011920929,0.2720000147819519,0.2720000147819519
2020-09-17 13:30:00+00:00,0.2720000147819519,0.2720000147819519,0.2720000147819519,0.2720000147819519
2020-09-18 13:30:00+00:00,0.27000001072883606,0.27000001072883606,0.2669999897480011,0.2669999897480011
2020-09-21 13:30:00+00:00,0.25999999046325684,0.25999999046325684,0.25999999046325684,0.25999999046325684
2020-09-22 13:30:00+00:00,0.26600000262260437,0.26600000262260437,0.25099998712539673,0.26499998569488525
2020-09-23 13:30:00+00:00,0.26499998569488525,0.26499998569488525,0.26499998569488525,0.26499998569488525
2020-09-24 13:30:00+00:00,0.2549999952316284,0.25999999046325684,0.2549999952316284,0.2590000033378601
2020-09-25 13:30:00+00:00,0.2590000033378601,0.2590000033378601,0.2590000033378601,0.2590000033378601
2020-09-28 13:30:00+00:00,0.2590000033378601,0.2590000033378601,0.24400000274181366,0.25
2020-09-29 13:30:00+00:00,0.25,0.2549999952316284,0.23000000417232513,0.2549999952316284
2020-09-30 13:30:00+00:00,0.23399999737739563,0.24300000071525574,0.21899999678134918,0.23999999463558197
2020-10-01 13:30:00+00:00,0.23999999463558197,0.23999999463558197,0.23999999463558197,0.23999999463558197
2020-10-02 13:30:00+00:00,0.23999999463558197,0.23999999463558197,0.23999999463558197,0.23999999463558197
2020-10-05 13:30:00+00:00,0.2329999953508377,0.2329999953508377,0.21400000154972076,0.2280000001192093
2020-10-06 13:30:00+00:00,0.2280000001192093,0.2280000001192093,0.2280000001192093,0.2280000001192093
2020-10-07 13:30:00+00:00,0.2280000001192093,0.2280000001192093,0.2280000001192093,0.2280000001192093
2020-10-08 13:30:00+00:00,0.2280000001192093,0.2280000001192093,0.2240000069141388,0.2240000069141388
2020-10-09 13:30:00+00:00,0.22100000083446503,0.22100000083446503,0.2199999988079071,0.2199999988079071
2020-10-12 13:30:00+00:00,0.2199999988079071,0.2199999988079071,0.2199999988079071,0.2199999988079071
2020-10-13 13:30:00+00:00,0.2199999988079071,0.23399999737739563,0.21899999678134918,0.23399999737739563
2020-10-14 13:30:00+00:00,0.2199999988079071,0.23000000417232513,0.2199999988079071,0.23000000417232513
2020-10-15 13:30:00+00:00,0.23000000417232513,0.23000000417232513,0.23000000417232513,0.23000000417232513
2020-10-16 13:30:00+00:00,0.23000000417232513,0.23000000417232513,0.23000000417232513,0.23000000417232513
2020-10-19 13:30:00+00:00,0.23000000417232513,0.23000000417232513,0.23000000417232513,0.23000000417232513
2020-10-20 13:30:00+00:00,0.23000000417232513,0.23000000417232513,0.23000000417232513,0.23000000417232513
2020-10-21 13:30:00+00:00,0.2809999883174896,0.28600001335144043,0.2800000011920929,0.28299999237060547
2020-10-22 13:30:00+00:00,0.28299999237060547,0.28299999237060547,0.28299999237060547,0.28299999237060547
2020-10-23 13:30:00+00:00,0.27900001406669617,0.28999999165534973,0.2709999978542328,0.2709999978542328
2020-10-26 13:30:00+00:00,0.2800000011920929,0.2800000011920929,0.2800000011920929,0.2800000011920929
2020-10-27 13:30:00+00:00,0.3310000002384186,0.3700000047683716,0.3310000002384186,0.3580000102519989
2020-10-28 13:30:00+00:00,0.3199999928474426,0.3199999928474426,0.3199999928474426,0.3199999928474426
2020-10-29 13:30:00+00:00,0.37700000405311584,0.37700000405311584,0.35499998927116394,0.3700000047683716
2020-10-30 13:30:00+00:00,0.36899998784065247,0.36899998784065247,0.36800000071525574,0.36800000071525574
2020-11-02 14:30:00+00:00,0.3959999978542328,0.3959999978542328,0.3799999952316284,0.3959999978542328
2020-11-03 14:30:00+00:00,0.3959999978542328,0.3959999978542328,0.3959999978542328,0.3959999978542328
2020-11-04 14:30:00+00:00,0.4169999957084656,0.4300000071525574,0.4169999957084656,0.4300000071525574
2020-11-05 14:30:00+00:00,0.5109999775886536,0.5189999938011169,0.47200000286102295,0.4950000047683716
2020-11-06 14:30:00+00:00,0.5080000162124634,0.5170000195503235,0.503000020980835,0.5099999904632568
2020-11-09 14:30:00+00:00,0.4749999940395355,0.4749999940395355,0.41499999165534973,0.41499999165534973
2020-11-10 14:30:00+00:00,0.4000000059604645,0.4000000059604645,0.4000000059604645,0.4000000059604645
2020-11-11 14:30:00+00:00,0.4000000059604645,0.4000000059604645,0.4000000059604645,0.4000000059604645
2020-11-12 14:30:00+00:00,0.45500001311302185,0.45500001311302185,0.4300000071525574,0.4300000071525574
2020-11-13 14:30:00+00:00,0.39800000190734863,0.4830000102519989,0.39800000190734863,0.4830000102519989
2020-11-16 14:30:00+00:00,0.453000009059906,0.800000011920929,0.453000009059906,0.4860000014305115
2020-11-17 14:30:00+00:00,0.4860000014305115,0.5400000214576721,0.4860000014305115,0.5299999713897705
2020-11-18 14:30:00+00:00,0.5619999766349792,0.5799999833106995,0.5,0.5
2020-11-19 14:30:00+00:00,0.5080000162124634,0.5329999923706055,0.5080000162124634,0.5099999904632568
2020-11-20 14:30:00+00:00,0.546999990940094,0.5569999814033508,0.5299999713897705,0.5450000166893005
2020-11-23 14:30:00+00:00,0.546999990940094,0.6259999871253967,0.5400000214576721,0.6240000128746033
2020-11-24 14:30:00+00:00,0.6990000009536743,0.7070000171661377,0.6259999871253967,0.6660000085830688
2020-11-25 14:30:00+00:00,0.6899999976158142,0.7099999785423279,0.6499999761581421,0.6499999761581421
2020-11-27 14:30:00+00:00,0.5120000243186951,0.5590000152587891,0.4970000088214874,0.503000020980835
2020-11-30 14:30:00+00:00,0.6520000100135803,0.75,0.5950000286102295,0.6299999952316284
2020-12-01 14:30:00+00:00,0.6140000224113464,0.6380000114440918,0.5979999899864197,0.6000000238418579
2020-12-02 14:30:00+00:00,0.6309999823570251,0.6309999823570251,0.5899999737739563,0.6060000061988831
2020-12-03 14:30:00+00:00,0.6079999804496765,0.6299999952316284,0.5849999785423279,0.6000000238418579
2020-12-04 14:30:00+00:00,0.6110000014305115,0.6110000014305115,0.5600000023841858,0.5759999752044678
2020-12-07 14:30:00+00:00,0.550000011920929,0.5759999752044678,0.5410000085830688,0.5600000023841858
2020-12-08 14:30:00+00:00,0.550000011920929,0.550000011920929,0.5,0.5180000066757202
2020-12-09 14:30:00+00:00,0.5249999761581421,0.5299999713897705,0.47099998593330383,0.49000000953674316
2020-12-10 14:30:00+00:00,0.492000013589859,0.5400000214576721,0.4819999933242798,0.5400000214576721
2020-12-11 14:30:00+00:00,0.5220000147819519,0.527999997138977,0.5099999904632568,0.5099999904632568
2020-12-14 14:30:00+00:00,0.5479999780654907,0.578000009059906,0.5049999952316284,0.578000009059906
2020-12-15 14:30:00+00:00,0.578000009059906,0.699999988079071,0.5699999928474426,0.6510000228881836
2020-12-16 14:30:00+00:00,0.7559999823570251,1.0,0.7319999933242798,0.7950000166893005
2020-12-17 14:30:00+00:00,0.9259999990463257,1.350000023841858,0.8899999856948853,1.1160000562667847
2020-12-18 14:30:00+00:00,1.059999942779541,1.440000057220459,0.9929999709129333,1.0700000524520874
2020-12-21 14:30:00+00:00,1.0570000410079956,2.0,1.0529999732971191,1.3700000047683716
2020-12-22 14:30:00+00:00,1.5089999437332153,2.325000047683716,1.496999979019165,2.2939999103546143
2020-12-23 14:30:00+00:00,2.450000047683716,2.9000000953674316,1.8339999914169312,1.8630000352859497
2020-12-24 14:30:00+00:00,1.7879999876022339,1.9830000400543213,1.4500000476837158,1.649999976158142
2020-12-28 14:30:00+00:00,2.450000047683716,10.0,1.9600000381469727,2.299999952316284
2020-12-29 14:30:00+00:00,2.190999984741211,2.4000000953674316,1.8799999952316284,1.9500000476837158
2020-12-30 14:30:00+00:00,2.25,2.25,2.0,2.118000030517578
2020-12-31 14:30:00+00:00,2.0,2.200000047683716,1.8240000009536743,1.899999976158142
2021-01-04 14:30:00+00:00,2.247999906539917,2.5,1.8200000524520874,1.8600000143051147
2021-01-05 14:30:00+00:00,1.9249999523162842,1.9500000476837158,1.7799999713897705,1.909999966621399
2021-01-06 14:30:00+00:00,2.0320000648498535,2.200000047683716,1.9229999780654907,2.119999885559082
2021-01-07 14:30:00+00:00,2.361999988555908,2.75,2.25,2.437999963760376
2021-01-08 14:30:00+00:00,2.799999952316284,3.200000047683716,2.5199999809265137,3.1610000133514404
2021-01-11 14:30:00+00:00,2.321000099182129,2.990000009536743,2.2239999771118164,2.765000104904175
2021-01-12 14:30:00+00:00,2.8499999046325684,3.503000020980835,2.700000047683716,3.3499999046325684
2021-01-13 14:30:00+00:00,4.590000152587891,4.590000152587891,3.1080000400543213,3.3499999046325684
2021-01-14 14:30:00+00:00,3.75,4.084000110626221,3.75,3.940000057220459
2021-01-15 14:30:00+00:00,3.950000047683716,3.950000047683716,3.25,3.388000011444092
2021-01-19 14:30:00+00:00,3.4000000953674316,3.4700000286102295,2.8499999046325684,3.25
2021-01-20 14:30:00+00:00,3.1500000953674316,3.200000047683716,2.4000000953674316,2.796999931335449
2021-01-21 14:30:00+00:00,2.490000009536743,2.5999999046325684,2.109999895095825,2.359999895095825
2021-01-22 14:30:00+00:00,2.490999937057495,2.6500000953674316,2.359999895095825,2.450000047683716
2021-01-25 14:30:00+00:00,2.5299999713897705,2.690000057220459,2.25,2.2699999809265137
2021-01-26 14:30:00+00:00,2.200000047683716,2.25,2.0,2.0299999713897705
2021-01-27 14:30:00+00:00,1.8969999551773071,2.2249999046325684,1.7999999523162842,1.8799999952316284
2021-01-28 14:30:00+00:00,1.899999976158142,2.325000047683716,1.7999999523162842,2.0999999046325684
2021-01-29 14:30:00+00:00,2.690000057220459,2.7130000591278076,2.200000047683716,2.680000066757202
2021-02-01 14:30:00+00:00,2.8499999046325684,2.8499999046325684,2.369999885559082,2.562000036239624
2021-02-02 14:30:00+00:00,2.6500000953674316,2.940000057220459,2.5999999046325684,2.819999933242798
2021-02-03 14:30:00+00:00,3.0,3.055000066757202,2.8429999351501465,3.052000045776367
2021-02-04 14:30:00+00:00,3.119999885559082,3.2899999618530273,2.75,2.9000000953674316
2021-02-05 14:30:00+00:00,3.190000057220459,3.190000057220459,2.819999933242798,2.990000009536743
2021-02-08 14:30:00+00:00,4.0,4.050000190734863,3.121999979019165,3.2100000381469727
2021-02-09 14:30:00+00:00,3.3420000076293945,3.5899999141693115,3.2100000381469727,3.5899999141693115
2021-02-10 14:30:00+00:00,3.5429999828338623,3.7899999618530273,3.059999942779541,3.2899999618530273
2021-02-11 14:30:00+00:00,3.2699999809265137,3.549999952316284,3.0,3.308000087738037
2021-02-12 14:30:00+00:00,3.3429999351501465,3.75,3.1500000953674316,3.4730000495910645
2021-02-16 14:30:00+00:00,3.691999912261963,3.990000009536743,3.5999999046325684,3.75
2021-02-17 14:30:00+00:00,4.0,4.800000190734863,3.869999885559082,4.650000095367432
2021-02-18 14:30:00+00:00,4.855000019073486,6.239999771118164,4.718999862670898,5.591000080108643
2021-02-19 14:30:00+00:00,6.5,7.0,6.170000076293945,6.309999942779541
2021-02-22 14:30:00+00:00,5.192999839782715,8.5,5.019999980926514,6.4039998054504395
2021-02-23 14:30:00+00:00,5.699999809265137,5.730000019073486,4.440000057220459,4.960000038146973
2021-02-24 14:30:00+00:00,5.690000057220459,5.85699987411499,5.160999774932861,5.248000144958496
2021-02-25 14:30:00+00:00,5.550000190734863,5.670000076293945,4.566999912261963,4.699999809265137
2021-02-26 14:30:00+00:00,4.369999885559082,5.050000190734863,4.25,4.630000114440918
2021-03-01 14:30:00+00:00,5.070000171661377,5.289999961853027,4.949999809265137,5.179999828338623
2021-03-02 14:30:00+00:00,5.579999923706055,5.889999866485596,5.25,5.380000114440918
2021-03-03 14:30:00+00:00,5.71999979019165,5.849999904632568,5.389999866485596,5.414999961853027
2021-03-04 14:30:00+00:00,5.400000095367432,5.401000022888184,4.210000038146973,4.645999908447266
2021-03-05 14:30:00+00:00,4.730000019073486,4.829999923706055,3.630000114440918,4.650000095367432
2021-03-08 14:30:00+00:00,4.743000030517578,4.809999942779541,4.460000038146973,4.505000114440918
2021-03-09 14:30:00+00:00,4.820000171661377,5.079999923706055,4.695000171661377,4.818999767303467
2021-03-10 14:30:00+00:00,5.119999885559082,5.203999996185303,4.670000076293945,5.006999969482422
2021-03-11 14:30:00+00:00,5.079999923706055,5.150000095367432,4.869999885559082,5.052000045776367
2021-03-12 14:30:00+00:00,4.789999961853027,5.179999828338623,4.495999813079834,5.051000118255615
2021-03-15 13:30:00+00:00,5.159999847412109,5.46999979019165,5.050000190734863,5.251999855041504
2021-03-16 13:30:00+00:00,5.199999809265137,5.360000133514404,4.927999973297119,5.059999942779541
2021-03-17 13:30:00+00:00,5.019999980926514,5.316999912261963,4.75,5.289999961853027
2021-03-18 13:30:00+00:00,5.179999828338623,5.920000076293945,5.040999889373779,5.099999904632568
2021-03-19 13:30:00+00:00,5.28000020980835,5.449999809265137,5.124000072479248,5.320000171661377
2021-03-22 13:30:00+00:00,5.400000095367432,5.440000057220459,5.150000095367432,5.199999809265137
2021-03-23 13:30:00+00:00,5.099999904632568,5.5,4.889999866485596,5.360000133514404
2021-03-24 13:30:00+00:00,5.800000190734863,5.900000095367432,5.150000095367432,5.298999786376953
2021-03-25 13:30:00+00:00,4.636000156402588,5.1519999504089355,4.300000190734863,4.885000228881836
2021-03-26 13:30:00+00:00,5.079999923706055,5.239999771118164,4.840000152587891,5.0
2021-03-29 13:30:00+00:00,5.170000076293945,5.269999980926514,4.763000011444092,4.849999904632568
2021-03-30 13:30:00+00:00,4.9120001792907715,5.0,4.849999904632568,5.0
2021-03-31 13:30:00+00:00,4.958000183105469,5.119999885559082,4.900000095367432,5.070000171661377
2021-04-01 13:30:00+00:00,5.031000137329102,5.099999904632568,4.886000156402588,4.96999979019165
2021-04-05 13:30:00+00:00,5.0,5.429999828338623,4.860000133514404,5.206999778747559
2021-04-06 13:30:00+00:00,5.489999771118164,5.489999771118164,5.159999847412109,5.320000171661377
2021-04-07 13:30:00+00:00,5.21999979019165,5.300000190734863,5.0,5.297999858856201
2021-04-08 13:30:00+00:00,5.329999923706055,5.400000095367432,5.199999809265137,5.230000019073486
2021-04-09 13:30:00+00:00,5.300000190734863,5.309999942779541,5.099999904632568,5.146999835968018
2021-04-12 13:30:00+00:00,5.21999979019165,5.300000190734863,5.043000221252441,5.119999885559082
2021-04-13 13:30:00+00:00,5.260000228881836,5.28000020980835,4.869999885559082,4.954999923706055
2021-04-14 13:30:00+00:00,5.0,5.039999961853027,4.25,4.340000152587891
2021-04-15 13:30:00+00:00,4.329999923706055,4.5,3.869999885559082,4.389999866485596
2021-04-16 13:30:00+00:00,4.360000133514404,4.360000133514404,3.9600000381469727,4.099999904632568
2021-04-19 13:30:00+00:00,3.9000000953674316,4.0,3.361999988555908,3.509999990463257
2021-04-20 13:30:00+00:00,3.569999933242798,3.569999933242798,3.119999885559082,3.3299999237060547
2021-04-21 13:30:00+00:00,3.299999952316284,3.680000066757202,3.25,3.609999895095825
2021-04-22 13:30:00+00:00,3.7100000381469727,3.7100000381469727,3.2209999561309814,3.3399999141693115
2021-04-23 13:30:00+00:00,3.059999942779541,3.619999885559082,2.880000114440918,3.5899999141693115
2021-04-26 13:30:00+00:00,3.990000009536743,4.590000152587891,3.8550000190734863,4.340000152587891
2021-04-27 13:30:00+00:00,4.599999904632568,4.659999847412109,4.361999988555908,4.389999866485596
2021-04-28 13:30:00+00:00,4.349999904632568,4.639999866485596,4.349999904632568,4.590000152587891
2021-04-29 13:30:00+00:00,4.690000057220459,4.909999847412109,4.550000190734863,4.767000198364258
2021-04-30 13:30:00+00:00,4.96999979019165,5.400000095367432,4.769999980926514,5.349999904632568
2021-05-03 13:30:00+00:00,5.75,5.900000095367432,5.349999904632568,5.710000038146973
2021-05-04 13:30:00+00:00,5.440000057220459,5.5,4.880000114440918,5.063000202178955
2021-05-05 13:30:00+00:00,5.159999847412109,5.449999809265137,5.110000133514404,5.28000020980835
2021-05-06 13:30:00+00:00,5.300000190734863,5.619999885559082,4.960000038146973,5.0
2021-05-07 13:30:00+00:00,5.590000152587891,6.590000152587891,5.579999923706055,6.260000228881836
2021-05-10 13:30:00+00:00,6.739999771118164,7.326000213623047,5.409999847412109,5.49399995803833
2021-05-11 13:30:00+00:00,5.190000057220459,6.099999904632568,4.789999961853027,5.638999938964844
2021-05-12 13:30:00+00:00,5.860000133514404,6.019999980926514,5.260000228881836,5.449999809265137
2021-05-13 13:30:00+00:00,5.5,5.590000152587891,4.570000171661377,4.980000019073486
2021-05-14 13:30:00+00:00,5.329999923706055,5.570000171661377,5.199999809265137,5.329999923706055
2021-05-17 13:30:00+00:00,5.192999839782715,5.326000213623047,4.769999980926514,4.880000114440918
2021-05-18 13:30:00+00:00,4.610000133514404,4.699999809265137,4.360000133514404,4.380000114440918
2021-05-19 13:30:00+00:00,3.8299999237060547,4.510000228881836,3.700000047683716,4.139999866485596
2021-05-20 13:30:00+00:00,4.5,4.78000020980835,4.25,4.420000076293945
2021-05-21 13:30:00+00:00,4.611000061035156,4.704999923706055,4.019999980926514,4.159999847412109
2021-05-24 13:30:00+00:00,4.480000019073486,5.050000190734863,4.25,5.034999847412109
2021-05-25 13:30:00+00:00,4.999000072479248,5.0,4.400000095367432,4.460000038146973
2021-05-26 13:30:00+00:00,4.556000232696533,4.760000228881836,4.489999771118164,4.539999961853027
2021-05-27 13:30:00+00:00,4.699999809265137,4.699999809265137,4.400000095367432,4.5
2021-05-28 13:30:00+00:00,4.480000019073486,4.480000019073486,4.229000091552734,4.255000114440918
2021-06-01 13:30:00+00:00,4.349999904632568,4.650000095367432,4.230000019073486,4.480999946594238
2021-06-02 13:30:00+00:00,4.5,4.630000114440918,4.5,4.539999961853027
2021-06-03 13:30:00+00:00,4.570000171661377,4.636000156402588,4.410999774932861,4.525000095367432
2021-06-04 13:30:00+00:00,4.480000019073486,4.53000020980835,4.380000114440918,4.505000114440918
2021-06-07 13:30:00+00:00,4.5,4.53000020980835,4.400000095367432,4.5
2021-06-08 13:30:00+00:00,4.320000171661377,4.360000133514404,3.8299999237060547,4.25
2021-06-09 13:30:00+00:00,4.429999828338623,4.5,4.28000020980835,4.420000076293945
2021-06-10 13:30:00+00:00,4.420000076293945,4.449999809265137,4.215000152587891,4.309999942779541
2021-06-11 13:30:00+00:00,4.349999904632568,4.349999904632568,3.8929998874664307,4.034999847412109
2021-06-14 13:30:00+00:00,4.309999942779541,4.36299991607666,4.119999885559082,4.179999828338623
2021-06-15 13:30:00+00:00,4.210000038146973,4.300000190734863,3.950000047683716,4.159999847412109
2021-06-16 13:30:00+00:00,4.159999847412109,4.170000076293945,3.9100000858306885,3.9600000381469727
2021-06-17 13:30:00+00:00,4.079999923706055,4.71999979019165,3.9240000247955322,4.380000114440918
2021-06-18 13:30:00+00:00,4.489999771118164,4.493000030517578,4.070000171661377,4.269999980926514
2021-06-21 13:30:00+00:00,4.039999961853027,4.110000133514404,3.9000000953674316,3.9600000381469727
2021-06-22 13:30:00+00:00,3.75,4.349999904632568,3.299999952316284,4.099999904632568
2021-06-23 13:30:00+00:00,4.46999979019165,4.46999979019165,4.260000228881836,4.300000190734863
2021-06-24 13:30:00+00:00,4.400000095367432,4.460000038146973,4.300000190734863,4.340000152587891
2021-06-25 13:30:00+00:00,4.230000019073486,4.306000232696533,4.010000228881836,4.059999942779541
2021-06-28 13:30:00+00:00,4.205999851226807,4.230000019073486,3.950000047683716,4.0
2021-06-29 13:30:00+00:00,4.150000095367432,4.21999979019165,3.990000009536743,4.050000190734863
2021-06-30 13:30:00+00:00,3.990000009536743,4.119999885559082,3.8399999141693115,3.940000057220459
2021-07-01 13:30:00+00:00,3.9100000858306885,4.090000152587891,3.75,3.75
2021-07-02 13:30:00+00:00,3.890000104904175,4.070000171661377,3.8329999446868896,4.059999942779541
2021-07-06 13:30:00+00:00,4.139999866485596,4.179999828338623,3.940000057220459,3.9800000190734863
2021-07-07 13:30:00+00:00,4.079999923706055,4.1479997634887695,3.9600000381469727,4.119999885559082
2021-07-08 13:30:00+00:00,3.8299999237060547,3.9700000286102295,3.8299999237060547,3.888000011444092
2021-07-09 13:30:00+00:00,3.9000000953674316,3.9700000286102295,3.880000114440918,3.9000000953674316
2021-07-12 13:30:00+00:00,3.9200000762939453,3.924999952316284,3.7699999809265137,3.819999933242798
2021-07-13 13:30:00+00:00,3.799999952316284,3.809999942779541,3.505000114440918,3.509999990463257
2021-07-14 13:30:00+00:00,3.609999895095825,3.690000057220459,3.4100000858306885,3.490000009536743
2021-07-15 13:30:00+00:00,3.430000066757202,3.450000047683716,3.1700000762939453,3.390000104904175
2021-07-16 13:30:00+00:00,3.4700000286102295,3.4700000286102295,3.140000104904175,3.1600000858306885
2021-07-19 13:30:00+00:00,3.049999952316284,3.1600000858306885,2.940000057220459,3.049999952316284
2021-07-20 13:30:00+00:00,3.009999990463257,3.2100000381469727,2.809999942779541,3.190000057220459
2021-07-21 13:30:00+00:00,3.3499999046325684,3.609999895095825,3.309999942779541,3.359999895095825
2021-07-22 13:30:00+00:00,3.369999885559082,3.5399999618530273,3.309999942779541,3.3499999046325684
2021-07-23 13:30:00+00:00,3.4000000953674316,3.450000047683716,3.2100000381469727,3.2899999618530273
2021-07-26 13:30:00+00:00,3.7799999713897705,4.380000114440918,3.6500000953674316,4.320000171661377
2021-07-27 13:30:00+00:00,4.019999980926514,4.099999904632568,3.5999999046325684,3.759999990463257
2021-07-28 13:30:00+00:00,4.010000228881836,4.110000133514404,3.890000104904175,3.940000057220459
2021-07-29 13:30:00+00:00,3.990000009536743,4.019999980926514,3.7699999809265137,3.8499999046325684
2021-07-30 13:30:00+00:00,3.8499999046325684,4.230000019073486,3.7799999713897705,4.190000057220459
2021-08-02 13:30:00+00:00,4.610000133514404,4.840000152587891,4.269999980926514,4.369999885559082
2021-08-03 13:30:00+00:00,4.21999979019165,4.519999980926514,4.059999942779541,4.369999885559082
2021-08-04 13:30:00+00:00,4.550000190734863,4.739999771118164,4.480000019073486,4.739999771118164
2021-08-05 13:30:00+00:00,4.510000228881836,5.46999979019165,4.5,5.130000114440918
2021-08-06 13:30:00+00:00,5.480000019073486,6.110000133514404,5.25,5.949999809265137
2021-08-09 13:30:00+00:00,6.789999961853027,7.190000057220459,6.489999771118164,6.610000133514404
2021-08-10 13:30:00+00:00,6.579999923706055,6.730000019073486,5.880000114440918,6.590000152587891
2021-08-11 13:30:00+00:00,6.769999980926514,7.46999979019165,6.519999980926514,7.079999923706055
2021-08-12 13:30:00+00:00,6.699999809265137,6.71999979019165,6.300000190734863,6.510000228881836
2021-08-13 13:30:00+00:00,6.960000038146973,7.360000133514404,6.664999961853027,6.78000020980835
2021-08-16 13:30:00+00:00,6.89900016784668,6.89900016784668,6.369999885559082,6.389999866485596
2021-08-17 13:30:00+00:00,6.010000228881836,6.309999942779541,5.349999904632568,5.429999828338623
2021-08-18 13:30:00+00:00,5.409999847412109,6.130000114440918,5.380000114440918,5.630000114440918
2021-08-19 13:30:00+00:00,5.546999931335449,5.900000095367432,5.409999847412109,5.789999961853027
2021-08-20 13:30:00+00:00,5.960000038146973,6.28000020980835,5.809999942779541,5.900000095367432
2021-08-23 13:30:00+00:00,6.360000133514404,6.440000057220459,5.610000133514404,5.739999771118164
2021-08-24 13:30:00+00:00,5.699999809265137,5.708000183105469,5.210000038146973,5.579999923706055
2021-08-25 13:30:00+00:00,5.429999828338623,5.789999961853027,5.349999904632568,5.670000076293945
2021-08-26 13:30:00+00:00,5.539999961853027,5.698999881744385,5.429999828338623,5.46999979019165
2021-08-27 13:30:00+00:00,5.570000171661377,6.03000020980835,5.53000020980835,5.929999828338623
2021-08-30 13:30:00+00:00,5.78000020980835,6.059999942779541,5.639999866485596,5.960000038146973
2021-08-31 13:30:00+00:00,5.96999979019165,5.980000019073486,5.739999771118164,5.889999866485596
2021-09-01 13:30:00+00:00,5.880000114440918,6.179999828338623,5.829999923706055,5.880000114440918
2021-09-02 13:30:00+00:00,6.159999847412109,6.159999847412109,5.889999866485596,5.940000057220459
2021-09-03 13:30:00+00:00,6.079999923706055,6.519999980926514,5.994999885559082,6.409999847412109
2021-09-07 13:30:00+00:00,6.650000095367432,6.670000076293945,5.550000190734863,5.909999847412109
2021-09-08 13:30:00+00:00,5.8379998207092285,6.050000190734863,5.400000095367432,5.920000076293945
2021-09-09 13:30:00+00:00,6.0879998207092285,6.179999828338623,5.900000095367432,5.940000057220459
2021-09-10 13:30:00+00:00,5.860000133514404,5.940000057220459,5.539999961853027,5.570000171661377
2021-09-13 13:30:00+00:00,5.460000038146973,5.739999771118164,5.349999904632568,5.519999980926514
2021-09-14 13:30:00+00:00,5.650000095367432,5.75,5.449999809265137,5.53000020980835
2021-09-15 13:30:00+00:00,5.650000095367432,5.710000038146973,5.460000038146973,5.489999771118164
2021-09-16 13:30:00+00:00,5.480000019073486,5.539000034332275,5.260000228881836,5.28000020980835
2021-09-17 13:30:00+00:00,5.269999980926514,5.369999885559082,5.119999885559082,5.119999885559082
2021-09-20 13:30:00+00:00,4.735000133514404,4.769999980926514,4.389999866485596,4.429999828338623
2021-09-21 13:30:00+00:00,4.460000038146973,4.550000190734863,4.224999904632568,4.260000228881836
2021-09-22 13:30:00+00:00,4.300000190734863,4.760000228881836,4.289999961853027,4.650000095367432
2021-09-23 13:30:00+00:00,4.880000114440918,5.045000076293945,4.711999893188477,5.019999980926514
2021-09-24 13:30:00+00:00,4.650000095367432,5.090000152587891,4.579999923706055,4.840000152587891
2021-09-27 13:30:00+00:00,4.860000133514404,4.965000152587891,4.559999942779541,4.590000152587891
2021-09-28 13:30:00+00:00,4.5,4.539999961853027,4.25,4.300000190734863
2021-09-29 13:30:00+00:00,4.360000133514404,4.454999923706055,4.139999866485596,4.150000095367432
2021-09-30 13:30:00+00:00,4.380000114440918,4.510000228881836,4.190000057220459,4.25
2021-10-01 13:30:00+00:00,4.71999979019165,5.050000190734863,4.599999904632568,5.03000020980835
2021-10-04 13:30:00+00:00,5.079999923706055,5.139999866485596,4.730000019073486,4.960000038146973
2021-10-05 13:30:00+00:00,5.179999828338623,5.389999866485596,5.050000190734863,5.230000019073486
2021-10-06 13:30:00+00:00,5.510000228881836,5.53000020980835,4.949999809265137,5.179999828338623
2021-10-07 13:30:00+00:00,5.03000020980835,5.230000019073486,4.945000171661377,5.03000020980835
2021-10-08 13:30:00+00:00,5.159999847412109,5.170000076293945,4.96999979019165,5.130000114440918
2021-10-11 13:30:00+00:00,5.239999771118164,5.485000133514404,5.144999980926514,5.25
2021-10-12 13:30:00+00:00,5.179999828338623,5.210000038146973,4.800000190734863,4.900000095367432
2021-10-13 13:30:00+00:00,4.909999847412109,5.150000095367432,4.78000020980835,5.03000020980835
2021-10-14 13:30:00+00:00,5.159999847412109,5.170000076293945,4.9710001945495605,5.0
2021-10-15 13:30:00+00:00,5.210000038146973,5.479000091552734,5.110000133514404,5.380000114440918
2021-10-18 13:30:00+00:00,5.480000019073486,5.840000152587891,5.409999847412109,5.599999904632568
2021-10-19 13:30:00+00:00,5.710000038146973,5.839000225067139,5.269999980926514,5.679999828338623
2021-10-20 13:30:00+00:00,5.699999809265137,6.139999866485596,5.650000095367432,5.809999942779541
2021-10-21 13:30:00+00:00,5.789999961853027,5.829999923706055,5.369999885559082,5.480000019073486
2021-10-22 13:30:00+00:00,5.5,5.5,5.079999923706055,5.25
2021-10-25 13:30:00+00:00,5.309999942779541,5.53000020980835,5.269999980926514,5.389999866485596
2021-10-26 13:30:00+00:00,5.340000152587891,5.380000114440918,5.150000095367432,5.210000038146973
2021-10-27 13:30:00+00:00,5.059999942779541,5.170000076293945,4.849999904632568,4.869999885559082
2021-10-28 13:30:00+00:00,5.110000133514404,5.300000190734863,5.019999980926514,5.289999961853027
2021-10-29 13:30:00+00:00,5.269999980926514,5.53000020980835,5.110000133514404,5.119999885559082
2021-11-01 13:30:00+00:00,5.340000152587891,5.570000171661377,5.275000095367432,5.570000171661377
2021-11-02 13:30:00+00:00,5.764999866485596,6.460000038146973,5.682000160217285,6.409999847412109
2021-11-03 13:30:00+00:00,6.28000020980835,6.929999828338623,5.960000038146973,6.849999904632568
2021-11-04 13:30:00+00:00,6.739999771118164,7.579999923706055,6.730000019073486,7.199999809265137
2021-11-05 13:30:00+00:00,7.400000095367432,7.659999847412109,7.090000152587891,7.28000020980835
2021-11-08 14:30:00+00:00,7.980000019073486,8.359999656677246,7.75,8.149999618530273
2021-11-09 14:30:00+00:00,8.5600004196167,8.90999984741211,7.699999809265137,8.869999885559082
2021-11-10 14:30:00+00:00,9.055000305175781,9.359999656677246,7.75,7.900000095367432
2021-11-11 14:30:00+00:00,7.959000110626221,8.369999885559082,7.949999809265137,8.079999923706055
2021-11-12 14:30:00+00:00,7.980000019073486,8.59000015258789,7.679999828338623,8.579999923706055
2021-11-15 14:30:00+00:00,8.829999923706055,9.1899995803833,8.380000114440918,8.609999656677246
2021-11-16 14:30:00+00:00,8.0,9.079999923706055,7.769999980926514,8.430000305175781
2021-11-17 14:30:00+00:00,8.430000305175781,8.65999984741211,8.043999671936035,8.5600004196167
2021-11-18 14:30:00+00:00,8.34000015258789,8.420000076293945,7.421999931335449,7.769999980926514
2021-11-19 14:30:00+00:00,7.98199987411499,8.5600004196167,7.980000019073486,8.180000305175781
2021-11-22 14:30:00+00:00,8.390000343322754,8.390000343322754,7.309999942779541,7.440000057220459
2021-11-23 14:30:00+00:00,7.579999923706055,8.100000381469727,7.5,8.039999961853027
2021-11-24 14:30:00+00:00,7.642000198364258,8.039999961853027,7.369999885559082,7.849999904632568
2021-11-26 14:30:00+00:00,7.340000152587891,7.639999866485596,7.110000133514404,7.139999866485596
2021-11-29 14:30:00+00:00,7.440000057220459,8.020000457763672,7.349999904632568,7.860000133514404
2021-11-30 14:30:00+00:00,7.829999923706055,8.239999771118164,7.210000038146973,7.650000095367432
2021-12-01 14:30:00+00:00,7.980000019073486,8.130000114440918,7.46999979019165,7.599999904632568
2021-12-02 14:30:00+00:00,7.4019999504089355,7.644999980926514,6.840000152587891,7.199999809265137
2021-12-03 14:30:00+00:00,7.230000019073486,7.25,6.010000228881836,6.25
2021-12-06 14:30:00+00:00,5.513999938964844,6.190000057220459,5.309999942779541,6.050000190734863
2021-12-07 14:30:00+00:00,6.517000198364258,6.659999847412109,6.239999771118164,6.340000152587891
2021-12-08 14:30:00+00:00,6.340000152587891,6.489999771118164,6.130000114440918,6.429999828338623
2021-12-09 14:30:00+00:00,6.199999809265137,6.269999980926514,5.75,5.809999942779541
2021-12-10 14:30:00+00:00,6.005000114440918,6.059999942779541,5.510000228881836,5.579999923706055
2021-12-13 14:30:00+00:00,5.360000133514404,5.460000038146973,5.0,5.059999942779541
2021-12-14 14:30:00+00:00,4.960000038146973,5.28000020980835,4.829999923706055,4.960000038146973
2021-12-15 14:30:00+00:00,5.0,5.293000221252441,4.610000133514404,5.210000038146973
2021-12-16 14:30:00+00:00,5.269999980926514,5.400000095367432,4.783999919891357,4.900000095367432
2021-12-17 14:30:00+00:00,4.610000133514404,4.940000057220459,4.510000228881836,4.730000019073486
2021-12-20 14:30:00+00:00,4.478000164031982,4.650000095367432,4.40500020980835,4.550000190734863
2021-12-21 14:30:00+00:00,4.800000190734863,4.960000038146973,4.752999782562256,4.900000095367432
2021-12-22 14:30:00+00:00,4.920000076293945,5.260000228881836,4.860000133514404,5.099999904632568
2021-12-23 14:30:00+00:00,5.105000019073486,5.829999923706055,5.0,5.800000190734863
2021-12-27 14:30:00+00:00,5.840000152587891,6.03000020980835,5.710000038146973,5.960000038146973
2021-12-28 14:30:00+00:00,5.590000152587891,5.789999961853027,5.170000076293945,5.210000038146973
2021-12-29 14:30:00+00:00,5.230000019073486,5.449999809265137,5.039999961853027,5.090000152587891
2021-12-30 14:30:00+00:00,5.159999847412109,5.25,5.059999942779541,5.119999885559082
2021-12-31 14:30:00+00:00,5.210000038146973,5.349999904632568,4.940000057220459,5.050000190734863
2022-01-03 14:30:00+00:00,5.130000114440918,5.260000228881836,5.0,5.050000190734863
2022-01-04 14:30:00+00:00,5.099999904632568,5.389999866485596,5.039999961853027,5.21999979019165
2022-01-05 14:30:00+00:00,5.130000114440918,5.179999828338623,4.572999954223633,4.679999828338623
2022-01-06 14:30:00+00:00,4.460000038146973,4.619999885559082,4.264999866485596,4.53000020980835
2022-01-07 14:30:00+00:00,4.329999923706055,4.539999961853027,4.201000213623047,4.289999961853027
2022-01-10 14:30:00+00:00,4.034999847412109,4.320000171661377,3.990000009536743,4.309999942779541
2022-01-11 14:30:00+00:00,4.275000095367432,4.769999980926514,4.179999828338623,4.710000038146973
2022-01-12 14:30:00+00:00,4.980000019073486,5.110000133514404,4.75,4.940000057220459
2022-01-13 14:30:00+00:00,5.110000133514404,5.110000133514404,4.440000057220459,4.480000019073486
2022-01-14 14:30:00+00:00,4.389999866485596,4.625,4.380000114440918,4.559999942779541
2022-01-18 14:30:00+00:00,4.320000171661377,4.389999866485596,4.099999904632568,4.190000057220459
2022-01-19 14:30:00+00:00,4.309999942779541,4.380000114440918,4.050000190734863,4.070000171661377
2022-01-20 14:30:00+00:00,4.130000114440918,4.539999961853027,4.110000133514404,4.159999847412109
2022-01-21 14:30:00+00:00,3.7799999713897705,3.9100000858306885,3.490000009536743,3.5799999237060547
2022-01-24 14:30:00+00:00,3.119999885559082,3.5299999713897705,2.934999942779541,3.5
2022-01-25 14:30:00+00:00,3.4100000858306885,3.6649999618530273,3.2799999713897705,3.5
2022-01-26 14:30:00+00:00,3.7699999809265137,3.9049999713897705,3.440000057220459,3.490000009536743
2022-01-27 14:30:00+00:00,3.5789999961853027,3.5789999961853027,3.069999933242798,3.0950000286102295
2022-01-28 14:30:00+00:00,3.140000104904175,3.390000104904175,3.0199999809265137,3.3499999046325684
2022-01-31 14:30:00+00:00,3.3399999141693115,3.680000066757202,3.309999942779541,3.6600000858306885
2022-02-01 14:30:00+00:00,3.816999912261963,4.010000228881836,3.619999885559082,3.9000000953674316
2022-02-02 14:30:00+00:00,3.9100000858306885,3.9189999103546143,3.5199999809265137,3.640000104904175
2022-02-03 14:30:00+00:00,3.380000114440918,3.5199999809265137,3.3350000381469727,3.4000000953674316
2022-02-04 14:30:00+00:00,3.555000066757202,3.940000057220459,3.450000047683716,3.809999942779541
2022-02-07 14:30:00+00:00,4.139999866485596,4.429999828338623,4.03000020980835,4.150000095367432
2022-02-08 14:30:00+00:00,4.059999942779541,4.284999847412109,3.950000047683716,4.269999980926514
2022-02-09 14:30:00+00:00,4.309999942779541,4.425000190734863,4.25,4.400000095367432
2022-02-10 14:30:00+00:00,4.199999809265137,4.619999885559082,4.130000114440918,4.28000020980835
2022-02-11 14:30:00+00:00,4.320000171661377,4.400000095367432,3.8499999046325684,3.9000000953674316
2022-02-14 14:30:00+00:00,4.099999904632568,4.179999828338623,3.7899999618530273,3.859999895095825
2022-02-15 14:30:00+00:00,4.139999866485596,4.228000164031982,3.9649999141693115,4.099999904632568
2022-02-16 14:30:00+00:00,3.9600000381469727,4.139999866485596,3.882999897003174,4.139999866485596
2022-02-17 14:30:00+00:00,3.9200000762939453,3.9700000286102295,3.559999942779541,3.630000114440918
2022-02-18 14:30:00+00:00,3.6500000953674316,3.6500000953674316,3.359999895095825,3.450000047683716
2022-02-22 14:30:00+00:00,3.2699999809265137,3.3399999141693115,3.0899999141693115,3.180000066757202
2022-02-23 14:30:00+00:00,3.369999885559082,3.4089999198913574,3.059999942779541,3.059999942779541
2022-02-24 14:30:00+00:00,2.799999952316284,3.424999952316284,2.75,3.390000104904175
2022-02-25 14:30:00+00:00,3.4200000762939453,3.509999990463257,3.25,3.2899999618530273
2022-02-28 14:30:00+00:00,3.2799999713897705,3.7899999618530273,3.259999990463257,3.7699999809265137
2022-03-01 14:30:00+00:00,4.010000228881836,4.050000190734863,3.7799999713897705,4.03000020980835
2022-03-02 14:30:00+00:00,4.0,4.269999980926514,3.869999885559082,4.059999942779541
2022-03-03 14:30:00+00:00,4.059999942779541,4.059999942779541,3.7200000286102295,3.740000009536743
2022-03-04 14:30:00+00:00,3.559999942779541,3.680000066757202,3.390000104904175,3.440000057220459
2022-03-07 14:30:00+00:00,3.450000047683716,3.5789999961853027,3.190000057220459,3.2300000190734863
2022-03-08 14:30:00+00:00,3.2300000190734863,3.4600000381469727,3.180000066757202,3.3399999141693115
2022-03-09 14:30:00+00:00,3.619999885559082,3.7300000190734863,3.5399999618530273,3.630000114440918
2022-03-10 14:30:00+00:00,3.440000057220459,3.509999990463257,3.369999885559082,3.4600000381469727
2022-03-11 14:30:00+00:00,3.5399999618530273,3.5399999618530273,3.2300000190734863,3.25
2022-03-14 13:30:00+00:00,3.190000057220459,3.315000057220459,3.0850000381469727,3.180000066757202
2022-03-15 13:30:00+00:00,3.200000047683716,3.3399999141693115,3.0999999046325684,3.3299999237060547
2022-03-16 13:30:00+00:00,3.390000104904175,3.5190000534057617,3.2899999618530273,3.509999990463257
2022-03-17 13:30:00+00:00,3.509999990463257,3.809999942779541,3.4600000381469727,3.809999942779541
2022-03-18 13:30:00+00:00,3.7300000190734863,3.990000009536743,3.640000104904175,3.880000114440918
2022-03-21 13:30:00+00:00,3.8299999237060547,3.890000104904175,3.609999895095825,3.6500000953674316
2022-03-22 13:30:00+00:00,3.8499999046325684,3.9800000190734863,3.7200000286102295,3.75
2022-03-23 13:30:00+00:00,3.700000047683716,3.869999885559082,3.630000114440918,3.690000057220459
2022-03-24 13:30:00+00:00,3.759999990463257,3.990000009536743,3.640000104904175,3.9700000286102295
2022-03-25 13:30:00+00:00,4.03000020980835,4.065000057220459,3.6500000953674316,3.7300000190734863
2022-03-28 13:30:00+00:00,4.070000171661377,4.380000114440918,3.990000009536743,4.21999979019165
2022-03-29 13:30:00+00:00,4.224999904632568,4.25,4.019999980926514,4.230000019073486
2022-03-30 13:30:00+00:00,4.130000114440918,4.210000038146973,3.9600000381469727,4.0
2022-03-31 13:30:00+00:00,4.0,4.045000076293945,3.75,3.75
2022-04-01 13:30:00+00:00,3.809999942779541,3.940000057220459,3.7300000190734863,3.799999952316284
2022-04-04 13:30:00+00:00,3.799999952316284,3.869999885559082,3.640000104904175,3.759999990463257
2022-04-05 13:30:00+00:00,3.759999990463257,3.759999990463257,3.5,3.509999990463257
2022-04-06 13:30:00+00:00,3.430000066757202,3.4549999237060547,3.2100000381469727,3.2799999713897705
2022-04-07 13:30:00+00:00,3.299999952316284,3.3499999046325684,3.1500000953674316,3.2899999618530273
2022-04-08 13:30:00+00:00,3.2300000190734863,3.315000057220459,3.174999952316284,3.180000066757202
2022-04-11 13:30:00+00:00,3.049999952316284,3.190000057220459,2.990000009536743,3.109999895095825
2022-04-12 13:30:00+00:00,3.190000057220459,3.240000009536743,3.049999952316284,3.0799999237060547
2022-04-13 13:30:00+00:00,3.0899999141693115,3.424999952316284,3.0299999713897705,3.390000104904175
2022-04-14 13:30:00+00:00,3.4000000953674316,3.4100000858306885,3.130000114440918,3.140000104904175
2022-04-18 13:30:00+00:00,3.109999895095825,3.239000082015991,3.009999990463257,3.2100000381469727
2022-04-19 13:30:00+00:00,3.2200000286102295,3.3499999046325684,3.1600000858306885,3.299999952316284
2022-04-20 13:30:00+00:00,3.3499999046325684,3.3499999046325684,3.1500000953674316,3.190000057220459
2022-04-21 13:30:00+00:00,3.25,3.3399999141693115,3.0,3.0399999618530273
2022-04-22 13:30:00+00:00,3.0299999713897705,3.069999933242798,2.8499999046325684,2.859999895095825
2022-04-25 13:30:00+00:00,2.7799999713897705,2.9700000286102295,2.75,2.9700000286102295
2022-04-26 13:30:00+00:00,2.930000066757202,2.950000047683716,2.75,2.7699999809265137
2022-04-27 13:30:00+00:00,2.7799999713897705,2.9600000381469727,2.7799999713897705,2.859999895095825
2022-04-28 13:30:00+00:00,2.9000000953674316,3.059999942779541,2.7200000286102295,3.0
2022-04-29 13:30:00+00:00,2.9100000858306885,3.140000104904175,2.869999885559082,2.880000114440918
2022-05-02 13:30:00+00:00,2.859999895095825,3.049999952316284,2.8289999961853027,3.0199999809265137
2022-05-03 13:30:00+00:00,2.940000057220459,3.0799999237060547,2.930000066757202,2.9800000190734863
2022-05-04 13:30:00+00:00,3.049999952316284,3.2100000381469727,2.875,3.2100000381469727
2022-05-05 13:30:00+00:00,3.119999885559082,3.140000104904175,2.7799999713897705,2.8399999141693115
2022-05-06 13:30:00+00:00,2.809999942779541,2.8399999141693115,2.640000104904175,2.7100000381469727
2022-05-09 13:30:00+00:00,2.4800000190734863,2.5280001163482666,2.1500000953674316,2.1700000762939453
2022-05-10 13:30:00+00:00,2.3299999237060547,2.3399999141693115,2.0299999713897705,2.0899999141693115
2022-05-11 13:30:00+00:00,1.9199999570846558,2.174999952316284,1.850000023841858,1.850000023841858
2022-05-12 13:30:00+00:00,1.7200000286102295,2.0299999713897705,1.6749999523162842,1.8899999856948853
2022-05-13 13:30:00+00:00,2.0799999237060547,2.1700000762939453,1.9600000381469727,2.0299999713897705
2022-05-16 13:30:00+00:00,2.0199999809265137,2.0299999713897705,1.8509999513626099,1.8700000047683716
2022-05-17 13:30:00+00:00,1.9500000476837158,2.0350000858306885,1.8899999856948853,2.009999990463257
2022-05-18 13:30:00+00:00,1.940000057220459,2.0399999618530273,1.8600000143051147,1.899999976158142
2022-05-19 13:30:00+00:00,1.8899999856948853,2.0199999809265137,1.8600000143051147,1.8799999952316284
2022-05-20 13:30:00+00:00,1.940000057220459,1.9450000524520874,1.690000057220459,1.8200000524520874
2022-05-23 13:30:00+00:00,1.8200000524520874,1.8600000143051147,1.7400000095367432,1.7999999523162842
2022-05-24 13:30:00+00:00,1.75,1.7599999904632568,1.6399999856948853,1.690000057220459
2022-05-25 13:30:00+00:00,1.7000000476837158,1.75,1.6549999713897705,1.6799999475479126
2022-05-26 13:30:00+00:00,1.649999976158142,1.7599999904632568,1.6100000143051147,1.7200000286102295
2022-05-27 13:30:00+00:00,1.7699999809265137,1.8849999904632568,1.7400000095367432,1.840000033378601
2022-05-31 13:30:00+00:00,2.0399999618530273,2.0999999046325684,1.899999976158142,2.009999990463257
2022-06-01 13:30:00+00:00,2.0199999809265137,2.049999952316284,1.850000023841858,1.8799999952316284
2022-06-02 13:30:00+00:00,1.8899999856948853,1.9900000095367432,1.8600000143051147,1.9600000381469727
2022-06-03 13:30:00+00:00,1.8799999952316284,1.9500000476837158,1.850000023841858,1.940000057220459
2022-06-06 13:30:00+00:00,2.0299999713897705,2.049999952316284,1.909999966621399,1.909999966621399
2022-06-07 13:30:00+00:00,1.8200000524520874,1.8899999856948853,1.7999999523162842,1.8799999952316284
2022-06-08 13:30:00+00:00,1.850000023841858,1.9450000524520874,1.7999999523162842,1.8300000429153442
2022-06-09 13:30:00+00:00,1.7999999523162842,1.8380000591278076,1.7200000286102295,1.7300000190734863
2022-06-10 13:30:00+00:00,1.6200000047683716,1.7000000476837158,1.5800000429153442,1.590000033378601
2022-06-13 13:30:00+00:00,1.350000023841858,1.4600000381469727,1.3300000429153442,1.340000033378601
2022-06-14 13:30:00+00:00,1.340000033378601,1.409999966621399,1.2899999618530273,1.3700000047683716
2022-06-15 13:30:00+00:00,1.3600000143051147,1.4500000476837158,1.3300000429153442,1.4299999475479126
2022-06-16 13:30:00+00:00,1.3700000047683716,1.3899999856948853,1.2799999713897705,1.2999999523162842
2022-06-17 13:30:00+00:00,1.3200000524520874,1.3899999856948853,1.309999942779541,1.3300000429153442
2022-06-21 13:30:00+00:00,1.375,1.4900000095367432,1.3600000143051147,1.3899999856948853
2022-06-22 13:30:00+00:00,1.3300000429153442,1.4199999570846558,1.2999999523162842,1.309999942779541
2022-06-23 13:30:00+00:00,1.340000033378601,1.399999976158142,1.2999999523162842,1.3799999952316284
2022-06-24 13:30:00+00:00,1.4299999475479126,1.5399999618530273,1.399999976158142,1.5
2022-06-27 13:30:00+00:00,1.4900000095367432,1.5,1.3899999856948853,1.3899999856948853
2022-06-28 13:30:00+00:00,1.4199999570846558,1.4299999475479126,1.2699999809265137,1.2699999809265137
2022-06-29 13:30:00+00:00,1.2599999904632568,1.2599999904632568,1.1399999856948853,1.190000057220459
2022-06-30 13:30:00+00:00,1.149999976158142,1.149999976158142,1.0700000524520874,1.1200000047683716
2022-07-01 13:30:00+00:00,1.1399999856948853,1.1660000085830688,1.0700000524520874,1.100000023841858
2022-07-05 13:30:00+00:00,1.0399999618530273,1.2899999618530273,1.0399999618530273,1.2899999618530273
2022-07-06 13:30:00+00:00,1.25,1.2899999618530273,1.1699999570846558,1.1699999570846558
2022-07-07 13:30:00+00:00,1.190000057220459,1.3300000429153442,1.1699999570846558,1.3300000429153442
2022-07-08 13:30:00+00:00,1.2799999713897705,1.399999976158142,1.2319999933242798,1.3600000143051147
2022-07-11 13:30:00+00:00,1.309999942779541,1.309999942779541,1.1799999475479126,1.190000057220459
2022-07-12 13:30:00+00:00,1.1799999475479126,1.2100000381469727,1.1150000095367432,1.1399999856948853
2022-07-13 13:30:00+00:00,1.090000033378601,1.187000036239624,1.0700000524520874,1.159999966621399
2022-07-14 13:30:00+00:00,1.1299999952316284,1.190000057220459,1.090000033378601,1.149999976158142
2022-07-15 13:30:00+00:00,1.190000057220459,1.2100000381469727,1.1399999856948853,1.1699999570846558
2022-07-18 13:30:00+00:00,1.25,1.3899999856948853,1.2400000095367432,1.25
2022-07-19 13:30:00+00:00,1.3200000524520874,1.4500000476837158,1.309999942779541,1.4299999475479126
2022-07-20 13:30:00+00:00,1.5299999713897705,1.5499999523162842,1.409999966621399,1.4700000286102295
2022-07-21 13:30:00+00:00,1.3899999856948853,1.5,1.3600000143051147,1.5
2022-07-22 13:30:00+00:00,1.5399999618530273,1.5700000524520874,1.2999999523162842,1.340000033378601
2022-07-25 13:30:00+00:00,1.3300000429153442,1.3300000429153442,1.2699999809265137,1.2999999523162842
2022-07-26 13:30:00+00:00,1.2200000286102295,1.2699999809265137,1.2000000476837158,1.2599999904632568
2022-07-27 13:30:00+00:00,1.2699999809265137,1.399999976158142,1.2699999809265137,1.3799999952316284
2022-07-28 13:30:00+00:00,1.3700000047683716,1.4900000095367432,1.309999942779541,1.4700000286102295
2022-07-29 13:30:00+00:00,1.4700000286102295,1.559999942779541,1.409999966621399,1.4600000381469727
2022-08-01 13:30:00+00:00,1.399999976158142,1.4800000190734863,1.375,1.409999966621399
2022-08-02 13:30:00+00:00,1.3899999856948853,1.5299999713897705,1.3600000143051147,1.4900000095367432
2022-08-03 13:30:00+00:00,1.5399999618530273,1.6449999809265137,1.5099999904632568,1.6100000143051147
2022-08-04 13:30:00+00:00,1.6100000143051147,1.6799999475479126,1.5199999809265137,1.5399999618530273
2022-08-05 13:30:00+00:00,1.559999942779541,1.6200000047683716,1.5,1.6200000047683716
2022-08-08 13:30:00+00:00,1.7000000476837158,1.7799999713897705,1.6399999856948853,1.690000057220459
2022-08-09 13:30:00+00:00,1.6399999856948853,1.649999976158142,1.5390000343322754,1.5700000524520874
2022-08-10 13:30:00+00:00,1.690000057220459,1.7400000095367432,1.6349999904632568,1.7200000286102295
2022-08-11 13:30:00+00:00,1.8700000047683716,1.940000057220459,1.7200000286102295,1.7400000095367432
2022-08-12 13:30:00+00:00,1.7400000095367432,2.0199999809265137,1.6799999475479126,2.0
2022-08-15 13:30:00+00:00,2.0999999046325684,2.3299999237060547,1.8949999809265137,2.180000066757202
2022-08-16 13:30:00+00:00,2.109999895095825,2.180000066757202,1.940000057220459,2.0
2022-08-17 13:30:00+00:00,1.909999966621399,1.9249999523162842,1.7699999809265137,1.809999942779541
2022-08-18 13:30:00+00:00,1.8600000143051147,1.8600000143051147,1.7100000381469727,1.7200000286102295
2022-08-19 13:30:00+00:00,1.5800000429153442,1.590000033378601,1.4900000095367432,1.5
2022-08-22 13:30:00+00:00,1.4299999475479126,1.4500000476837158,1.3600000143051147,1.3799999952316284
2022-08-23 13:30:00+00:00,1.409999966621399,1.4900000095367432,1.3799999952316284,1.4500000476837158
2022-08-24 13:30:00+00:00,1.4299999475479126,1.5169999599456787,1.399999976158142,1.4700000286102295
2022-08-25 13:30:00+00:00,1.4700000286102295,1.5099999904632568,1.409999966621399,1.4600000381469727
2022-08-26 13:30:00+00:00,1.4500000476837158,1.4800000190734863,1.3109999895095825,1.340000033378601
2022-08-29 13:30:00+00:00,1.2899999618530273,1.3680000305175781,1.2599999904632568,1.3200000524520874
2022-08-30 13:30:00+00:00,1.350000023841858,1.3600000143051147,1.2400000095367432,1.2799999713897705
2022-08-31 13:30:00+00:00,1.2999999523162842,1.3300000429153442,1.2599999904632568,1.2999999523162842
2022-09-01 13:30:00+00:00,1.25,1.2790000438690186,1.190000057220459,1.25
2022-09-02 13:30:00+00:00,1.2799999713897705,1.2999999523162842,1.2000000476837158,1.2200000286102295
2022-09-06 13:30:00+00:00,1.2200000286102295,1.2300000190734863,1.1299999952316284,1.149999976158142
2022-09-07 13:30:00+00:00,1.1299999952316284,1.2100000381469727,1.1299999952316284,1.2100000381469727
2022-09-08 13:30:00+00:00,1.2000000476837158,1.2899999618530273,1.1699999570846558,1.2799999713897705
2022-09-09 13:30:00+00:00,1.3700000047683716,1.440000057220459,1.350000023841858,1.399999976158142
2022-09-12 13:30:00+00:00,1.4900000095367432,1.4900000095367432,1.3799999952316284,1.409999966621399
2022-09-13 13:30:00+00:00,1.3200000524520874,1.3450000286102295,1.25,1.25
2022-09-14 13:30:00+00:00,1.2699999809265137,1.2799999713897705,1.2300000190734863,1.2599999904632568
2022-09-15 13:30:00+00:00,1.2699999809265137,1.3200000524520874,1.2400000095367432,1.2699999809265137
2022-09-16 13:30:00+00:00,1.25,1.2599999904632568,1.2000000476837158,1.2400000095367432
2022-09-19 13:30:00+00:00,1.1799999475479126,1.25,1.1799999475479126,1.2400000095367432
2022-09-20 13:30:00+00:00,1.2000000476837158,1.2300000190734863,1.149999976158142,1.149999976158142
2022-09-21 13:30:00+00:00,1.190000057220459,1.2300000190734863,1.1200000047683716,1.159999966621399
2022-09-22 13:30:00+00:00,1.159999966621399,1.1699999570846558,1.0800000429153442,1.100000023841858
2022-09-23 13:30:00+00:00,1.100000023841858,1.100000023841858,1.0199999809265137,1.0700000524520874
2022-09-26 13:30:00+00:00,1.059999942779541,1.1100000143051147,1.0099999904632568,1.0299999713897705
2022-09-27 13:30:00+00:00,1.090000033378601,1.1100000143051147,1.024999976158142,1.0399999618530273
2022-09-28 13:30:00+00:00,1.0199999809265137,1.1200000047683716,1.0199999809265137,1.100000023841858
2022-09-29 13:30:00+00:00,1.0700000524520874,1.0800000429153442,1.0199999809265137,1.0499999523162842
2022-09-30 13:30:00+00:00,1.0399999618530273,1.1200000047683716,1.0199999809265137,1.0499999523162842
2022-10-03 13:30:00+00:00,1.0800000429153442,1.0989999771118164,1.0299999713897705,1.0800000429153442
2022-10-04 13:30:00+00:00,1.1200000047683716,1.159999966621399,1.1100000143051147,1.1299999952316284
2022-10-05 13:30:00+00:00,1.090000033378601,1.149999976158142,1.0700000524520874,1.1399999856948853
2022-10-06 13:30:00+00:00,1.1299999952316284,1.190000057220459,1.100000023841858,1.1100000143051147
2022-10-07 13:30:00+00:00,1.0800000429153442,1.090000033378601,1.0,1.0199999809265137
2022-10-10 13:30:00+00:00,1.0199999809265137,1.0499999523162842,0.9449999928474426,0.9700000286102295
2022-10-11 13:30:00+00:00,0.9700000286102295,0.9800000190734863,0.9129999876022339,0.9290000200271606
2022-10-12 13:30:00+00:00,0.9419999718666077,0.9599999785423279,0.9010000228881836,0.9549999833106995
2022-10-13 13:30:00+00:00,0.8899999856948853,1.0199999809265137,0.8899999856948853,1.0
2022-10-14 13:30:00+00:00,1.0299999713897705,1.065000057220459,0.9470000267028809,0.9490000009536743
2022-10-17 13:30:00+00:00,1.0099999904632568,1.0299999713897705,0.9660000205039978,0.9980000257492065
2022-10-18 13:30:00+00:00,1.0299999713897705,1.0299999713897705,0.9509999752044678,0.9610000252723694
2022-10-19 13:30:00+00:00,0.949999988079071,0.9599999785423279,0.9200000166893005,0.9390000104904175
2022-10-20 13:30:00+00:00,0.9300000071525574,0.9800000190734863,0.925000011920929,0.9359999895095825
2022-10-21 13:30:00+00:00,0.9409999847412109,0.949999988079071,0.9100000262260437,0.949999988079071
2022-10-24 13:30:00+00:00,0.949999988079071,0.949999988079071,0.8999999761581421,0.9470000267028809
2022-10-25 13:30:00+00:00,0.9399999976158142,1.100000023841858,0.9399999976158142,1.100000023841858
2022-10-26 13:30:00+00:00,1.1100000143051147,1.159999966621399,1.0499999523162842,1.059999942779541
2022-10-27 13:30:00+00:00,1.0700000524520874,1.100000023841858,0.9909999966621399,0.9980000257492065
2022-10-28 13:30:00+00:00,0.9900000095367432,1.0499999523162842,0.9700000286102295,1.0499999523162842
2022-10-31 13:30:00+00:00,1.0299999713897705,1.0299999713897705,0.9520000219345093,0.9589999914169312
2022-11-01 13:30:00+00:00,0.9900000095367432,1.0099999904632568,0.9399999976158142,0.9459999799728394
2022-11-02 13:30:00+00:00,0.9430000185966492,0.9700000286102295,0.8899999856948853,0.8899999856948853
2022-11-03 13:30:00+00:00,0.8999999761581421,0.9399999976158142,0.8799999952316284,0.8880000114440918
2022-11-04 13:30:00+00:00,0.9120000004768372,0.9399999976158142,0.8700000047683716,0.8889999985694885
2022-11-07 14:30:00+00:00,0.8899999856948853,0.8999999761581421,0.8500000238418579,0.8740000128746033
2022-11-08 14:30:00+00:00,0.8600000143051147,0.8949999809265137,0.7720000147819519,0.8069999814033508
2022-11-09 14:30:00+00:00,0.777999997138977,0.777999997138977,0.6940000057220459,0.7099999785423279
2022-11-10 14:30:00+00:00,0.7599999904632568,0.7799999713897705,0.6970000267028809,0.6970000267028809
2022-11-11 14:30:00+00:00,0.7099999785423279,0.8519999980926514,0.6800000071525574,0.8519999980926514
2022-11-14 14:30:00+00:00,0.7409999966621399,0.8109999895095825,0.7409999966621399,0.7630000114440918
2022-11-15 14:30:00+00:00,0.8100000023841858,0.8100000023841858,0.75,0.75
2022-11-16 14:30:00+00:00,0.75,0.75,0.6949999928474426,0.699999988079071
2022-11-17 14:30:00+00:00,0.6940000057220459,0.699999988079071,0.6600000262260437,0.6759999990463257
2022-11-18 14:30:00+00:00,0.7099999785423279,0.7099999785423279,0.6399999856948853,0.6499999761581421
2022-11-21 14:30:00+00:00,0.6349999904632568,0.6349999904632568,0.550000011920929,0.550000011920929
2022-11-22 14:30:00+00:00,0.5879999995231628,0.6060000061988831,0.5550000071525574,0.5899999737739563
2022-11-23 14:30:00+00:00,0.6150000095367432,0.6380000114440918,0.6000000238418579,0.6200000047683716
2022-11-25 14:30:00+00:00,0.6489999890327454,0.6499999761581421,0.6060000061988831,0.6129999756813049
2022-11-28 14:30:00+00:00,0.6200000047683716,0.6340000033378601,0.5759999752044678,0.5899999737739563
2022-11-29 14:30:00+00:00,0.5879999995231628,0.6010000109672546,0.5630000233650208,0.5630000233650208
2022-11-30 14:30:00+00:00,0.6000000238418579,0.6000000238418579,0.5600000023841858,0.5830000042915344
2022-12-01 14:30:00+00:00,0.5950000286102295,0.6299999952316284,0.5419999957084656,0.5799999833106995
2022-12-02 14:30:00+00:00,0.5799999833106995,0.5820000171661377,0.5529999732971191,0.578000009059906
2022-12-05 14:30:00+00:00,0.5950000286102295,0.5960000157356262,0.5400000214576721,0.5400000214576721
2022-12-06 14:30:00+00:00,0.5519999861717224,0.5529999732971191,0.5,0.5
2022-12-07 14:30:00+00:00,0.5080000162124634,0.5220000147819519,0.47999998927116394,0.4880000054836273
2022-12-08 14:30:00+00:00,0.49000000953674316,0.5199999809265137,0.48899999260902405,0.5099999904632568
2022-12-09 14:30:00+00:00,0.5220000147819519,0.5289999842643738,0.49000000953674316,0.49000000953674316
2022-12-12 14:30:00+00:00,0.48500001430511475,0.5149999856948853,0.47999998927116394,0.5019999742507935
2022-12-13 14:30:00+00:00,0.5350000262260437,0.550000011920929,0.5139999985694885,0.5400000214576721
2022-12-14 14:30:00+00:00,0.5379999876022339,0.550000011920929,0.5180000066757202,0.5239999890327454
2022-12-15 14:30:00+00:00,0.5099999904632568,0.5099999904632568,0.46000000834465027,0.46000000834465027
2022-12-16 14:30:00+00:00,0.4699999988079071,0.5049999952316284,0.42899999022483826,0.5019999742507935
2022-12-19 14:30:00+00:00,0.5,0.5099999904632568,0.4300000071525574,0.46000000834465027
2022-12-20 14:30:00+00:00,0.44999998807907104,0.47600001096725464,0.4410000145435333,0.44999998807907104
2022-12-21 14:30:00+00:00,0.44999998807907104,0.4650000035762787,0.43799999356269836,0.43799999356269836
2022-12-22 14:30:00+00:00,0.4399999976158142,0.4490000009536743,0.4099999964237213,0.41999998688697815
2022-12-23 14:30:00+00:00,0.42500001192092896,0.4339999854564667,0.4020000100135803,0.41200000047683716
2022-12-27 14:30:00+00:00,0.40400001406669617,0.41200000047683716,0.37599998712539673,0.3799999952316284
2022-12-28 14:30:00+00:00,0.38999998569488525,0.4099999964237213,0.3799999952316284,0.4009999930858612
2022-12-29 14:30:00+00:00,0.39399999380111694,0.41499999165534973,0.38999998569488525,0.3970000147819519
2022-12-30 14:30:00+00:00,0.3970000147819519,0.4399999976158142,0.382999986410141,0.4399999976158142
2023-01-03 14:30:00+00:00,0.4359999895095825,0.4429999887943268,0.41999998688697815,0.4269999861717224
2023-01-04 14:30:00+00:00,0.4399999976158142,0.5220000147819519,0.4339999854564667,0.5109999775886536
2023-01-05 14:30:00+00:00,0.5249999761581421,0.5350000262260437,0.47999998927116394,0.5230000019073486
2023-01-06 14:30:00+00:00,0.5400000214576721,0.550000011920929,0.5,0.5440000295639038
2023-01-09 14:30:00+00:00,0.6240000128746033,0.7459999918937683,0.6000000238418579,0.6710000038146973
2023-01-10 14:30:00+00:00,0.6830000281333923,0.746999979019165,0.6589999794960022,0.7250000238418579
2023-01-11 14:30:00+00:00,0.7300000190734863,0.7480000257492065,0.6759999990463257,0.699999988079071
2023-01-12 14:30:00+00:00,0.75,1.0099999904632568,0.6919999718666077,1.0099999904632568
2023-01-13 14:30:00+00:00,0.9900000095367432,1.2599999904632568,0.9200000166893005,1.0700000524520874
2023-01-17 14:30:00+00:00,1.2300000190734863,1.25,1.059999942779541,1.100000023841858
2023-01-18 14:30:00+00:00,1.1200000047683716,1.159999966621399,0.9200000166893005,0.9599999785423279
2023-01-19 14:30:00+00:00,0.9150000214576721,1.159999966621399,0.9100000262260437,1.090000033378601
2023-01-20 14:30:00+00:00,1.090000033378601,1.190000057220459,1.0410000085830688,1.149999976158142
2023-01-23 14:30:00+00:00,1.1699999570846558,1.2200000286102295,1.090000033378601,1.1799999475479126
2023-01-24 14:30:00+00:00,1.1200000047683716,1.159999966621399,1.100000023841858,1.1299999952316284
2023-01-25 14:30:00+00:00,1.0499999523162842,1.1100000143051147,1.0399999618530273,1.0800000429153442
2023-01-26 14:30:00+00:00,1.1399999856948853,1.1699999570846558,1.059999942779541,1.0700000524520874
2023-01-27 14:30:00+00:00,1.059999942779541,1.1399999856948853,1.0399999618530273,1.100000023841858
2023-01-30 14:30:00+00:00,1.090000033378601,1.2000000476837158,1.0199999809265137,1.059999942779541
2023-01-31 14:30:00+00:00,1.1100000143051147,1.1299999952316284,0.9819999933242798,0.9860000014305115
2023-02-01 14:30:00+00:00,1.0199999809265137,1.1299999952316284,0.9599999785423279,1.1100000143051147
2023-02-02 14:30:00+00:00,1.1799999475479126,1.2300000190734863,1.1100000143051147,1.149999976158142
2023-02-03 14:30:00+00:00,1.090000033378601,1.156000018119812,1.0499999523162842,1.059999942779541
2023-02-06 14:30:00+00:00,1.0299999713897705,1.1100000143051147,1.0199999809265137,1.0700000524520874
2023-02-07 14:30:00+00:00,1.100000023841858,1.1100000143051147,1.024999976158142,1.100000023841858
2023-02-08 14:30:00+00:00,1.0800000429153442,1.159999966621399,1.0399999618530273,1.0800000429153442
2023-02-09 14:30:00+00:00,1.0800000429153442,1.090000033378601,0.9330000281333923,0.9629999995231628
2023-02-10 14:30:00+00:00,0.9390000104904175,0.9700000286102295,0.8999999761581421,0.8999999761581421
2023-02-13 14:30:00+00:00,0.8989999890327454,0.9139999747276306,0.8560000061988831,0.8799999952316284
2023-02-14 14:30:00+00:00,0.8700000047683716,1.0099999904632568,0.8700000047683716,0.9700000286102295
2023-02-15 14:30:00+00:00,1.0099999904632568,1.1299999952316284,0.9879999756813049,1.1100000143051147
2023-02-16 14:30:00+00:00,1.1399999856948853,1.2000000476837158,1.0499999523162842,1.0499999523162842
2023-02-17 14:30:00+00:00,1.0399999618530273,1.1399999856948853,1.0199999809265137,1.1100000143051147
2023-02-21 14:30:00+00:00,1.090000033378601,1.1200000047683716,1.0399999618530273,1.059999942779541
2023-02-22 14:30:00+00:00,1.059999942779541,1.0779999494552612,1.0,1.0099999904632568
2023-02-23 14:30:00+00:00,1.0399999618530273,1.059999942779541,0.9940000176429749,1.059999942779541
2023-02-24 14:30:00+00:00,1.0,1.0149999856948853,0.9300000071525574,0.9399999976158142
2023-02-27 14:30:00+00:00,0.9900000095367432,1.0199999809265137,0.9309999942779541,0.9470000267028809
2023-02-28 14:30:00+00:00,0.9419999718666077,0.9779999852180481,0.9290000200271606,0.949999988079071
2023-03-01 14:30:00+00:00,0.9279999732971191,0.9900000095367432,0.9150000214576721,0.949999988079071
2023-03-02 14:30:00+00:00,0.9399999976158142,0.9399999976158142,0.906000018119812,0.9259999990463257
2023-03-03 14:30:00+00:00,0.8980000019073486,0.8999999761581421,0.8700000047683716,0.8799999952316284
2023-03-06 14:30:00+00:00,0.8999999761581421,0.9300000071525574,0.8700000047683716,0.8899999856948853
2023-03-07 14:30:00+00:00,0.8889999985694885,0.8999999761581421,0.8240000009536743,0.8299999833106995
2023-03-08 14:30:00+00:00,0.843999981880188,0.843999981880188,0.8009999990463257,0.8199999928474426
2023-03-09 14:30:00+00:00,0.7950000166893005,0.8299999833106995,0.699999988079071,0.7129999995231628
2023-03-10 14:30:00+00:00,0.7279999852180481,0.7670000195503235,0.6800000071525574,0.7099999785423279
2023-03-13 13:30:00+00:00,0.800000011920929,0.8500000238418579,0.7509999871253967,0.8199999928474426
2023-03-14 13:30:00+00:00,0.9300000071525574,0.9449999928474426,0.8270000219345093,0.8640000224113464
2023-03-15 13:30:00+00:00,0.8600000143051147,0.8799999952316284,0.7799999713897705,0.8180000185966492
2023-03-16 13:30:00+00:00,0.8180000185966492,0.8700000047683716,0.800000011920929,0.8489999771118164
2023-03-17 13:30:00+00:00,0.9200000166893005,0.9520000219345093,0.8799999952316284,0.8799999952316284
2023-03-20 13:30:00+00:00,0.9800000190734863,0.9850000143051147,0.8899999856948853,0.9100000262260437
2023-03-21 13:30:00+00:00,0.9200000166893005,1.0399999618530273,0.8989999890327454,1.0399999618530273
2023-03-22 13:30:00+00:00,1.0399999618530273,1.0800000429153442,0.9100000262260437,0.9150000214576721
2023-03-23 13:30:00+00:00,0.949999988079071,1.0199999809265137,0.9300000071525574,0.9869999885559082
2023-03-24 13:30:00+00:00,0.9399999976158142,0.968999981880188,0.9100000262260437,0.9179999828338623
2023-03-27 13:30:00+00:00,0.9200000166893005,0.9300000071525574,0.8690000176429749,0.8949999809265137
2023-03-28 13:30:00+00:00,0.8600000143051147,0.8989999890327454,0.8510000109672546,0.8960000276565552
2023-03-29 13:30:00+00:00,0.9300000071525574,0.9750000238418579,0.9300000071525574,0.949999988079071
2023-03-30 13:30:00+00:00,0.949999988079071,0.9700000286102295,0.9200000166893005,0.9269999861717224
2023-03-31 13:30:00+00:00,0.9269999861717224,0.9800000190734863,0.9269999861717224,0.9700000286102295
2023-04-03 13:30:00+00:00,0.9700000286102295,0.9700000286102295,0.9259999990463257,0.9409999847412109
2023-04-04 13:30:00+00:00,0.949999988079071,0.9769999980926514,0.9169999957084656,0.9359999895095825
2023-04-05 13:30:00+00:00,0.9430000185966492,0.9449999928474426,0.8830000162124634,0.9089999794960022
2023-04-06 13:30:00+00:00,0.8700000047683716,0.9330000281333923,0.8659999966621399,0.9200000166893005
2023-04-10 13:30:00+00:00,0.9200000166893005,0.9739999771118164,0.8240000009536743,0.9599999785423279
2023-04-11 13:30:00+00:00,0.9819999933242798,1.100000023841858,0.9819999933242798,1.100000023841858
2023-04-12 13:30:00+00:00,1.0700000524520874,1.159999966621399,1.0299999713897705,1.100000023841858
2023-04-13 13:30:00+00:00,1.1399999856948853,1.309999942779541,1.1200000047683716,1.25
2023-04-14 13:30:00+00:00,1.340000033378601,1.350000023841858,1.1510000228881836,1.25
2023-04-17 13:30:00+00:00,1.1200000047683716,1.2400000095367432,1.0920000076293945,1.2100000381469727
2023-04-18 13:30:00+00:00,1.2799999713897705,1.3200000524520874,1.2200000286102295,1.25
2023-04-19 13:30:00+00:00,1.1649999618530273,1.2200000286102295,1.1399999856948853,1.1699999570846558
2023-04-20 13:30:00+00:00,1.149999976158142,1.1649999618530273,1.0499999523162842,1.065000057220459
2023-04-21 13:30:00+00:00,1.0800000429153442,1.1150000095367432,1.0299999713897705,1.0399999618530273
2023-04-24 13:30:00+00:00,1.0399999618530273,1.090000033378601,1.0,1.0499999523162842
2023-04-25 13:30:00+00:00,1.0499999523162842,1.0889999866485596,1.0099999904632568,1.059999942779541
2023-04-26 13:30:00+00:00,1.1799999475479126,1.2100000381469727,1.100000023841858,1.1299999952316284
2023-04-27 13:30:00+00:00,1.159999966621399,1.2350000143051147,1.1150000095367432,1.2200000286102295
2023-04-28 13:30:00+00:00,1.2000000476837158,1.2200000286102295,1.159999966621399,1.159999966621399
2023-05-01 13:30:00+00:00,1.159999966621399,1.1699999570846558,1.090000033378601,1.1100000143051147
2023-05-02 13:30:00+00:00,1.1100000143051147,1.159999966621399,1.0700000524520874,1.149999976158142
2023-05-03 13:30:00+00:00,1.1399999856948853,1.149999976158142,1.090000033378601,1.1100000143051147
2023-05-04 13:30:00+00:00,1.1299999952316284,1.1390000581741333,1.0700000524520874,1.0800000429153442
2023-05-05 13:30:00+00:00,1.0800000429153442,1.1749999523162842,1.0800000429153442,1.159999966621399
2023-05-08 13:30:00+00:00,1.100000023841858,1.1200000047683716,1.059999942779541,1.0700000524520874
2023-05-09 13:30:00+00:00,1.0800000429153442,1.090000033378601,1.0499999523162842,1.0499999523162842
2023-05-10 13:30:00+00:00,1.100000023841858,1.159999966621399,1.0800000429153442,1.1100000143051147
2023-05-11 13:30:00+00:00,1.0800000429153442,1.1100000143051147,1.0,1.0099999904632568
2023-05-12 13:30:00+00:00,1.0,1.0099999904632568,0.9549999833106995,0.9800000190734863
2023-05-15 13:30:00+00:00,1.0399999618530273,1.100000023841858,1.0099999904632568,1.090000033378601
2023-05-16 13:30:00+00:00,1.0399999618530273,1.0800000429153442,1.0399999618530273,1.059999942779541
2023-05-17 13:30:00+00:00,1.0499999523162842,1.1699999570846558,1.0499999523162842,1.149999976158142
2023-05-18 13:30:00+00:00,1.149999976158142,1.2100000381469727,1.1050000190734863,1.149999976158142
2023-05-19 13:30:00+00:00,1.2100000381469727,1.2100000381469727,1.1200000047683716,1.1299999952316284
2023-05-22 13:30:00+00:00,1.1299999952316284,1.1699999570846558,1.1200000047683716,1.149999976158142
2023-05-23 13:30:00+00:00,1.159999966621399,1.2089999914169312,1.1299999952316284,1.1399999856948853
2023-05-24 13:30:00+00:00,1.1200000047683716,1.1399999856948853,1.0800000429153442,1.1200000047683716
2023-05-25 13:30:00+00:00,1.1200000047683716,1.1200000047683716,1.0499999523162842,1.0700000524520874
2023-05-26 13:30:00+00:00,1.059999942779541,1.1299999952316284,1.059999942779541,1.100000023841858
2023-05-30 13:30:00+00:00,1.1699999570846558,1.2300000190734863,1.1699999570846558,1.2000000476837158
2023-05-31 13:30:00+00:00,1.149999976158142,1.2300000190734863,1.1399999856948853,1.2000000476837158
2023-06-01 13:30:00+00:00,1.149999976158142,1.2300000190734863,1.149999976158142,1.2100000381469727
2023-06-02 13:30:00+00:00,1.2400000095367432,1.25,1.1799999475479126,1.2100000381469727
2023-06-05 13:30:00+00:00,1.1799999475479126,1.2000000476837158,1.1100000143051147,1.1200000047683716
2023-06-06 13:30:00+00:00,1.100000023841858,1.1699999570846558,1.0099999904632568,1.1699999570846558
2023-06-07 13:30:00+00:00,1.1699999570846558,1.2100000381469727,1.1200000047683716,1.1200000047683716
2023-06-08 13:30:00+00:00,1.1399999856948853,1.159999966621399,1.1100000143051147,1.1299999952316284
2023-06-09 13:30:00+00:00,1.149999976158142,1.159999966621399,1.0800000429153442,1.090000033378601
2023-06-12 13:30:00+00:00,1.090000033378601,1.190000057220459,1.090000033378601,1.1699999570846558
2023-06-13 13:30:00+00:00,1.159999966621399,1.2000000476837158,1.1299999952316284,1.1799999475479126
2023-06-14 13:30:00+00:00,1.1699999570846558,1.190000057220459,1.1399999856948853,1.1799999475479126
2023-06-15 13:30:00+00:00,1.1200000047683716,1.149999976158142,1.1100000143051147,1.149999976158142
2023-06-16 13:30:00+00:00,1.1399999856948853,1.2100000381469727,1.1200000047683716,1.1699999570846558
2023-06-20 13:30:00+00:00,1.2300000190734863,1.3949999809265137,1.2000000476837158,1.340000033378601
2023-06-21 13:30:00+00:00,1.440000057220459,1.4700000286102295,1.3700000047683716,1.399999976158142
2023-06-22 13:30:00+00:00,1.409999966621399,1.4900000095367432,1.3300000429153442,1.4500000476837158
2023-06-23 13:30:00+00:00,1.4500000476837158,1.5700000524520874,1.3899999856948853,1.5199999809265137
2023-06-26 13:30:00+00:00,1.5199999809265137,1.559999942779541,1.3600000143051147,1.3799999952316284
2023-06-27 13:30:00+00:00,1.4199999570846558,1.5,1.409999966621399,1.4800000190734863
2023-06-28 13:30:00+00:00,1.434999942779541,1.5,1.399999976158142,1.440000057220459
2023-06-29 13:30:00+00:00,1.4600000381469727,1.4900000095367432,1.409999966621399,1.409999966621399
2023-06-30 13:30:00+00:00,1.4600000381469727,1.5099999904632568,1.350000023841858,1.4700000286102295
2023-07-03 13:30:00+00:00,1.5,1.6399999856948853,1.4800000190734863,1.6299999952316284
2023-07-05 13:30:00+00:00,1.600000023841858,1.6790000200271606,1.559999942779541,1.649999976158142
2023-07-06 13:30:00+00:00,1.649999976158142,1.6699999570846558,1.531999945640564,1.6399999856948853
2023-07-07 13:30:00+00:00,1.6299999952316284,1.8049999475479126,1.6100000143051147,1.7100000381469727
2023-07-10 13:30:00+00:00,1.7400000095367432,1.8799999952316284,1.7050000429153442,1.8700000047683716
2023-07-11 13:30:00+00:00,1.8899999856948853,1.9249999523162842,1.7799999713897705,1.8200000524520874
2023-07-12 13:30:00+00:00,1.8899999856948853,1.9700000286102295,1.7799999713897705,1.840000033378601
2023-07-13 13:30:00+00:00,1.850000023841858,2.119999885559082,1.850000023841858,2.0899999141693115
2023-07-14 13:30:00+00:00,2.0999999046325684,2.1600000858306885,1.9299999475479126,1.9700000286102295
2023-07-17 13:30:00+00:00,2.0,2.0799999237060547,1.8300000429153442,1.840000033378601
2023-07-18 13:30:00+00:00,1.809999942779541,1.8899999856948853,1.7599999904632568,1.7999999523162842
2023-07-19 13:30:00+00:00,1.8200000524520874,1.8899999856948853,1.7799999713897705,1.850000023841858
2023-07-20 13:30:00+00:00,1.8799999952316284,1.9079999923706055,1.7100000381469727,1.7200000286102295
2023-07-21 13:30:00+00:00,1.7400000095367432,1.809999942779541,1.659999966621399,1.7400000095367432
2023-07-24 13:30:00+00:00,1.6699999570846558,1.7200000286102295,1.6299999952316284,1.7000000476837158
2023-07-25 13:30:00+00:00,1.7100000381469727,1.809999942779541,1.690000057220459,1.690000057220459
2023-07-26 13:30:00+00:00,1.7000000476837158,1.7999999523162842,1.6799999475479126,1.7899999618530273
2023-07-27 13:30:00+00:00,1.8200000524520874,1.8300000429153442,1.7000000476837158,1.7100000381469727
2023-07-28 13:30:00+00:00,1.7400000095367432,1.809999942779541,1.7200000286102295,1.7899999618530273
2023-07-31 13:30:00+00:00,1.7999999523162842,1.8899999856948853,1.7899999618530273,1.8700000047683716
2023-08-01 13:30:00+00:00,1.7799999713897705,1.7999999523162842,1.6699999570846558,1.7799999713897705
2023-08-02 13:30:00+00:00,1.7699999809265137,1.850000023841858,1.7100000381469727,1.7200000286102295
2023-08-03 13:30:00+00:00,1.6699999570846558,1.690000057220459,1.6299999952316284,1.6399999856948853
2023-08-04 13:30:00+00:00,1.6299999952316284,1.659999966621399,1.559999942779541,1.559999942779541
2023-08-07 13:30:00+00:00,1.559999942779541,1.559999942779541,1.4450000524520874,1.5299999713897705
2023-08-08 13:30:00+00:00,1.559999942779541,1.649999976158142,1.5049999952316284,1.6200000047683716
2023-08-09 13:30:00+00:00,1.649999976158142,1.6699999570846558,1.5199999809265137,1.5299999713897705
2023-08-10 13:30:00+00:00,1.569000005722046,1.649999976158142,1.5399999618530273,1.5499999523162842
2023-08-11 13:30:00+00:00,1.5399999618530273,1.6100000143051147,1.5049999952316284,1.5800000429153442
2023-08-14 13:30:00+00:00,1.559999942779541,1.5800000429153442,1.5,1.5199999809265137
2023-08-15 13:30:00+00:00,1.5199999809265137,1.559999942779541,1.4600000381469727,1.4600000381469727
2023-08-16 13:30:00+00:00,1.4199999570846558,1.4600000381469727,1.3899999856948853,1.409999966621399
2023-08-17 13:30:00+00:00,1.350000023841858,1.3799999952316284,1.2999999523162842,1.3300000429153442
2023-08-18 13:30:00+00:00,1.2200000286102295,1.350000023841858,1.190000057220459,1.340000033378601
2023-08-21 13:30:00+00:00,1.3300000429153442,1.340000033378601,1.2599999904632568,1.2699999809265137
2023-08-22 13:30:00+00:00,1.2899999618530273,1.3200000524520874,1.2599999904632568,1.2799999713897705
2023-08-23 13:30:00+00:00,1.2799999713897705,1.399999976158142,1.2699999809265137,1.3899999856948853
2023-08-24 13:30:00+00:00,1.399999976158142,1.4299999475479126,1.2400000095367432,1.25
2023-08-25 13:30:00+00:00,1.2699999809265137,1.2699999809265137,1.2000000476837158,1.2599999904632568
2023-08-28 13:30:00+00:00,1.25,1.2999999523162842,1.2400000095367432,1.2599999904632568
2023-08-29 13:30:00+00:00,1.25,1.4950000047683716,1.2300000190734863,1.4600000381469727
2023-08-30 13:30:00+00:00,1.4199999570846558,1.4600000381469727,1.3899999856948853,1.440000057220459
2023-08-31 13:30:00+00:00,1.4299999475479126,1.4600000381469727,1.3600000143051147,1.3600000143051147
2023-09-01 13:30:00+00:00,1.3700000047683716,1.3899999856948853,1.2899999618530273,1.309999942779541
2023-09-05 13:30:00+00:00,1.2799999713897705,1.309999942779541,1.25,1.2599999904632568
2023-09-06 13:30:00+00:00,1.2599999904632568,1.2999999523162842,1.2200000286102295,1.2599999904632568
2023-09-07 13:30:00+00:00,1.2400000095367432,1.2699999809265137,1.2000000476837158,1.2400000095367432
2023-09-08 13:30:00+00:00,1.2699999809265137,1.2699999809265137,1.2000000476837158,1.2200000286102295
2023-09-11 13:30:00+00:00,1.2000000476837158,1.2200000286102295,1.100000023841858,1.100000023841858
2023-09-12 13:30:00+00:00,1.1699999570846558,1.2899999618530273,1.1299999952316284,1.149999976158142
2023-09-13 13:30:00+00:00,1.1699999570846558,1.1799999475479126,1.090000033378601,1.100000023841858
2023-09-14 13:30:00+00:00,1.1699999570846558,1.225000023841858,1.149999976158142,1.159999966621399
2023-09-15 13:30:00+00:00,1.149999976158142,1.1699999570846558,1.100000023841858,1.1699999570846558
2023-09-18 13:30:00+00:00,1.2100000381469727,1.2549999952316284,1.1200000047683716,1.149999976158142
2023-09-19 13:30:00+00:00,1.159999966621399,1.184999942779541,1.100000023841858,1.1299999952316284
2023-09-20 13:30:00+00:00,1.1100000143051147,1.1699999570846558,1.1100000143051147,1.1200000047683716
2023-09-21 13:30:00+00:00,1.100000023841858,1.1150000095367432,1.0499999523162842,1.090000033378601
2023-09-22 13:30:00+00:00,1.1200000047683716,1.1200000047683716,1.0429999828338623,1.059999942779541
2023-09-25 13:30:00+00:00,1.0199999809265137,1.090000033378601,1.0099999904632568,1.059999942779541
2023-09-26 13:30:00+00:00,1.0499999523162842,1.0750000476837158,1.0099999904632568,1.0199999809265137
2023-09-27 13:30:00+00:00,1.059999942779541,1.0700000524520874,1.0,1.0399999618530273
2023-09-28 13:30:00+00:00,1.0399999618530273,1.1399999856948853,1.0199999809265137,1.090000033378601
2023-09-29 13:30:00+00:00,1.125,1.1349999904632568,1.059999942779541,1.0700000524520874
2023-10-02 13:30:00+00:00,1.1399999856948853,1.2300000190734863,1.059999942779541,1.090000033378601
2023-10-03 13:30:00+00:00,1.0800000429153442,1.100000023841858,0.9599999785423279,0.9679999947547913
2023-10-04 13:30:00+00:00,1.0099999904632568,1.0199999809265137,0.9409999847412109,0.9929999709129333
2023-10-05 13:30:00+00:00,1.0099999904632568,1.0299999713897705,0.9750000238418579,1.0099999904632568
2023-10-06 13:30:00+00:00,0.9959999918937683,1.090000033378601,0.9800000190734863,1.0700000524520874
2023-10-09 13:30:00+00:00,1.0399999618530273,1.0700000524520874,1.0099999904632568,1.059999942779541
2023-10-10 13:30:00+00:00,1.059999942779541,1.100000023841858,1.0399999618530273,1.0499999523162842
2023-10-11 13:30:00+00:00,1.0499999523162842,1.0499999523162842,0.9900000095367432,1.0199999809265137
2023-10-12 13:30:00+00:00,1.0099999904632568,1.0099999904632568,0.949999988079071,0.9660000205039978
2023-10-13 13:30:00+00:00,0.9559999704360962,0.9800000190734863,0.9190000295639038,0.9470000267028809
2023-10-16 13:30:00+00:00,1.0299999713897705,1.0700000524520874,0.9900000095367432,1.059999942779541
2023-10-17 13:30:00+00:00,1.0499999523162842,1.100000023841858,1.0299999713897705,1.0499999523162842
2023-10-18 13:30:00+00:00,1.0499999523162842,1.059999942779541,0.9760000109672546,0.9929999709129333
2023-10-19 13:30:00+00:00,1.0,1.034999966621399,0.9800000190734863,0.9990000128746033
2023-10-20 13:30:00+00:00,1.0399999618530273,1.0889999866485596,0.9819999933242798,1.0199999809265137
2023-10-23 13:30:00+00:00,1.059999942779541,1.159999966621399,1.0,1.1299999952316284
2023-10-24 13:30:00+00:00,1.2200000286102295,1.2599999904632568,1.149999976158142,1.2100000381469727
2023-10-25 13:30:00+00:00,1.2200000286102295,1.2690000534057617,1.159999966621399,1.190000057220459
2023-10-26 13:30:00+00:00,1.159999966621399,1.190000057220459,1.0800000429153442,1.1100000143051147
2023-10-27 13:30:00+00:00,1.159999966621399,1.1699999570846558,1.090000033378601,1.100000023841858
2023-10-30 13:30:00+00:00,1.1299999952316284,1.1799999475479126,1.059999942779541,1.0800000429153442
2023-10-31 13:30:00+00:00,1.0800000429153442,1.090000033378601,1.0299999713897705,1.0499999523162842
2023-11-01 13:30:00+00:00,1.059999942779541,1.100000023841858,1.0299999713897705,1.100000023841858
2023-11-02 13:30:00+00:00,1.149999976158142,1.190000057220459,1.1100000143051147,1.1799999475479126
2023-11-03 13:30:00+00:00,1.159999966621399,1.2100000381469727,1.1399999856948853,1.1699999570846558
2023-11-06 14:30:00+00:00,1.2100000381469727,1.2100000381469727,1.1200000047683716,1.159999966621399
2023-11-07 14:30:00+00:00,1.1100000143051147,1.1799999475479126,1.0800000429153442,1.1699999570846558
2023-11-08 14:30:00+00:00,1.149999976158142,1.159999966621399,1.0800000429153442,1.1200000047683716
2023-11-09 14:30:00+00:00,1.2000000476837158,1.340000033378601,1.1699999570846558,1.2000000476837158
2023-11-10 14:30:00+00:00,1.2000000476837158,1.25,1.149999976158142,1.2000000476837158
2023-11-13 14:30:00+00:00,1.2100000381469727,1.2200000286102295,1.1100000143051147,1.1200000047683716
2023-11-14 14:30:00+00:00,1.1399999856948853,1.1699999570846558,1.100000023841858,1.149999976158142
2023-11-15 14:30:00+00:00,1.1699999570846558,1.3600000143051147,1.149999976158142,1.2999999523162842
2023-11-16 14:30:00+00:00,1.2599999904632568,1.274999976158142,1.1649999618530273,1.2100000381469727
2023-11-17 14:30:00+00:00,1.2300000190734863,1.2300000190734863,1.159999966621399,1.1799999475479126
2023-11-20 14:30:00+00:00,1.2100000381469727,1.2480000257492065,1.149999976158142,1.1699999570846558
2023-11-21 14:30:00+00:00,1.149999976158142,1.159999966621399,1.100000023841858,1.1399999856948853
2023-11-22 14:30:00+00:00,1.149999976158142,1.1799999475479126,1.1100000143051147,1.159999966621399
2023-11-24 14:30:00+00:00,1.0299999713897705,1.1299999952316284,1.0099999904632568,1.0700000524520874
2023-11-27 14:30:00+00:00,1.0499999523162842,1.100000023841858,1.0299999713897705,1.059999942779541
2023-11-28 14:30:00+00:00,1.2300000190734863,1.3700000047683716,1.149999976158142,1.340000033378601
2023-11-29 14:30:00+00:00,1.4600000381469727,1.5499999523162842,1.3700000047683716,1.5
2023-11-30 14:30:00+00:00,1.5,1.5199999809265137,1.4299999475479126,1.4299999475479126
2023-12-01 14:30:00+00:00,1.4700000286102295,1.690000057220459,1.4500000476837158,1.659999966621399
2023-12-04 14:30:00+00:00,1.9199999570846558,1.9700000286102295,1.659999966621399,1.75
2023-12-05 14:30:00+00:00,1.7599999904632568,2.059999942779541,1.7400000095367432,1.9500000476837158
2023-12-06 14:30:00+00:00,2.049999952316284,2.055000066757202,1.9049999713897705,1.9700000286102295
2023-12-07 14:30:00+00:00,1.8700000047683716,2.1700000762939453,1.840000033378601,2.140000104904175
2023-12-08 14:30:00+00:00,2.1700000762939453,2.619999885559082,2.1600000858306885,2.5899999141693115
2023-12-11 14:30:00+00:00,2.3299999237060547,2.5,2.1600000858306885,2.2699999809265137
2023-12-12 14:30:00+00:00,2.390000104904175,2.559999942779541,2.359999895095825,2.490000009536743
2023-12-13 14:30:00+00:00,2.5299999713897705,2.9600000381469727,2.450000047683716,2.950000047683716
2023-12-14 14:30:00+00:00,3.069999933242798,3.180000066757202,2.8299999237060547,2.890000104904175
2023-12-15 14:30:00+00:00,2.7799999713897705,3.049999952316284,2.7300000190734863,2.9700000286102295
2023-12-18 14:30:00+00:00,2.940000057220459,3.1700000762939453,2.859999895095825,2.9200000762939453
2023-12-19 14:30:00+00:00,3.009999990463257,3.059999942779541,2.680000066757202,2.7799999713897705
2023-12-20 14:30:00+00:00,2.930000066757202,3.0399999618530273,2.700000047683716,2.7200000286102295
2023-12-21 14:30:00+00:00,2.819999933242798,2.9200000762939453,2.690000057220459,2.890000104904175
2023-12-22 14:30:00+00:00,2.880000114440918,3.115000009536743,2.7750000953674316,2.990000009536743
2023-12-26 14:30:00+00:00,2.9149999618530273,3.2899999618530273,2.859999895095825,3.240000009536743
2023-12-27 14:30:00+00:00,3.359999895095825,3.559999942779541,3.2799999713897705,3.509999990463257
2023-12-28 14:30:00+00:00,3.4000000953674316,3.4800000190734863,3.2699999809265137,3.319999933242798
2023-12-29 14:30:00+00:00,3.369999885559082,3.509999990463257,2.8499999046325684,2.9100000858306885
2024-01-02 14:30:00+00:00,3.309999942779541,3.319999933242798,2.809999942779541,2.8399999141693115
2024-01-03 14:30:00+00:00,2.5799999237060547,2.9000000953674316,2.509999990463257,2.809999942779541
2024-01-04 14:30:00+00:00,2.8499999046325684,2.990000009536743,2.7200000286102295,2.930000066757202
2024-01-05 14:30:00+00:00,2.880000114440918,2.880000114440918,2.640000104904175,2.7200000286102295
2024-01-08 14:30:00+00:00,2.7799999713897705,3.069999933242798,2.5799999237060547,2.9700000286102295
2024-01-09 14:30:00+00:00,2.9700000286102295,3.069999933242798,2.880000114440918,2.9200000762939453
2024-01-10 14:30:00+00:00,2.8299999237060547,3.1700000762939453,2.75,3.0
2024-01-11 14:30:00+00:00,3.25,3.390000104904175,2.5350000858306885,2.5999999046325684
2024-01-12 14:30:00+00:00,2.505000114440918,2.619999885559082,2.365000009536743,2.440000057220459
2024-01-16 14:30:00+00:00,2.3399999141693115,2.380000114440918,2.180000066757202,2.309999942779541
2024-01-17 14:30:00+00:00,2.2200000286102295,2.305000066757202,2.200000047683716,2.2699999809265137
2024-01-18 14:30:00+00:00,2.3299999237060547,2.390000104904175,2.069999933242798,2.0799999237060547
2024-01-19 14:30:00+00:00,2.059999942779541,2.119999885559082,1.899999976158142,2.0899999141693115
2024-01-22 14:30:00+00:00,2.0,2.180000066757202,1.9639999866485596,2.0899999141693115
2024-01-23 14:30:00+00:00,2.0199999809265137,2.059999942779541,1.9600000381469727,2.0199999809265137
2024-01-24 14:30:00+00:00,2.109999895095825,2.200000047683716,2.005000114440918,2.0199999809265137
2024-01-25 14:30:00+00:00,2.0450000762939453,2.109999895095825,2.0,2.069999933242798
2024-01-26 14:30:00+00:00,2.200000047683716,2.375,2.1619999408721924,2.3299999237060547
2024-01-29 14:30:00+00:00,2.390000104904175,2.569999933242798,2.2899999618530273,2.4000000953674316
2024-01-30 14:30:00+00:00,2.4200000762939453,2.4600000381469727,2.2699999809265137,2.309999942779541
2024-01-31 14:30:00+00:00,2.2300000190734863,2.4600000381469727,2.200000047683716,2.3299999237060547
2024-02-01 14:30:00+00:00,2.2699999809265137,2.380000114440918,2.190000057220459,2.309999942779541
2024-02-02 14:30:00+00:00,2.259999990463257,2.3259999752044678,2.180000066757202,2.240000009536743
2024-02-05 14:30:00+00:00,2.240000009536743,2.25,2.0999999046325684,2.130000114440918
2024-02-06 14:30:00+00:00,2.130000114440918,2.25,2.0999999046325684,2.2300000190734863
2024-02-07 14:30:00+00:00,2.240000009536743,2.2899999618530273,2.109999895095825,2.2799999713897705
2024-02-08 14:30:00+00:00,2.4100000858306885,2.559999942779541,2.380000114440918,2.5199999809265137
2024-02-09 14:30:00+00:00,2.700000047683716,2.7699999809265137,2.5239999294281006,2.7200000286102295
2024-02-12 14:30:00+00:00,2.75,3.1600000858306885,2.75,3.069999933242798
2024-02-13 14:30:00+00:00,2.7699999809265137,3.0899999141693115,2.740000009536743,3.009999990463257
2024-02-14 14:30:00+00:00,3.359999895095825,3.5,3.240000009536743,3.490000009536743
2024-02-15 14:30:00+00:00,3.609999895095825,3.6500000953674316,3.3299999237060547,3.4800000190734863
2024-02-16 14:30:00+00:00,3.5299999713897705,3.680000066757202,3.369999885559082,3.609999895095825
2024-02-20 14:30:00+00:00,3.6500000953674316,3.7200000286102295,3.259999990463257,3.4600000381469727
2024-02-21 14:30:00+00:00,3.2249999046325684,3.3010001182556152,3.1500000953674316,3.1500000953674316
2024-02-22 14:30:00+00:00,3.2100000381469727,3.3299999237060547,3.1500000953674316,3.190000057220459
2024-02-23 14:30:00+00:00,3.119999885559082,3.1700000762939453,2.9700000286102295,3.0199999809265137
2024-02-26 14:30:00+00:00,3.059999942779541,3.690000057220459,3.0399999618530273,3.5999999046325684
2024-02-27 14:30:00+00:00,3.880000114440918,3.9100000858306885,3.490000009536743,3.5399999618530273
2024-02-28 14:30:00+00:00,3.759999990463257,3.7799999713897705,3.130000114440918,3.1600000858306885
2024-02-29 14:30:00+00:00,3.2950000762939453,3.299999952316284,2.75,2.8499999046325684
2024-03-01 14:30:00+00:00,2.9000000953674316,2.930000066757202,2.759999990463257,2.930000066757202
2024-03-04 14:30:00+00:00,3.0,3.0250000953674316,2.569999933242798,2.630000114440918
2024-03-05 14:30:00+00:00,2.569999933242798,2.6600000858306885,2.434999942779541,2.490000009536743
2024-03-06 14:30:00+00:00,2.569999933242798,2.700000047683716,2.424999952316284,2.640000104904175
2024-03-07 14:30:00+00:00,2.559999942779541,2.5899999141693115,2.369999885559082,2.509999990463257
2024-03-08 14:30:00+00:00,2.5399999618530273,2.859999895095825,2.5230000019073486,2.6700000762939453
2024-03-11 13:30:00+00:00,2.6600000858306885,2.6710000038146973,2.369999885559082,2.390000104904175
2024-03-12 13:30:00+00:00,2.390000104904175,2.4000000953674316,2.25,2.3399999141693115
2024-03-13 13:30:00+00:00,2.319999933242798,2.430000066757202,2.2699999809265137,2.359999895095825
2024-03-14 13:30:00+00:00,2.319999933242798,2.3299999237060547,2.1700000762939453,2.2100000381469727
2024-03-15 13:30:00+00:00,2.1600000858306885,2.319999933242798,2.109999895095825,2.259999990463257
2024-03-18 13:30:00+00:00,2.25,2.319999933242798,2.200000047683716,2.2300000190734863
2024-03-19 13:30:00+00:00,2.140000104904175,2.2750000953674316,2.109999895095825,2.240000009536743
2024-03-20 13:30:00+00:00,2.240000009536743,2.5,2.2300000190734863,2.490000009536743
2024-03-21 13:30:00+00:00,2.5299999713897705,2.559999942779541,2.4000000953674316,2.4000000953674316
2024-03-22 13:30:00+00:00,2.4100000858306885,2.4100000858306885,2.2899999618530273,2.309999942779541
2024-03-25 13:30:00+00:00,2.299999952316284,2.440000057220459,2.240000009536743,2.2899999618530273
2024-03-26 13:30:00+00:00,2.299999952316284,2.309999942779541,2.1600000858306885,2.180000066757202
2024-03-27 13:30:00+00:00,2.2200000286102295,2.240000009536743,2.049999952316284,2.1600000858306885
2024-03-28 13:30:00+00:00,2.1700000762939453,2.4200000762939453,2.140000104904175,2.2300000190734863
2024-04-01 13:30:00+00:00,2.2799999713897705,2.3399999141693115,2.2100000381469727,2.265000104904175
2024-04-02 13:30:00+00:00,2.190000057220459,2.200000047683716,2.0999999046325684,2.180000066757202
2024-04-03 13:30:00+00:00,2.190000057220459,2.259999990463257,2.1600000858306885,2.2149999141693115
2024-04-04 13:30:00+00:00,2.259999990463257,2.3299999237060547,2.1600000858306885,2.1649999618530273
2024-04-05 13:30:00+00:00,2.130000114440918,2.184999942779541,2.059999942779541,2.0799999237060547
2024-04-08 13:30:00+00:00,2.180000066757202,2.2100000381469727,2.0199999809265137,2.0299999713897705
2024-04-09 13:30:00+00:00,2.0199999809265137,2.0399999618530273,1.940000057220459,1.965000033378601
2024-04-10 13:30:00+00:00,1.909999966621399,2.009999990463257,1.8899999856948853,1.9299999475479126
2024-04-11 13:30:00+00:00,1.9700000286102295,1.9800000190734863,1.850000023841858,1.909999966621399
2024-04-12 13:30:00+00:00,1.8700000047683716,1.8869999647140503,1.7899999618530273,1.809999942779541
2024-04-15 13:30:00+00:00,1.7799999713897705,1.850000023841858,1.725000023841858,1.7300000190734863
2024-04-16 13:30:00+00:00,1.690000057220459,1.75,1.659999966621399,1.7100000381469727
2024-04-17 13:30:00+00:00,1.75,1.8300000429153442,1.7000000476837158,1.784999966621399
2024-04-18 13:30:00+00:00,1.840000033378601,1.965000033378601,1.7899999618530273,1.8899999856948853
2024-04-19 13:30:00+00:00,1.9500000476837158,1.9700000286102295,1.8600000143051147,1.9199999570846558
2024-04-22 13:30:00+00:00,1.9700000286102295,2.075000047683716,1.8799999952316284,2.049999952316284
2024-04-23 13:30:00+00:00,2.0299999713897705,2.140000104904175,2.0199999809265137,2.109999895095825
2024-04-24 13:30:00+00:00,2.109999895095825,2.119999885559082,2.0,2.059999942779541
2024-04-25 13:30:00+00:00,1.9500000476837158,2.0399999618530273,1.909999966621399,2.005000114440918
2024-04-26 13:30:00+00:00,1.9700000286102295,2.0369999408721924,1.940000057220459,1.9600000381469727
2024-04-29 13:30:00+00:00,1.9199999570846558,1.9700000286102295,1.8700000047683716,1.8899999856948853
2024-04-30 13:30:00+00:00,1.840000033378601,1.8700000047683716,1.7599999904632568,1.7899999618530273
2024-05-01 13:30:00+00:00,1.7599999904632568,1.8600000143051147,1.7100000381469727,1.7799999713897705
2024-05-02 13:30:00+00:00,1.8300000429153442,1.850000023841858,1.7640000581741333,1.7999999523162842
2024-05-03 13:30:00+00:00,1.8600000143051147,1.909999966621399,1.8200000524520874,1.8200000524520874
2024-05-06 13:30:00+00:00,1.8700000047683716,1.9800000190734863,1.8600000143051147,1.9199999570846558
2024-05-07 13:30:00+00:00,1.909999966621399,1.9299999475479126,1.8200000524520874,1.8300000429153442
2024-05-08 13:30:00+00:00,1.7999999523162842,1.8300000429153442,1.7400000095367432,1.7999999523162842
2024-05-09 13:30:00+00:00,1.809999942779541,1.850000023841858,1.7599999904632568,1.850000023841858
2024-05-10 13:30:00+00:00,1.8799999952316284,1.8799999952316284,1.7100000381469727,1.7300000190734863
2024-05-13 13:30:00+00:00,1.6200000047683716,1.659999966621399,1.5199999809265137,1.590000033378601
2024-05-14 13:30:00+00:00,1.5700000524520874,1.649999976158142,1.559999942779541,1.6100000143051147
2024-05-15 13:30:00+00:00,1.7000000476837158,1.8799999952316284,1.649999976158142,1.850000023841858
2024-05-16 13:30:00+00:00,1.7899999618530273,1.8600000143051147,1.75,1.7599999904632568
2024-05-17 13:30:00+00:00,1.7699999809265137,1.8600000143051147,1.7400000095367432,1.75
2024-05-20 13:30:00+00:00,1.7799999713897705,1.850000023841858,1.7200000286102295,1.8350000381469727
2024-05-21 13:30:00+00:00,1.8300000429153442,1.9299999475479126,1.809999942779541,1.8700000047683716
2024-05-22 13:30:00+00:00,1.8700000047683716,2.115000009536743,1.8550000190734863,2.0399999618530273
2024-05-23 13:30:00+00:00,2.069999933242798,2.0999999046325684,1.9500000476837158,1.9600000381469727
2024-05-24 13:30:00+00:00,1.9900000095367432,2.119999885559082,1.940000057220459,2.0199999809265137
2024-05-28 13:30:00+00:00,2.200000047683716,2.240000009536743,2.0899999141693115,2.2100000381469727
2024-05-29 13:30:00+00:00,2.2300000190734863,2.3399999141693115,2.1500000953674316,2.180000066757202
2024-05-30 13:30:00+00:00,2.2100000381469727,2.299999952316284,2.1500000953674316,2.25
2024-05-31 13:30:00+00:00,2.2799999713897705,2.2899999618530273,2.180000066757202,2.240000009536743
2024-06-03 13:30:00+00:00,2.2699999809265137,2.369999885559082,2.259999990463257,2.3299999237060547
2024-06-04 13:30:00+00:00,2.319999933242798,2.440000057220459,2.299999952316284,2.4100000858306885
2024-06-05 13:30:00+00:00,2.450000047683716,2.5199999809265137,2.380000114440918,2.509999990463257
2024-06-06 13:30:00+00:00,2.5199999809265137,2.5799999237060547,2.4000000953674316,2.450000047683716
2024-06-07 13:30:00+00:00,2.4700000286102295,2.549999952316284,2.4000000953674316,2.4000000953674316
2024-06-10 13:30:00+00:00,2.299999952316284,2.440000057220459,2.259999990463257,2.299999952316284
2024-06-11 13:30:00+00:00,2.2100000381469727,2.2750000953674316,2.140000104904175,2.2699999809265137
2024-06-12 13:30:00+00:00,2.3399999141693115,2.5199999809265137,2.319999933242798,2.430000066757202
2024-06-13 13:30:00+00:00,2.569999933242798,2.880000114440918,2.5199999809265137,2.809999942779541
2024-06-14 13:30:00+00:00,2.9549999237060547,2.9600000381469727,2.799999952316284,2.869999885559082
2024-06-17 13:30:00+00:00,2.869999885559082,3.2300000190734863,2.819999933242798,3.140000104904175
2024-06-18 13:30:00+00:00,3.0199999809265137,3.2300000190734863,3.009999990463257,3.1500000953674316
2024-06-20 13:30:00+00:00,3.1600000858306885,3.2799999713897705,3.0199999809265137,3.119999885559082
2024-06-21 13:30:00+00:00,2.950000047683716,2.9749999046325684,2.8450000286102295,2.940000057220459
2024-06-24 13:30:00+00:00,2.7300000190734863,2.8350000381469727,2.630000114440918,2.680000066757202
2024-06-25 13:30:00+00:00,2.7300000190734863,2.930000066757202,2.7100000381469727,2.7799999713897705
2024-06-26 13:30:00+00:00,2.740000009536743,2.7899999618530273,2.630000114440918,2.6500000953674316
2024-06-27 13:30:00+00:00,2.680000066757202,2.7699999809265137,2.5799999237060547,2.5899999141693115
2024-06-28 13:30:00+00:00,2.5999999046325684,2.640000104904175,2.5299999713897705,2.569999933242798
2024-07-01 13:30:00+00:00,2.680000066757202,2.740000009536743,2.5999999046325684,2.680000066757202
2024-07-02 13:30:00+00:00,2.7300000190734863,2.740000009536743,2.4800000190734863,2.5250000953674316
2024-07-03 13:30:00+00:00,2.4700000286102295,2.549999952316284,2.450000047683716,2.509999990463257
2024-07-05 13:30:00+00:00,2.319999933242798,2.690000057220459,2.299999952316284,2.6700000762939453
2024-07-08 13:30:00+00:00,2.740000009536743,2.809999942779541,2.609999895095825,2.6649999618530273
2024-07-09 13:30:00+00:00,2.700000047683716,2.7200000286102295,2.4700000286102295,2.4800000190734863
2024-07-10 13:30:00+00:00,2.509999990463257,2.5350000858306885,2.4200000762939453,2.440000057220459
2024-07-11 13:30:00+00:00,2.5199999809265137,2.569999933242798,2.4100000858306885,2.450000047683716
2024-07-12 13:30:00+00:00,2.4600000381469727,2.549999952316284,2.4100000858306885,2.5299999713897705
2024-07-15 13:30:00+00:00,2.690000057220459,2.7899999618530273,2.5999999046325684,2.7699999809265137
2024-07-16 13:30:00+00:00,2.809999942779541,3.009999990463257,2.7699999809265137,2.9700000286102295
2024-07-17 13:30:00+00:00,2.9100000858306885,3.1480000019073486,2.890000104904175,2.9600000381469727
2024-07-18 13:30:00+00:00,3.0299999713897705,3.059999942779541,2.630000114440918,2.6700000762939453
2024-07-19 13:30:00+00:00,2.7100000381469727,2.859999895095825,2.6600000858306885,2.7899999618530273
2024-07-22 13:30:00+00:00,2.869999885559082,2.9100000858306885,2.75,2.880000114440918
2024-07-23 13:30:00+00:00,2.819999933242798,2.859999895095825,2.700000047683716,2.700000047683716
2024-07-24 13:30:00+00:00,2.700000047683716,2.7699999809265137,2.609999895095825,2.609999895095825
2024-07-25 13:30:00+00:00,2.5999999046325684,2.690000057220459,2.490000009536743,2.5799999237060547
2024-07-26 13:30:00+00:00,2.6700000762939453,2.7899999618530273,2.630000114440918,2.690000057220459
2024-07-29 13:30:00+00:00,2.7799999713897705,2.8399999141693115,2.549999952316284,2.549999952316284
2024-07-30 13:30:00+00:00,2.549999952316284,2.5999999046325684,2.4700000286102295,2.5199999809265137
2024-07-31 13:30:00+00:00,2.549999952316284,2.7300000190734863,2.549999952316284,2.5899999141693115
2024-08-01 13:30:00+00:00,2.609999895095825,2.680000066757202,2.4000000953674316,2.4600000381469727
2024-08-02 13:30:00+00:00,2.390000104904175,2.447999954223633,2.1500000953674316,2.180000066757202
2024-08-05 13:30:00+00:00,1.690000057220459,2.0399999618530273,1.649999976158142,2.0
2024-08-06 13:30:00+00:00,2.059999942779541,2.0899999141693115,1.9600000381469727,2.049999952316284
2024-08-07 13:30:00+00:00,2.0999999046325684,2.130000114440918,1.8700000047683716,1.8849999904632568
2024-08-08 13:30:00+00:00,1.9700000286102295,2.3499999046325684,1.9550000429153442,2.299999952316284
2024-08-09 13:30:00+00:00,2.299999952316284,2.3299999237060547,2.200000047683716,2.2699999809265137
2024-08-12 13:30:00+00:00,2.25,2.299999952316284,2.1600000858306885,2.2200000286102295
2024-08-13 13:30:00+00:00,2.200000047683716,2.3499999046325684,2.190000057220459,2.2799999713897705
2024-08-14 13:30:00+00:00,2.299999952316284,2.380000114440918,2.180000066757202,2.2300000190734863
2024-08-15 13:30:00+00:00,2.2300000190734863,2.3949999809265137,2.2300000190734863,2.299999952316284
2024-08-16 13:30:00+00:00,2.2699999809265137,2.4200000762939453,2.25,2.390000104904175
2024-08-19 13:30:00+00:00,2.369999885559082,2.444999933242798,2.3299999237060547,2.390000104904175
2024-08-20 13:30:00+00:00,2.430000066757202,2.490000009536743,2.319999933242798,2.359999895095825
2024-08-21 13:30:00+00:00,2.180000066757202,2.380000114440918,2.1600000858306885,2.380000114440918
2024-08-22 13:30:00+00:00,2.380000114440918,2.390000104904175,2.25,2.259999990463257
2024-08-23 13:30:00+00:00,2.2799999713897705,2.450000047683716,2.2699999809265137,2.440000057220459
2024-08-26 13:30:00+00:00,2.440000057220459,2.440000057220459,2.3420000076293945,2.380000114440918
2024-08-27 13:30:00+00:00,2.319999933242798,2.3350000381469727,2.2200000286102295,2.259999990463257
2024-08-28 13:30:00+00:00,2.2200000286102295,2.2300000190734863,2.119999885559082,2.1600000858306885
2024-08-29 13:30:00+00:00,2.200000047683716,2.2699999809265137,2.1500000953674316,2.1700000762939453
2024-08-30 13:30:00+00:00,2.1700000762939453,2.184999942779541,2.119999885559082,2.1600000858306885
2024-09-03 13:30:00+00:00,2.130000114440918,2.1500000953674316,1.9299999475479126,1.9600000381469727
2024-09-04 13:30:00+00:00,1.899999976158142,2.0,1.8799999952316284,1.934999942779541
2024-09-05 13:30:00+00:00,1.9199999570846558,1.9800000190734863,1.8899999856948853,1.909999966621399
2024-09-06 13:30:00+00:00,1.9299999475479126,1.9500000476837158,1.7699999809265137,1.7899999618530273
2024-09-09 13:30:00+00:00,1.850000023841858,1.9500000476837158,1.8250000476837158,1.940000057220459
2024-09-10 13:30:00+00:00,1.9700000286102295,2.009999990463257,1.8700000047683716,2.009999990463257
2024-09-11 13:30:00+00:00,1.9600000381469727,2.009999990463257,1.8799999952316284,1.9900000095367432
2024-09-12 13:30:00+00:00,2.0,2.0799999237060547,1.9500000476837158,2.0399999618530273
2024-09-13 13:30:00+00:00,2.0399999618530273,2.119999885559082,2.0,2.0399999618530273
2024-09-16 13:30:00+00:00,1.9800000190734863,2.0199999809265137,1.9500000476837158,1.9800000190734863
2024-09-17 13:30:00+00:00,2.009999990463257,2.0799999237060547,1.9700000286102295,2.0399999618530273
2024-09-18 13:30:00+00:00,2.0399999618530273,2.0899999141693115,1.940000057220459,1.9600000381469727
2024-09-19 13:30:00+00:00,2.069999933242798,2.109999895095825,2.0199999809265137,2.0299999713897705
2024-09-20 13:30:00+00:00,2.0399999618530273,2.049999952316284,1.9700000286102295,2.0
2024-09-23 13:30:00+00:00,2.009999990463257,2.069999933242798,1.9900000095367432,2.049999952316284
2024-09-24 13:30:00+00:00,2.069999933242798,2.2100000381469727,2.0399999618530273,2.2100000381469727
2024-09-25 13:30:00+00:00,2.190000057220459,2.25,2.119999885559082,2.130000114440918
2024-09-26 13:30:00+00:00,2.180000066757202,2.2699999809265137,2.1500000953674316,2.200000047683716
2024-09-27 13:30:00+00:00,2.2699999809265137,2.299999952316284,2.2100000381469727,2.25
2024-09-30 13:30:00+00:00,2.1700000762939453,2.190000057220459,2.0850000381469727,2.109999895095825
2024-10-01 13:30:00+00:00,2.0999999046325684,2.1050000190734863,1.9600000381469727,1.9800000190734863
2024-10-02 13:30:00+00:00,1.9500000476837158,2.009999990463257,1.9299999475479126,1.9800000190734863
2024-10-03 13:30:00+00:00,1.9700000286102295,1.9900000095367432,1.9199999570846558,1.9700000286102295
2024-10-04 13:30:00+00:00,2.0399999618530273,2.059999942779541,1.9539999961853027,2.0199999809265137
2024-10-07 13:30:00+00:00,2.0199999809265137,2.0299999713897705,1.850000023841858,1.8899999856948853
2024-10-08 13:30:00+00:00,1.899999976158142,1.9299999475479126,1.8200000524520874,1.840000033378601
2024-10-09 13:30:00+00:00,1.850000023841858,1.8600000143051147,1.7599999904632568,1.7799999713897705
2024-10-10 13:30:00+00:00,1.7799999713897705,1.7899999618530273,1.7200000286102295,1.75
2024-10-11 13:30:00+00:00,1.7899999618530273,1.8650000095367432,1.774999976158142,1.850000023841858
2024-10-14 13:30:00+00:00,1.9500000476837158,1.9550000429153442,1.850000023841858,1.909999966621399
2024-10-15 13:30:00+00:00,1.8700000047683716,1.937999963760376,1.840000033378601,1.850000023841858
2024-10-16 13:30:00+00:00,1.8799999952316284,1.9299999475479126,1.840000033378601,1.9299999475479126
2024-10-17 13:30:00+00:00,1.899999976158142,1.909999966621399,1.8300000429153442,1.8700000047683716
2024-10-18 13:30:00+00:00,1.8899999856948853,2.069999933242798,1.8700000047683716,2.059999942779541
2024-10-21 13:30:00+00:00,2.0399999618530273,2.1600000858306885,2.0,2.1500000953674316
2024-10-22 13:30:00+00:00,2.130000114440918,2.1600000858306885,2.059999942779541,2.0999999046325684
2024-10-23 13:30:00+00:00,2.069999933242798,2.0950000286102295,1.909999966621399,1.9700000286102295
2024-10-24 13:30:00+00:00,2.009999990463257,2.049999952316284,1.9299999475479126,1.9900000095367432
2024-10-25 13:30:00+00:00,2.009999990463257,2.0299999713897705,1.8899999856948853,1.899999976158142
2024-10-28 13:30:00+00:00,1.9700000286102295,2.177999973297119,1.9700000286102295,2.140000104904175
2024-10-29 13:30:00+00:00,2.259999990463257,2.365000009536743,2.2300000190734863,2.25
2024-10-30 13:30:00+00:00,2.190000057220459,2.2899999618530273,2.140000104904175,2.140000104904175
2024-10-31 13:30:00+00:00,2.069999933242798,2.0799999237060547,1.9199999570846558,1.9249999523162842
2024-11-01 13:30:00+00:00,1.9299999475479126,2.0199999809265137,1.850000023841858,1.8600000143051147
2024-11-04 14:30:00+00:00,1.809999942779541,1.8300000429153442,1.7100000381469727,1.7300000190734863
2024-11-05 14:30:00+00:00,1.7899999618530273,1.8550000190734863,1.7400000095367432,1.809999942779541
2024-11-06 14:30:00+00:00,2.0,2.1700000762939453,1.9700000286102295,2.130000114440918
2024-11-07 14:30:00+00:00,2.109999895095825,2.2699999809265137,2.109999895095825,2.25
2024-11-08 14:30:00+00:00,2.240000009536743,2.259999990463257,2.1500000953674316,2.240000009536743
2024-11-11 14:30:00+00:00,2.484999895095825,2.690000057220459,2.4600000381469727,2.640000104904175
2024-11-12 14:30:00+00:00,2.549999952316284,2.75,2.490000009536743,2.690000057220459
2024-11-13 14:30:00+00:00,2.690000057220459,2.759999990463257,2.25,2.265000104904175
2024-11-14 14:30:00+00:00,2.3499999046325684,2.380000114440918,2.0999999046325684,2.109999895095825
2024-11-15 14:30:00+00:00,2.190000057220459,2.2799999713897705,2.0999999046325684,2.25
2024-11-18 14:30:00+00:00,2.2200000286102295,2.319999933242798,2.069999933242798,2.1600000858306885
2024-11-19 14:30:00+00:00,2.140000104904175,2.299999952316284,2.049999952316284,2.2300000190734863
2024-11-20 14:30:00+00:00,2.2799999713897705,2.3299999237060547,2.0999999046325684,2.1700000762939453
2024-11-21 14:30:00+00:00,2.265000104904175,2.2950000762939453,2.0,2.049999952316284
2024-11-22 14:30:00+00:00,2.0299999713897705,2.1500000953674316,1.9600000381469727,2.109999895095825
2024-11-25 14:30:00+00:00,2.130000114440918,2.1700000762939453,2.0199999809265137,2.049999952316284
2024-11-26 14:30:00+00:00,1.975000023841858,2.0899999141693115,1.940000057220459,1.9700000286102295
2024-11-27 14:30:00+00:00,2.009999990463257,2.180000066757202,2.0,2.1500000953674316
2024-11-29 14:30:00+00:00,2.1700000762939453,2.2899999618530273,2.1500000953674316,2.1500000953674316
2024-12-02 14:30:00+00:00,2.130000114440918,2.190000057220459,2.0,2.0399999618530273
2024-12-03 14:30:00+00:00,1.9620000123977661,2.0299999713897705,1.930999994277954,1.9900000095367432
2024-12-04 14:30:00+00:00,2.0399999618530273,2.1700000762939453,1.9900000095367432,2.140000104904175
2024-12-05 14:30:00+00:00,2.259999990463257,2.369999885559082,2.0799999237060547,2.0799999237060547
2024-12-06 14:30:00+00:00,2.119999885559082,2.3299999237060547,2.109999895095825,2.2899999618530273
2024-12-09 14:30:00+00:00,2.2300000190734863,2.3499999046325684,2.109999895095825,2.140000104904175
2024-12-10 14:30:00+00:00,2.140000104904175,2.140000104904175,1.9800000190734863,2.009999990463257
2024-12-11 14:30:00+00:00,2.069999933242798,2.125,2.009999990463257,2.069999933242798
2024-12-12 14:30:00+00:00,2.118000030517578,2.1600000858306885,2.0,2.0199999809265137
2024-12-13 14:30:00+00:00,2.0199999809265137,2.0199999809265137,1.9299999475479126,1.9299999475479126
2024-12-16 14:30:00+00:00,1.972000002861023,2.1700000762939453,1.9600000381469727,2.0999999046325684
2024-12-17 14:30:00+00:00,2.1500000953674316,2.1500000953674316,2.0199999809265137,2.069999933242798
2024-12-18 14:30:00+00:00,2.0399999618530273,2.0799999237060547,1.7999999523162842,1.8200000524520874
2024-12-19 14:30:00+00:00,1.899999976158142,1.899999976158142,1.690000057220459,1.690000057220459
2024-12-20 14:30:00+00:00,1.6349999904632568,1.7100000381469727,1.590000033378601,1.6799999475479126
2024-12-23 14:30:00+00:00,1.6799999475479126,1.6799999475479126,1.559999942779541,1.590000033378601
2024-12-24 14:30:00+00:00,1.6449999809265137,1.7200000286102295,1.6200000047683716,1.690000057220459
2024-12-26 14:30:00+00:00,1.7000000476837158,1.7000000476837158,1.6200000047683716,1.659999966621399
2024-12-27 14:30:00+00:00,1.659999966621399,1.6950000524520874,1.5499999523162842,1.6299999952316284
2024-12-30 14:30:00+00:00,1.600000023841858,1.6050000190734863,1.5,1.5399999618530273
2024-12-31 14:30:00+00:00,1.590000033378601,1.5989999771118164,1.4800000190734863,1.4900000095367432
