date,open,high,low,close
2019-06-17 13:30:00+00:00,94.11764526367188,94.11764526367188,94.11764526367188,94.11764526367188
2019-06-18 13:30:00+00:00,94.11764526367188,94.11764526367188,94.11764526367188,94.11764526367188
2019-06-19 13:30:00+00:00,94.11764526367188,94.11764526367188,94.11764526367188,94.11764526367188
2019-06-20 13:30:00+00:00,94.11764526367188,94.11764526367188,94.11764526367188,94.11764526367188
2019-06-21 13:30:00+00:00,94.11764526367188,94.11764526367188,94.11764526367188,94.11764526367188
2019-06-24 13:30:00+00:00,94.11764526367188,94.11764526367188,94.11764526367188,94.11764526367188
2019-06-25 13:30:00+00:00,94.11764526367188,94.11764526367188,94.11764526367188,94.11764526367188
2019-06-26 13:30:00+00:00,105.88235473632812,105.88235473632812,100.0,105.88235473632812
2019-06-27 13:30:00+00:00,82.35294342041016,82.35294342041016,82.35294342041016,82.35294342041016
2019-06-28 13:30:00+00:00,76.47058868408203,117.64705657958984,76.47058868408203,117.64705657958984
2019-07-01 13:30:00+00:00,100.0,100.0,100.0,100.0
2019-07-02 13:30:00+00:00,100.0,100.0,100.0,100.0
2019-07-03 13:30:00+00:00,100.0,100.0,100.0,100.0
2019-07-05 13:30:00+00:00,100.0,100.0,100.0,100.0
2019-07-08 13:30:00+00:00,100.5882339477539,100.5882339477539,100.0,100.0
2019-07-09 13:30:00+00:00,117.64705657958984,117.64705657958984,117.64705657958984,117.64705657958984
2019-07-10 13:30:00+00:00,100.0,100.0,100.0,100.0
2019-07-11 13:30:00+00:00,100.0,100.0,100.0,100.0
2019-07-12 13:30:00+00:00,117.64705657958984,126.47058868408203,100.0,111.76470947265625
2019-07-15 13:30:00+00:00,111.76470947265625,111.76470947265625,100.0,100.0
2019-07-16 13:30:00+00:00,100.0,100.0,100.0,100.0
2019-07-17 13:30:00+00:00,108.82353210449219,108.82353210449219,108.82353210449219,108.82353210449219
2019-07-18 13:30:00+00:00,100.0,100.0,100.0,100.0
2019-07-19 13:30:00+00:00,100.0,100.0,100.0,100.0
2019-07-22 13:30:00+00:00,100.0,100.0,100.0,100.0
2019-07-23 13:30:00+00:00,100.0,100.0,100.0,100.0
2019-07-24 13:30:00+00:00,100.0,100.0,100.0,100.0
2019-07-25 13:30:00+00:00,100.0,100.0,100.0,100.0
2019-07-26 13:30:00+00:00,100.0,100.0,100.0,100.0
2019-07-29 13:30:00+00:00,100.5882339477539,100.5882339477539,100.0,100.0
2019-07-30 13:30:00+00:00,88.23529052734375,105.88235473632812,88.23529052734375,105.88235473632812
2019-07-31 13:30:00+00:00,111.76470947265625,111.76470947265625,111.76470947265625,111.76470947265625
2019-08-01 13:30:00+00:00,88.23529052734375,88.23529052734375,88.23529052734375,88.23529052734375
2019-08-02 13:30:00+00:00,88.23529052734375,88.23529052734375,88.23529052734375,88.23529052734375
2019-08-05 13:30:00+00:00,88.23529052734375,88.23529052734375,88.23529052734375,88.23529052734375
2019-08-06 13:30:00+00:00,88.23529052734375,88.23529052734375,88.23529052734375,88.23529052734375
2019-08-07 13:30:00+00:00,100.0,100.0,100.0,100.0
2019-08-08 13:30:00+00:00,100.0,100.0,100.0,100.0
2019-08-09 13:30:00+00:00,100.0,100.0,100.0,100.0
2019-08-12 13:30:00+00:00,88.23529052734375,88.23529052734375,88.23529052734375,88.23529052734375
2019-08-13 13:30:00+00:00,88.23529052734375,88.23529052734375,88.23529052734375,88.23529052734375
2019-08-14 13:30:00+00:00,88.23529052734375,88.23529052734375,88.23529052734375,88.23529052734375
2019-08-15 13:30:00+00:00,88.23529052734375,88.23529052734375,88.23529052734375,88.23529052734375
2019-08-16 13:30:00+00:00,88.23529052734375,88.23529052734375,88.23529052734375,88.23529052734375
2019-08-19 13:30:00+00:00,88.23529052734375,88.23529052734375,88.23529052734375,88.23529052734375
2019-08-20 13:30:00+00:00,94.11764526367188,94.11764526367188,94.11764526367188,94.11764526367188
2019-08-21 13:30:00+00:00,94.11764526367188,94.11764526367188,94.11764526367188,94.11764526367188
2019-08-22 13:30:00+00:00,94.11764526367188,94.11764526367188,94.11764526367188,94.11764526367188
2019-08-23 13:30:00+00:00,94.11764526367188,94.11764526367188,94.11764526367188,94.11764526367188
2019-08-26 13:30:00+00:00,88.23529052734375,93.52941131591797,76.47058868408203,76.47058868408203
2019-08-27 13:30:00+00:00,76.47058868408203,76.47058868408203,76.47058868408203,76.47058868408203
2019-08-28 13:30:00+00:00,76.47058868408203,100.0,76.47058868408203,100.0
2019-08-29 13:30:00+00:00,88.23529052734375,97.05882263183594,88.23529052734375,97.05882263183594
2019-08-30 13:30:00+00:00,97.05882263183594,97.05882263183594,97.05882263183594,97.05882263183594
2019-09-03 13:30:00+00:00,97.05882263183594,97.05882263183594,97.05882263183594,97.05882263183594
2019-09-04 13:30:00+00:00,88.23529052734375,88.23529052734375,88.23529052734375,88.23529052734375
2019-09-05 13:30:00+00:00,88.23529052734375,94.11764526367188,88.23529052734375,94.11764526367188
2019-09-06 13:30:00+00:00,94.11764526367188,94.11764526367188,94.11764526367188,94.11764526367188
2019-09-09 13:30:00+00:00,88.23529052734375,88.23529052734375,88.23529052734375,88.23529052734375
2019-09-10 13:30:00+00:00,88.23529052734375,97.05882263183594,88.23529052734375,88.23529052734375
2019-09-11 13:30:00+00:00,88.23529052734375,88.23529052734375,88.23529052734375,88.23529052734375
2019-09-12 13:30:00+00:00,88.23529052734375,88.23529052734375,88.23529052734375,88.23529052734375
2019-09-13 13:30:00+00:00,88.23529052734375,88.23529052734375,88.23529052734375,88.23529052734375
2019-09-16 13:30:00+00:00,88.23529052734375,88.23529052734375,88.23529052734375,88.23529052734375
2019-09-17 13:30:00+00:00,88.23529052734375,89.4117660522461,88.23529052734375,88.23529052734375
2019-09-18 13:30:00+00:00,88.23529052734375,88.23529052734375,88.23529052734375,88.23529052734375
2019-09-19 13:30:00+00:00,89.4117660522461,89.4117660522461,88.23529052734375,88.23529052734375
2019-09-20 13:30:00+00:00,88.23529052734375,91.76470947265625,88.23529052734375,88.23529052734375
2019-09-23 13:30:00+00:00,92.94117736816406,92.94117736816406,88.23529052734375,88.23529052734375
2019-09-24 13:30:00+00:00,88.23529052734375,88.23529052734375,88.23529052734375,88.23529052734375
2019-09-25 13:30:00+00:00,91.76470947265625,92.94117736816406,80.0,80.0
2019-09-26 13:30:00+00:00,80.0,80.0,79.4117660522461,79.4117660522461
2019-09-27 13:30:00+00:00,79.4117660522461,79.4117660522461,79.4117660522461,79.4117660522461
2019-09-30 13:30:00+00:00,79.4117660522461,79.4117660522461,76.47058868408203,76.47058868408203
2019-10-01 13:30:00+00:00,76.47058868408203,76.47058868408203,76.47058868408203,76.47058868408203
2019-10-02 13:30:00+00:00,59.411766052246094,59.411766052246094,59.411766052246094,59.411766052246094
2019-10-03 13:30:00+00:00,76.47058868408203,76.47058868408203,76.47058868408203,76.47058868408203
2019-10-04 13:30:00+00:00,76.47058868408203,76.47058868408203,76.47058868408203,76.47058868408203
2019-10-07 13:30:00+00:00,70.5882339477539,76.47058868408203,67.64705657958984,67.64705657958984
2019-10-08 13:30:00+00:00,67.64705657958984,67.64705657958984,52.94117736816406,52.94117736816406
2019-10-09 13:30:00+00:00,58.82352828979492,58.82352828979492,56.47058868408203,58.82352828979492
2019-10-10 13:30:00+00:00,58.82352828979492,58.82352828979492,58.82352828979492,58.82352828979492
2019-10-11 13:30:00+00:00,58.82352828979492,58.82352828979492,58.82352828979492,58.82352828979492
2019-10-14 13:30:00+00:00,58.82352828979492,58.82352828979492,52.94117736816406,52.94117736816406
2019-10-15 13:30:00+00:00,52.94117736816406,58.82352828979492,52.94117736816406,58.82352828979492
2019-10-16 13:30:00+00:00,58.82352828979492,58.82352828979492,54.70588302612305,54.70588302612305
2019-10-17 13:30:00+00:00,52.94117736816406,52.94117736816406,52.94117736816406,52.94117736816406
2019-10-18 13:30:00+00:00,50.0,54.70588302612305,50.0,54.70588302612305
2019-10-21 13:30:00+00:00,58.82352828979492,58.82352828979492,58.82352828979492,58.82352828979492
2019-10-22 13:30:00+00:00,58.82352828979492,58.82352828979492,58.82352828979492,58.82352828979492
2019-10-23 13:30:00+00:00,50.0,54.70588302612305,47.05882263183594,47.05882263183594
2019-10-24 13:30:00+00:00,47.05882263183594,47.05882263183594,47.05882263183594,47.05882263183594
2019-10-25 13:30:00+00:00,47.05882263183594,47.05882263183594,47.05882263183594,47.05882263183594
2019-10-28 13:30:00+00:00,47.05882263183594,47.05882263183594,47.05882263183594,47.05882263183594
2019-10-29 13:30:00+00:00,55.882354736328125,55.882354736328125,55.882354736328125,55.882354736328125
2019-10-30 13:30:00+00:00,55.882354736328125,55.882354736328125,55.882354736328125,55.882354736328125
2019-10-31 13:30:00+00:00,55.882354736328125,55.882354736328125,55.882354736328125,55.882354736328125
2019-11-01 13:30:00+00:00,55.882354736328125,55.882354736328125,55.882354736328125,55.882354736328125
2019-11-04 14:30:00+00:00,48.82352828979492,48.82352828979492,47.05882263183594,47.05882263183594
2019-11-05 14:30:00+00:00,47.05882263183594,47.05882263183594,47.05882263183594,47.05882263183594
2019-11-06 14:30:00+00:00,47.05882263183594,47.05882263183594,47.05882263183594,47.05882263183594
2019-11-07 14:30:00+00:00,47.05882263183594,47.05882263183594,47.05882263183594,47.05882263183594
2019-11-08 14:30:00+00:00,55.882354736328125,55.882354736328125,48.82352828979492,48.82352828979492
2019-11-11 14:30:00+00:00,51.764705657958984,51.764705657958984,47.05882263183594,47.05882263183594
2019-11-12 14:30:00+00:00,47.05882263183594,47.05882263183594,47.05882263183594,47.05882263183594
2019-11-13 14:30:00+00:00,50.0,50.0,47.05882263183594,47.05882263183594
2019-11-14 14:30:00+00:00,47.05882263183594,47.05882263183594,44.117645263671875,44.117645263671875
2019-11-15 14:30:00+00:00,47.05882263183594,47.05882263183594,47.05882263183594,47.05882263183594
2019-11-18 14:30:00+00:00,47.05882263183594,47.05882263183594,47.05882263183594,47.05882263183594
2019-11-19 14:30:00+00:00,47.05882263183594,47.05882263183594,47.05882263183594,47.05882263183594
2019-11-20 14:30:00+00:00,47.05882263183594,47.05882263183594,47.05882263183594,47.05882263183594
2019-11-21 14:30:00+00:00,47.05882263183594,47.05882263183594,47.05882263183594,47.05882263183594
2019-11-22 14:30:00+00:00,47.05882263183594,47.05882263183594,47.05882263183594,47.05882263183594
2019-11-25 14:30:00+00:00,47.05882263183594,47.05882263183594,47.05882263183594,47.05882263183594
2019-11-26 14:30:00+00:00,55.882354736328125,58.82352828979492,41.764705657958984,41.764705657958984
2019-11-27 14:30:00+00:00,41.764705657958984,41.764705657958984,41.764705657958984,41.764705657958984
2019-11-29 14:30:00+00:00,41.764705657958984,41.764705657958984,41.764705657958984,41.764705657958984
2019-12-02 14:30:00+00:00,41.764705657958984,41.764705657958984,41.764705657958984,41.764705657958984
2019-12-03 14:30:00+00:00,41.764705657958984,48.235294342041016,41.764705657958984,41.764705657958984
2019-12-04 14:30:00+00:00,41.764705657958984,41.764705657958984,41.764705657958984,41.764705657958984
2019-12-05 14:30:00+00:00,47.05882263183594,47.05882263183594,47.05882263183594,47.05882263183594
2019-12-06 14:30:00+00:00,42.35293960571289,42.35293960571289,42.35293960571289,42.35293960571289
2019-12-09 14:30:00+00:00,44.117645263671875,44.117645263671875,44.117645263671875,44.117645263671875
2019-12-10 14:30:00+00:00,47.05882263183594,48.82352828979492,44.117645263671875,48.82352828979492
2019-12-11 14:30:00+00:00,48.82352828979492,48.82352828979492,48.82352828979492,48.82352828979492
2019-12-12 14:30:00+00:00,52.94117736816406,52.94117736816406,48.82352828979492,48.82352828979492
2019-12-13 14:30:00+00:00,48.82352828979492,48.82352828979492,48.82352828979492,48.82352828979492
2019-12-16 14:30:00+00:00,48.82352828979492,48.82352828979492,48.82352828979492,48.82352828979492
2019-12-17 14:30:00+00:00,48.82352828979492,48.82352828979492,48.82352828979492,48.82352828979492
2019-12-18 14:30:00+00:00,48.82352828979492,48.82352828979492,48.82352828979492,48.82352828979492
2019-12-19 14:30:00+00:00,52.94117736816406,76.47058868408203,35.29411697387695,58.82352828979492
2019-12-20 14:30:00+00:00,58.82352828979492,68.82353210449219,38.82352828979492,68.82353210449219
2019-12-23 14:30:00+00:00,44.117645263671875,66.47058868408203,30.58823585510254,44.117645263671875
2019-12-24 14:30:00+00:00,47.05882263183594,47.05882263183594,47.05882263183594,47.05882263183594
2019-12-26 14:30:00+00:00,51.764705657958984,61.764705657958984,47.64706039428711,58.82352828979492
2019-12-27 14:30:00+00:00,55.882354736328125,67.64705657958984,55.882354736328125,58.82352828979492
2019-12-30 14:30:00+00:00,70.0,78.23529052734375,70.0,70.5882339477539
2019-12-31 14:30:00+00:00,68.23529052734375,80.0,66.47058868408203,70.5882339477539
2020-01-02 14:30:00+00:00,123.52941131591797,167.64706420898438,108.82353210449219,146.4705810546875
2020-01-03 14:30:00+00:00,170.58824157714844,170.58824157714844,98.82353210449219,98.82353210449219
2020-01-06 14:30:00+00:00,88.23529052734375,126.47058868408203,88.23529052734375,111.76470947265625
2020-01-07 14:30:00+00:00,88.23529052734375,124.70587921142578,88.23529052734375,94.11764526367188
2020-01-08 14:30:00+00:00,88.23529052734375,111.76470947265625,88.23529052734375,90.0
2020-01-09 14:30:00+00:00,88.23529052734375,100.0,65.29412078857422,71.17646789550781
2020-01-10 14:30:00+00:00,71.17646789550781,88.23529052734375,71.17646789550781,78.23529052734375
2020-01-13 14:30:00+00:00,76.47058868408203,78.23529052734375,71.17646789550781,78.23529052734375
2020-01-14 14:30:00+00:00,71.17646789550781,79.4117660522461,65.29412078857422,79.4117660522461
2020-01-15 14:30:00+00:00,65.29412078857422,79.4117660522461,65.29412078857422,72.35294342041016
2020-01-16 14:30:00+00:00,64.70587921142578,72.35294342041016,58.82352828979492,70.5882339477539
2020-01-17 14:30:00+00:00,58.82352828979492,65.88235473632812,58.82352828979492,63.52941131591797
2020-01-21 14:30:00+00:00,50.0,60.588233947753906,48.235294342041016,48.235294342041016
2020-01-22 14:30:00+00:00,48.82352828979492,61.17647171020508,48.82352828979492,53.52941131591797
2020-01-23 14:30:00+00:00,47.64706039428711,62.94117736816406,47.64706039428711,52.94117736816406
2020-01-24 14:30:00+00:00,73.52941131591797,73.52941131591797,47.64706039428711,62.94117736816406
2020-01-27 14:30:00+00:00,73.52941131591797,73.52941131591797,52.94117736816406,62.94117736816406
2020-01-28 14:30:00+00:00,62.94117736816406,64.70587921142578,52.94117736816406,60.588233947753906
2020-01-29 14:30:00+00:00,58.82352828979492,58.82352828979492,48.235294342041016,55.29411697387695
2020-01-30 14:30:00+00:00,52.94117736816406,54.117645263671875,52.94117736816406,54.117645263671875
2020-01-31 14:30:00+00:00,58.235294342041016,58.235294342041016,52.94117736816406,54.117645263671875
2020-02-03 14:30:00+00:00,54.117645263671875,67.64705657958984,52.94117736816406,55.882354736328125
2020-02-04 14:30:00+00:00,60.588233947753906,67.64705657958984,52.94117736816406,60.588233947753906
2020-02-05 14:30:00+00:00,54.117645263671875,54.117645263671875,54.117645263671875,54.117645263671875
2020-02-06 14:30:00+00:00,53.52941131591797,54.70588302612305,50.0,52.94117736816406
2020-02-07 14:30:00+00:00,52.94117736816406,58.82352828979492,48.235294342041016,52.94117736816406
2020-02-10 14:30:00+00:00,58.82352828979492,58.82352828979492,58.82352828979492,58.82352828979492
2020-02-11 14:30:00+00:00,47.05882263183594,55.882354736328125,47.05882263183594,52.94117736816406
2020-02-12 14:30:00+00:00,55.882354736328125,55.882354736328125,52.94117736816406,52.94117736816406
2020-02-13 14:30:00+00:00,53.52941131591797,53.52941131591797,47.64706039428711,52.94117736816406
2020-02-14 14:30:00+00:00,52.94117736816406,52.94117736816406,51.764705657958984,51.764705657958984
2020-02-18 14:30:00+00:00,52.94117736816406,52.94117736816406,47.05882263183594,52.94117736816406
2020-02-19 14:30:00+00:00,53.52941131591797,58.82352828979492,47.64706039428711,58.82352828979492
2020-02-20 14:30:00+00:00,58.82352828979492,58.82352828979492,52.94117736816406,53.52941131591797
2020-02-21 14:30:00+00:00,47.64706039428711,53.52941131591797,47.64706039428711,52.94117736816406
2020-02-24 14:30:00+00:00,58.82352828979492,58.82352828979492,47.64706039428711,47.64706039428711
2020-02-25 14:30:00+00:00,47.64706039428711,48.82352828979492,47.05882263183594,47.05882263183594
2020-02-26 14:30:00+00:00,50.588233947753906,50.588233947753906,41.17647171020508,41.17647171020508
2020-02-27 14:30:00+00:00,2.058824062347412,2.058824062347412,2.058824062347412,2.058824062347412
2020-02-28 14:30:00+00:00,32.94117736816406,58.82352828979492,32.94117736816406,58.82352828979492
2020-03-02 14:30:00+00:00,66.17646789550781,66.17646789550781,44.117645263671875,44.117645263671875
2020-03-03 14:30:00+00:00,44.117645263671875,44.117645263671875,44.117645263671875,44.117645263671875
2020-03-04 14:30:00+00:00,51.764705657958984,51.764705657958984,51.764705657958984,51.764705657958984
2020-03-05 14:30:00+00:00,51.764705657958984,51.764705657958984,51.764705657958984,51.764705657958984
2020-03-06 14:30:00+00:00,51.764705657958984,51.764705657958984,48.235294342041016,48.235294342041016
2020-03-09 13:30:00+00:00,51.47058868408203,51.47058868408203,48.52941131591797,51.47058868408203
2020-03-10 13:30:00+00:00,51.47058868408203,51.47058868408203,51.47058868408203,51.47058868408203
2020-03-11 13:30:00+00:00,51.47058868408203,51.47058868408203,51.47058868408203,51.47058868408203
2020-03-12 13:30:00+00:00,51.47058868408203,51.47058868408203,51.47058868408203,51.47058868408203
2020-03-13 13:30:00+00:00,51.47058868408203,51.47058868408203,51.47058868408203,51.47058868408203
2020-03-16 13:30:00+00:00,51.47058868408203,51.47058868408203,51.47058868408203,51.47058868408203
2020-03-17 13:30:00+00:00,51.47058868408203,54.411766052246094,51.47058868408203,51.47058868408203
2020-03-18 13:30:00+00:00,51.47058868408203,51.47058868408203,51.47058868408203,51.47058868408203
2020-03-19 13:30:00+00:00,51.47058868408203,51.47058868408203,51.47058868408203,51.47058868408203
2020-03-20 13:30:00+00:00,51.47058868408203,51.47058868408203,51.47058868408203,51.47058868408203
2020-03-23 13:30:00+00:00,51.47058868408203,51.47058868408203,44.117645263671875,51.47058868408203
2020-03-24 13:30:00+00:00,51.47058868408203,51.47058868408203,51.47058868408203,51.47058868408203
2020-03-25 13:30:00+00:00,47.05882263183594,47.05882263183594,47.05882263183594,47.05882263183594
2020-03-26 13:30:00+00:00,42.64706039428711,42.64706039428711,31.176471710205078,31.176471710205078
2020-03-27 13:30:00+00:00,31.176471710205078,31.176471710205078,31.176471710205078,31.176471710205078
2020-03-30 13:30:00+00:00,31.176471710205078,31.176471710205078,31.176471710205078,31.176471710205078
2020-03-31 13:30:00+00:00,38.17647171020508,38.17647171020508,38.17647171020508,38.17647171020508
2020-04-01 13:30:00+00:00,31.176471710205078,31.176471710205078,24.205881118774414,24.205881118774414
2020-04-02 13:30:00+00:00,24.205881118774414,24.205881118774414,24.205881118774414,24.205881118774414
2020-04-03 13:30:00+00:00,24.205881118774414,24.205881118774414,24.205881118774414,24.205881118774414
2020-04-06 13:30:00+00:00,24.205881118774414,24.205881118774414,24.205881118774414,24.205881118774414
2020-04-07 13:30:00+00:00,24.705881118774414,24.705881118774414,24.705881118774414,24.705881118774414
2020-04-08 13:30:00+00:00,33.05882263183594,33.05882263183594,29.117647171020508,29.117647171020508
2020-04-09 13:30:00+00:00,29.117647171020508,29.117647171020508,29.117647171020508,29.117647171020508
2020-04-13 13:30:00+00:00,30.58823585510254,30.58823585510254,30.58823585510254,30.58823585510254
2020-04-14 13:30:00+00:00,30.882352828979492,30.882352828979492,30.294118881225586,30.294118881225586
2020-04-15 13:30:00+00:00,15.0,16.176471710205078,15.0,16.176471710205078
2020-04-16 13:30:00+00:00,16.176471710205078,16.176471710205078,16.176471710205078,16.176471710205078
2020-04-17 13:30:00+00:00,16.176471710205078,16.176471710205078,16.176471710205078,16.176471710205078
2020-04-20 13:30:00+00:00,16.176471710205078,16.176471710205078,16.176471710205078,16.176471710205078
2020-04-21 13:30:00+00:00,16.176471710205078,16.176471710205078,16.176471710205078,16.176471710205078
2020-04-22 13:30:00+00:00,29.41176414489746,29.41176414489746,5.117647171020508,17.852941513061523
2020-04-23 13:30:00+00:00,13.29411792755127,13.29411792755127,13.29411792755127,13.29411792755127
2020-04-24 13:30:00+00:00,13.29411792755127,13.29411792755127,13.29411792755127,13.29411792755127
2020-04-27 13:30:00+00:00,13.29411792755127,13.29411792755127,13.29411792755127,13.29411792755127
2020-04-28 13:30:00+00:00,13.29411792755127,13.29411792755127,13.29411792755127,13.29411792755127
2020-04-29 13:30:00+00:00,13.29411792755127,13.29411792755127,13.29411792755127,13.29411792755127
2020-04-30 13:30:00+00:00,5.970588207244873,5.970588207244873,5.970588207244873,5.970588207244873
2020-05-01 13:30:00+00:00,5.970588207244873,5.970588207244873,5.970588207244873,5.970588207244873
2020-05-04 13:30:00+00:00,6.17647123336792,6.17647123336792,6.17647123336792,6.17647123336792
2020-05-05 13:30:00+00:00,6.17647123336792,6.17647123336792,6.17647123336792,6.17647123336792
2020-05-06 13:30:00+00:00,7.352941036224365,7.352941036224365,7.352941036224365,7.352941036224365
2020-05-07 13:30:00+00:00,7.352941036224365,7.352941036224365,7.352941036224365,7.352941036224365
2020-05-08 13:30:00+00:00,7.352941036224365,7.352941036224365,7.352941036224365,7.352941036224365
2020-05-11 13:30:00+00:00,7.352941036224365,7.352941036224365,7.352941036224365,7.352941036224365
2020-05-12 13:30:00+00:00,7.352941036224365,7.352941036224365,7.352941036224365,7.352941036224365
2020-05-13 13:30:00+00:00,7.352941036224365,7.352941036224365,7.352941036224365,7.352941036224365
2020-05-14 13:30:00+00:00,29.41176414489746,29.41176414489746,8.823529243469238,29.41176414489746
2020-05-15 13:30:00+00:00,29.41176414489746,29.41176414489746,29.41176414489746,29.41176414489746
2020-05-18 13:30:00+00:00,29.41176414489746,29.41176414489746,29.41176414489746,29.41176414489746
2020-05-19 13:30:00+00:00,29.41176414489746,29.41176414489746,29.41176414489746,29.41176414489746
2020-05-20 13:30:00+00:00,29.41176414489746,29.41176414489746,29.41176414489746,29.41176414489746
2020-05-21 13:30:00+00:00,29.41176414489746,29.41176414489746,29.41176414489746,29.41176414489746
2020-05-22 13:30:00+00:00,15.29411792755127,15.29411792755127,15.29411792755127,15.29411792755127
2020-05-26 13:30:00+00:00,15.29411792755127,15.29411792755127,15.29411792755127,15.29411792755127
2020-05-27 13:30:00+00:00,29.41176414489746,29.41176414489746,29.41176414489746,29.41176414489746
2020-05-28 13:30:00+00:00,29.41176414489746,29.41176414489746,29.41176414489746,29.41176414489746
2020-05-29 13:30:00+00:00,23.52941131591797,29.41176414489746,23.52941131591797,29.41176414489746
2020-06-01 13:30:00+00:00,29.41176414489746,29.41176414489746,29.41176414489746,29.41176414489746
2020-06-02 13:30:00+00:00,29.41176414489746,29.41176414489746,29.41176414489746,29.41176414489746
2020-06-03 13:30:00+00:00,29.41176414489746,29.41176414489746,29.41176414489746,29.41176414489746
2020-06-04 13:30:00+00:00,29.41176414489746,29.41176414489746,29.41176414489746,29.41176414489746
2020-06-05 13:30:00+00:00,20.58823585510254,24.117647171020508,20.58823585510254,24.117647171020508
2020-06-08 13:30:00+00:00,36.764705657958984,36.764705657958984,17.647058486938477,17.647058486938477
2020-06-09 13:30:00+00:00,29.41176414489746,36.764705657958984,29.41176414489746,36.764705657958984
2020-06-10 13:30:00+00:00,36.47058868408203,48.52941131591797,30.882352828979492,35.52941131591797
2020-06-11 13:30:00+00:00,35.29411697387695,35.29411697387695,35.29411697387695,35.29411697387695
2020-06-12 13:30:00+00:00,35.29411697387695,35.29411697387695,35.29411697387695,35.29411697387695
2020-06-15 13:30:00+00:00,35.29411697387695,35.29411697387695,32.35293960571289,32.35293960571289
2020-06-16 13:30:00+00:00,43.82352828979492,43.82352828979492,43.82352828979492,43.82352828979492
2020-06-17 13:30:00+00:00,50.0,50.0,30.882352828979492,30.882352828979492
2020-06-18 13:30:00+00:00,30.882352828979492,36.764705657958984,30.882352828979492,36.764705657958984
2020-06-19 13:30:00+00:00,50.0,50.0,50.0,50.0
2020-06-22 13:30:00+00:00,54.411766052246094,54.411766052246094,36.764705657958984,36.764705657958984
2020-06-23 13:30:00+00:00,36.764705657958984,36.764705657958984,36.764705657958984,36.764705657958984
2020-06-24 13:30:00+00:00,38.235294342041016,38.235294342041016,38.235294342041016,38.235294342041016
2020-06-25 13:30:00+00:00,35.29411697387695,35.29411697387695,35.29411697387695,35.29411697387695
2020-06-26 13:30:00+00:00,35.29411697387695,35.29411697387695,35.29411697387695,35.29411697387695
2020-06-29 13:30:00+00:00,35.29411697387695,35.29411697387695,35.29411697387695,35.29411697387695
2020-06-30 13:30:00+00:00,42.64706039428711,42.64706039428711,42.64706039428711,42.64706039428711
2020-07-01 13:30:00+00:00,44.117645263671875,44.117645263671875,32.64706039428711,32.64706039428711
2020-07-02 13:30:00+00:00,32.94117736816406,32.94117736816406,23.52941131591797,23.52941131591797
2020-07-06 13:30:00+00:00,29.41176414489746,44.117645263671875,29.41176414489746,44.117645263671875
2020-07-07 13:30:00+00:00,29.41176414489746,29.41176414489746,29.41176414489746,29.41176414489746
2020-07-08 13:30:00+00:00,30.0,40.0,30.0,40.0
2020-07-09 13:30:00+00:00,40.0,40.0,40.0,40.0
2020-07-10 13:30:00+00:00,43.82352828979492,43.82352828979492,43.82352828979492,43.82352828979492
2020-07-13 13:30:00+00:00,40.882354736328125,40.882354736328125,23.52941131591797,23.52941131591797
2020-07-14 13:30:00+00:00,23.52941131591797,23.52941131591797,23.52941131591797,23.52941131591797
2020-07-15 13:30:00+00:00,23.52941131591797,23.52941131591797,23.52941131591797,23.52941131591797
2020-07-16 13:30:00+00:00,38.235294342041016,50.0,29.41176414489746,43.82352828979492
2020-07-17 13:30:00+00:00,29.41176414489746,30.0,29.41176414489746,30.0
2020-07-20 13:30:00+00:00,30.0,30.0,30.0,30.0
2020-07-21 13:30:00+00:00,30.0,30.0,30.0,30.0
2020-07-22 13:30:00+00:00,30.0,30.0,30.0,30.0
2020-07-23 13:30:00+00:00,30.0,30.0,30.0,30.0
2020-07-24 13:30:00+00:00,30.0,30.0,30.0,30.0
2020-07-27 13:30:00+00:00,30.0,30.0,30.0,30.0
2020-07-28 13:30:00+00:00,30.0,30.0,30.0,30.0
2020-07-29 13:30:00+00:00,30.0,30.0,30.0,30.0
2020-07-30 13:30:00+00:00,30.0,30.0,30.0,30.0
2020-07-31 13:30:00+00:00,35.29411697387695,35.29411697387695,35.29411697387695,35.29411697387695
2020-08-03 13:30:00+00:00,35.29411697387695,35.29411697387695,35.29411697387695,35.29411697387695
2020-08-04 13:30:00+00:00,35.29411697387695,35.29411697387695,35.29411697387695,35.29411697387695
2020-08-05 13:30:00+00:00,35.29411697387695,35.29411697387695,35.29411697387695,35.29411697387695
2020-08-06 13:30:00+00:00,29.41176414489746,29.41176414489746,29.41176414489746,29.41176414489746
2020-08-07 13:30:00+00:00,29.41176414489746,29.41176414489746,29.41176414489746,29.41176414489746
2020-08-10 13:30:00+00:00,29.41176414489746,29.41176414489746,29.41176414489746,29.41176414489746
2020-08-11 13:30:00+00:00,29.41176414489746,29.41176414489746,29.41176414489746,29.41176414489746
2020-08-12 13:30:00+00:00,29.41176414489746,29.41176414489746,29.41176414489746,29.41176414489746
2020-08-13 13:30:00+00:00,23.52941131591797,23.52941131591797,23.52941131591797,23.52941131591797
2020-08-14 13:30:00+00:00,23.52941131591797,23.52941131591797,23.52941131591797,23.52941131591797
2020-08-17 13:30:00+00:00,23.52941131591797,23.52941131591797,23.52941131591797,23.52941131591797
2020-08-18 13:30:00+00:00,23.52941131591797,23.52941131591797,23.52941131591797,23.52941131591797
2020-08-19 13:30:00+00:00,32.05882263183594,32.05882263183594,32.05882263183594,32.05882263183594
2020-08-20 13:30:00+00:00,32.05882263183594,32.05882263183594,32.05882263183594,32.05882263183594
2020-08-21 13:30:00+00:00,32.05882263183594,32.05882263183594,32.05882263183594,32.05882263183594
2020-08-24 13:30:00+00:00,32.35293960571289,32.35293960571289,32.35293960571289,32.35293960571289
2020-08-25 13:30:00+00:00,32.35293960571289,32.35293960571289,32.35293960571289,32.35293960571289
2020-08-26 13:30:00+00:00,33.82352828979492,33.82352828979492,33.82352828979492,33.82352828979492
2020-08-27 13:30:00+00:00,32.35293960571289,32.35293960571289,32.35293960571289,32.35293960571289
2020-08-28 13:30:00+00:00,32.35293960571289,32.35293960571289,32.35293960571289,32.35293960571289
2020-08-31 13:30:00+00:00,32.35293960571289,32.35293960571289,29.705881118774414,29.705881118774414
2020-09-01 13:30:00+00:00,29.705881118774414,29.705881118774414,29.705881118774414,29.705881118774414
2020-09-02 13:30:00+00:00,29.705881118774414,29.705881118774414,29.705881118774414,29.705881118774414
2020-09-03 13:30:00+00:00,29.705881118774414,29.705881118774414,29.41176414489746,29.41176414489746
2020-09-04 13:30:00+00:00,29.41176414489746,29.41176414489746,26.47058868408203,26.47058868408203
2020-09-08 13:30:00+00:00,26.47058868408203,26.47058868408203,26.47058868408203,26.47058868408203
2020-09-09 13:30:00+00:00,26.47058868408203,26.47058868408203,26.47058868408203,26.47058868408203
2020-09-10 13:30:00+00:00,26.47058868408203,26.47058868408203,26.47058868408203,26.47058868408203
2020-09-11 13:30:00+00:00,26.47058868408203,26.47058868408203,26.47058868408203,26.47058868408203
2020-09-14 13:30:00+00:00,26.47058868408203,26.47058868408203,26.47058868408203,26.47058868408203
2020-09-15 13:30:00+00:00,26.47058868408203,26.47058868408203,26.47058868408203,26.47058868408203
2020-09-16 13:30:00+00:00,26.47058868408203,26.47058868408203,26.47058868408203,26.47058868408203
2020-09-17 13:30:00+00:00,26.47058868408203,26.47058868408203,26.47058868408203,26.47058868408203
2020-09-18 13:30:00+00:00,29.41176414489746,29.41176414489746,29.41176414489746,29.41176414489746
2020-09-21 13:30:00+00:00,29.41176414489746,29.41176414489746,26.47058868408203,26.47058868408203
2020-09-22 13:30:00+00:00,26.47058868408203,26.47058868408203,26.47058868408203,26.47058868408203
2020-09-23 13:30:00+00:00,26.47058868408203,26.47058868408203,26.47058868408203,26.47058868408203
2020-09-24 13:30:00+00:00,26.47058868408203,26.47058868408203,26.47058868408203,26.47058868408203
2020-09-25 13:30:00+00:00,26.47058868408203,26.47058868408203,26.47058868408203,26.47058868408203
2020-09-28 13:30:00+00:00,29.41176414489746,29.41176414489746,29.41176414489746,29.41176414489746
2020-09-29 13:30:00+00:00,29.41176414489746,29.41176414489746,29.41176414489746,29.41176414489746
2020-09-30 13:30:00+00:00,29.41176414489746,29.41176414489746,29.41176414489746,29.41176414489746
2020-10-01 13:30:00+00:00,29.41176414489746,29.41176414489746,29.41176414489746,29.41176414489746
2020-10-02 13:30:00+00:00,30.0,30.0,29.705881118774414,29.705881118774414
2020-10-05 13:30:00+00:00,29.705881118774414,29.705881118774414,29.705881118774414,29.705881118774414
2020-10-06 13:30:00+00:00,29.705881118774414,29.705881118774414,29.705881118774414,29.705881118774414
2020-10-07 13:30:00+00:00,26.47058868408203,26.764705657958984,26.47058868408203,26.47058868408203
2020-10-08 13:30:00+00:00,29.41176414489746,29.41176414489746,29.41176414489746,29.41176414489746
2020-10-09 13:30:00+00:00,27.205881118774414,27.205881118774414,27.205881118774414,27.205881118774414
2020-10-12 13:30:00+00:00,27.205881118774414,27.205881118774414,27.205881118774414,27.205881118774414
2020-10-13 13:30:00+00:00,27.205881118774414,27.205881118774414,27.205881118774414,27.205881118774414
2020-10-14 13:30:00+00:00,27.205881118774414,27.205881118774414,27.205881118774414,27.205881118774414
2020-10-15 13:30:00+00:00,27.205881118774414,27.205881118774414,27.205881118774414,27.205881118774414
2020-10-16 13:30:00+00:00,25.0,25.0,25.0,25.0
2020-10-19 13:30:00+00:00,25.0,25.0,25.0,25.0
2020-10-20 13:30:00+00:00,29.41176414489746,30.882352828979492,25.294118881225586,25.294118881225586
2020-10-21 13:30:00+00:00,30.882352828979492,30.882352828979492,30.882352828979492,30.882352828979492
2020-10-22 13:30:00+00:00,30.882352828979492,30.882352828979492,30.882352828979492,30.882352828979492
2020-10-23 13:30:00+00:00,30.882352828979492,30.882352828979492,30.882352828979492,30.882352828979492
2020-10-26 13:30:00+00:00,30.882352828979492,30.882352828979492,30.882352828979492,30.882352828979492
2020-10-27 13:30:00+00:00,30.294118881225586,30.294118881225586,30.294118881225586,30.294118881225586
2020-10-28 13:30:00+00:00,30.294118881225586,30.294118881225586,30.294118881225586,30.294118881225586
2020-10-29 13:30:00+00:00,30.294118881225586,30.294118881225586,30.294118881225586,30.294118881225586
2020-10-30 13:30:00+00:00,23.823528289794922,23.823528289794922,23.823528289794922,23.823528289794922
2020-11-02 14:30:00+00:00,23.823528289794922,23.823528289794922,23.823528289794922,23.823528289794922
2020-11-03 14:30:00+00:00,23.823528289794922,23.823528289794922,23.823528289794922,23.823528289794922
2020-11-04 14:30:00+00:00,23.823528289794922,23.823528289794922,23.823528289794922,23.823528289794922
2020-11-05 14:30:00+00:00,26.47058868408203,26.47058868408203,26.47058868408203,26.47058868408203
2020-11-06 14:30:00+00:00,26.47058868408203,26.47058868408203,26.47058868408203,26.47058868408203
2020-11-09 14:30:00+00:00,26.47058868408203,26.47058868408203,26.47058868408203,26.47058868408203
2020-11-10 14:30:00+00:00,26.47058868408203,26.47058868408203,26.47058868408203,26.47058868408203
2020-11-11 14:30:00+00:00,26.47058868408203,26.47058868408203,26.47058868408203,26.47058868408203
2020-11-12 14:30:00+00:00,26.47058868408203,26.47058868408203,26.47058868408203,26.47058868408203
2020-11-13 14:30:00+00:00,26.47058868408203,26.47058868408203,26.47058868408203,26.47058868408203
2020-11-16 14:30:00+00:00,25.0,25.0,25.0,25.0
2020-11-17 14:30:00+00:00,23.823528289794922,23.823528289794922,23.823528289794922,23.823528289794922
2020-11-18 14:30:00+00:00,26.323528289794922,29.117647171020508,26.323528289794922,29.117647171020508
2020-11-19 14:30:00+00:00,29.117647171020508,29.117647171020508,29.117647171020508,29.117647171020508
2020-11-20 14:30:00+00:00,29.117647171020508,29.117647171020508,29.117647171020508,29.117647171020508
2020-11-23 14:30:00+00:00,29.117647171020508,29.117647171020508,29.117647171020508,29.117647171020508
2020-11-24 14:30:00+00:00,29.117647171020508,29.117647171020508,29.117647171020508,29.117647171020508
2020-11-25 14:30:00+00:00,29.117647171020508,29.117647171020508,29.117647171020508,29.117647171020508
2020-11-27 14:30:00+00:00,29.117647171020508,29.117647171020508,29.117647171020508,29.117647171020508
2020-11-30 14:30:00+00:00,25.0,27.05882453918457,25.0,27.05882453918457
2020-12-01 14:30:00+00:00,27.05882453918457,27.05882453918457,25.0,25.0
2020-12-02 14:30:00+00:00,25.0,25.0,25.0,25.0
2020-12-03 14:30:00+00:00,25.0,25.0,25.0,25.0
2020-12-04 14:30:00+00:00,25.0,25.0,23.52941131591797,23.52941131591797
2020-12-07 14:30:00+00:00,23.52941131591797,23.52941131591797,23.52941131591797,23.52941131591797
2020-12-08 14:30:00+00:00,25.58823585510254,25.58823585510254,25.58823585510254,25.58823585510254
2020-12-09 14:30:00+00:00,22.05882453918457,22.05882453918457,22.05882453918457,22.05882453918457
2020-12-10 14:30:00+00:00,20.58823585510254,20.58823585510254,20.58823585510254,20.58823585510254
2020-12-11 14:30:00+00:00,20.58823585510254,20.58823585510254,16.176471710205078,16.176471710205078
2020-12-14 14:30:00+00:00,17.647058486938477,19.41176414489746,17.647058486938477,19.117647171020508
2020-12-15 14:30:00+00:00,20.58823585510254,20.58823585510254,20.58823585510254,20.58823585510254
2020-12-16 14:30:00+00:00,20.58823585510254,20.58823585510254,20.58823585510254,20.58823585510254
2020-12-17 14:30:00+00:00,20.58823585510254,20.58823585510254,20.58823585510254,20.58823585510254
2020-12-18 14:30:00+00:00,19.647058486938477,19.647058486938477,19.647058486938477,19.647058486938477
2020-12-21 14:30:00+00:00,19.647058486938477,19.647058486938477,19.647058486938477,19.647058486938477
2020-12-22 14:30:00+00:00,17.647058486938477,17.647058486938477,17.647058486938477,17.647058486938477
2020-12-23 14:30:00+00:00,17.647058486938477,18.52941131591797,17.647058486938477,17.647058486938477
2020-12-24 14:30:00+00:00,17.647058486938477,17.647058486938477,17.647058486938477,17.647058486938477
2020-12-28 14:30:00+00:00,18.235294342041016,25.0,18.235294342041016,25.0
2020-12-29 14:30:00+00:00,25.0,25.0,25.0,25.0
2020-12-30 14:30:00+00:00,18.235294342041016,18.235294342041016,17.647058486938477,17.647058486938477
2020-12-31 14:30:00+00:00,17.94117546081543,17.94117546081543,17.94117546081543,17.94117546081543
2021-01-04 14:30:00+00:00,17.94117546081543,17.94117546081543,17.94117546081543,17.94117546081543
2021-01-05 14:30:00+00:00,25.52941131591797,25.764705657958984,25.52941131591797,25.764705657958984
2021-01-06 14:30:00+00:00,25.764705657958984,25.764705657958984,25.764705657958984,25.764705657958984
2021-01-07 14:30:00+00:00,29.264705657958984,29.264705657958984,25.764705657958984,25.764705657958984
2021-01-08 14:30:00+00:00,21.617647171020508,21.617647171020508,21.617647171020508,21.617647171020508
2021-01-11 14:30:00+00:00,24.852941513061523,24.852941513061523,24.852941513061523,24.852941513061523
2021-01-12 14:30:00+00:00,24.852941513061523,29.117647171020508,24.852941513061523,29.117647171020508
2021-01-13 14:30:00+00:00,19.117647171020508,29.41176414489746,19.117647171020508,29.41176414489746
2021-01-14 14:30:00+00:00,18.235294342041016,29.117647171020508,18.235294342041016,29.117647171020508
2021-01-15 14:30:00+00:00,20.147058486938477,29.41176414489746,20.147058486938477,29.41176414489746
2021-01-19 14:30:00+00:00,29.41176414489746,29.41176414489746,29.41176414489746,29.41176414489746
2021-01-20 14:30:00+00:00,29.41176414489746,29.41176414489746,29.41176414489746,29.41176414489746
2021-01-21 14:30:00+00:00,32.94117736816406,32.94117736816406,29.41176414489746,29.41176414489746
2021-01-22 14:30:00+00:00,29.41176414489746,29.41176414489746,29.41176414489746,29.41176414489746
2021-01-25 14:30:00+00:00,29.41176414489746,32.64706039428711,29.41176414489746,32.35293960571289
2021-01-26 14:30:00+00:00,32.35293960571289,32.35293960571289,32.35293960571289,32.35293960571289
2021-01-27 14:30:00+00:00,35.29411697387695,45.588233947753906,32.35293960571289,32.35293960571289
2021-01-28 14:30:00+00:00,33.82352828979492,33.82352828979492,33.82352828979492,33.82352828979492
2021-01-29 14:30:00+00:00,33.82352828979492,33.82352828979492,33.82352828979492,33.82352828979492
2021-02-01 14:30:00+00:00,41.764705657958984,44.117645263671875,41.764705657958984,41.764705657958984
2021-02-02 14:30:00+00:00,41.764705657958984,41.764705657958984,41.764705657958984,41.764705657958984
2021-02-03 14:30:00+00:00,41.764705657958984,41.764705657958984,41.764705657958984,41.764705657958984
2021-02-04 14:30:00+00:00,41.764705657958984,41.764705657958984,40.735294342041016,40.735294342041016
2021-02-05 14:30:00+00:00,39.70588302612305,39.70588302612305,36.764705657958984,39.52941131591797
2021-02-08 14:30:00+00:00,35.29411697387695,35.29411697387695,17.94117546081543,30.882352828979492
2021-02-09 14:30:00+00:00,30.882352828979492,30.882352828979492,30.882352828979492,30.882352828979492
2021-02-10 14:30:00+00:00,30.882352828979492,30.882352828979492,30.882352828979492,30.882352828979492
2021-02-11 14:30:00+00:00,30.882352828979492,35.588233947753906,30.882352828979492,35.588233947753906
2021-02-12 14:30:00+00:00,41.17647171020508,41.17647171020508,41.17647171020508,41.17647171020508
2021-02-16 14:30:00+00:00,40.52941131591797,40.52941131591797,36.17647171020508,36.17647171020508
2021-02-17 14:30:00+00:00,30.882352828979492,41.17647171020508,30.882352828979492,41.17647171020508
2021-02-18 14:30:00+00:00,31.176471710205078,31.176471710205078,31.176471710205078,31.176471710205078
2021-02-19 14:30:00+00:00,31.176471710205078,31.176471710205078,31.176471710205078,31.176471710205078
2021-02-22 14:30:00+00:00,30.882352828979492,30.882352828979492,30.882352828979492,30.882352828979492
2021-02-23 14:30:00+00:00,32.35293960571289,41.17647171020508,31.176471710205078,31.176471710205078
2021-02-24 14:30:00+00:00,31.176471710205078,41.17647171020508,30.882352828979492,41.17647171020508
2021-02-25 14:30:00+00:00,36.14706039428711,39.70588302612305,36.14706039428711,39.70588302612305
2021-02-26 14:30:00+00:00,39.70588302612305,39.70588302612305,39.70588302612305,39.70588302612305
2021-03-01 14:30:00+00:00,39.70588302612305,39.70588302612305,39.70588302612305,39.70588302612305
2021-03-02 14:30:00+00:00,39.70588302612305,39.70588302612305,39.70588302612305,39.70588302612305
2021-03-03 14:30:00+00:00,35.882354736328125,35.882354736328125,35.882354736328125,35.882354736328125
2021-03-04 14:30:00+00:00,35.882354736328125,35.882354736328125,35.882354736328125,35.882354736328125
2021-03-05 14:30:00+00:00,38.17647171020508,38.235294342041016,38.17647171020508,38.235294342041016
2021-03-08 14:30:00+00:00,35.0,35.0,17.94117546081543,17.94117546081543
2021-03-09 14:30:00+00:00,25.0,38.235294342041016,25.0,35.29411697387695
2021-03-10 14:30:00+00:00,36.35293960571289,38.235294342041016,33.82352828979492,33.82352828979492
2021-03-11 14:30:00+00:00,39.70588302612305,39.70588302612305,36.47058868408203,37.94117736816406
2021-03-12 14:30:00+00:00,38.235294342041016,39.70588302612305,38.235294342041016,38.52941131591797
2021-03-15 13:30:00+00:00,39.70588302612305,39.70588302612305,39.70588302612305,39.70588302612305
2021-03-16 13:30:00+00:00,39.70588302612305,67.35294342041016,39.05882263183594,67.35294342041016
2021-03-17 13:30:00+00:00,51.47058868408203,66.17646789550781,44.411766052246094,61.55882263183594
2021-03-18 13:30:00+00:00,67.35294342041016,323.5294189453125,60.29411697387695,139.7058868408203
2021-03-19 13:30:00+00:00,117.64705657958984,174.85293579101562,91.76470947265625,107.44117736816406
2021-03-22 13:30:00+00:00,117.64705657958984,145.58824157714844,92.94117736816406,114.70587921142578
2021-03-23 13:30:00+00:00,124.70587921142578,179.55882263183594,117.64705657958984,132.35293579101562
2021-03-24 13:30:00+00:00,132.35293579101562,150.2941131591797,114.70587921142578,150.0
2021-03-25 13:30:00+00:00,147.05882263183594,152.94117736816406,106.17646789550781,117.88235473632812
2021-03-26 13:30:00+00:00,118.38235473632812,173.5294189453125,117.64705657958984,135.58824157714844
2021-03-29 13:30:00+00:00,140.44117736816406,150.38235473632812,127.94117736816406,127.94117736816406
2021-03-30 13:30:00+00:00,138.9705810546875,138.9705810546875,110.29412078857422,114.70587921142578
2021-03-31 13:30:00+00:00,112.94117736816406,130.88235473632812,112.94117736816406,130.88235473632812
2021-04-01 13:30:00+00:00,125.0,130.88235473632812,117.64705657958984,120.97058868408203
2021-04-05 13:30:00+00:00,120.5882339477539,144.11764526367188,116.47058868408203,121.32353210449219
2021-04-06 13:30:00+00:00,121.32353210449219,144.11764526367188,117.64705657958984,136.76470947265625
2021-04-07 13:30:00+00:00,126.02941131591797,132.05882263183594,123.52941131591797,130.58824157714844
2021-04-08 13:30:00+00:00,124.55882263183594,136.3235321044922,124.55882263183594,136.1764678955078
2021-04-09 13:30:00+00:00,136.1764678955078,147.05882263183594,133.23529052734375,133.23529052734375
2021-04-12 13:30:00+00:00,125.0,127.94117736816406,113.23529052734375,116.17646789550781
2021-04-13 13:30:00+00:00,114.70587921142578,114.70587921142578,95.0,95.0
2021-04-14 13:30:00+00:00,91.17646789550781,113.79412078857422,91.17646789550781,105.88235473632812
2021-04-15 13:30:00+00:00,105.88235473632812,105.88235473632812,89.4117660522461,90.0
2021-04-16 13:30:00+00:00,91.17646789550781,139.7058868408203,91.17646789550781,117.64705657958984
2021-04-19 13:30:00+00:00,125.0,125.0,106.17646789550781,108.52941131591797
2021-04-20 13:30:00+00:00,112.94117736816406,112.94117736816406,80.88235473632812,85.29412078857422
2021-04-21 13:30:00+00:00,85.29412078857422,85.88235473632812,66.17646789550781,75.88235473632812
2021-04-22 13:30:00+00:00,69.11764526367188,88.23529052734375,69.11764526367188,85.29412078857422
2021-04-23 13:30:00+00:00,85.29412078857422,95.5882339477539,77.94117736816406,88.23529052734375
2021-04-26 13:30:00+00:00,94.11764526367188,102.05882263183594,75.29412078857422,79.70587921142578
2021-04-27 13:30:00+00:00,79.70587921142578,88.23529052734375,61.764705657958984,80.44117736816406
2021-04-28 13:30:00+00:00,77.79412078857422,97.35294342041016,77.79412078857422,97.35294342041016
2021-04-29 13:30:00+00:00,110.29412078857422,110.29412078857422,98.52941131591797,98.52941131591797
2021-04-30 13:30:00+00:00,98.52941131591797,98.52941131591797,98.52941131591797,98.52941131591797
2021-05-03 13:30:00+00:00,107.35294342041016,108.82353210449219,88.23529052734375,108.82353210449219
2021-05-04 13:30:00+00:00,91.47058868408203,110.0,91.47058868408203,96.9117660522461
2021-05-05 13:30:00+00:00,91.47058868408203,100.0,91.47058868408203,100.0
2021-05-06 13:30:00+00:00,107.05882263183594,107.35294342041016,88.23529052734375,88.23529052734375
2021-05-07 13:30:00+00:00,88.82353210449219,88.82353210449219,88.82353210449219,88.82353210449219
2021-05-10 13:30:00+00:00,101.47058868408203,101.47058868408203,88.23529052734375,101.17646789550781
2021-05-11 13:30:00+00:00,97.05882263183594,97.05882263183594,97.05882263183594,97.05882263183594
2021-05-12 13:30:00+00:00,88.23529052734375,88.23529052734375,88.23529052734375,88.23529052734375
2021-05-13 13:30:00+00:00,77.64705657958984,87.94117736816406,67.05882263183594,87.35294342041016
2021-05-14 13:30:00+00:00,87.35294342041016,87.35294342041016,87.35294342041016,87.35294342041016
2021-05-17 13:30:00+00:00,87.35294342041016,87.35294342041016,87.35294342041016,87.35294342041016
2021-05-18 13:30:00+00:00,88.23529052734375,88.23529052734375,88.23529052734375,88.23529052734375
2021-05-19 13:30:00+00:00,73.52941131591797,88.23529052734375,73.52941131591797,88.23529052734375
2021-05-20 13:30:00+00:00,88.23529052734375,88.23529052734375,88.23529052734375,88.23529052734375
2021-05-21 13:30:00+00:00,73.52941131591797,87.94117736816406,73.52941131591797,73.52941131591797
2021-05-24 13:30:00+00:00,73.52941131591797,73.52941131591797,73.52941131591797,73.52941131591797
2021-05-25 13:30:00+00:00,66.47058868408203,87.64705657958984,66.47058868408203,77.94117736816406
2021-05-26 13:30:00+00:00,66.17646789550781,88.23529052734375,66.17646789550781,88.23529052734375
2021-05-27 13:30:00+00:00,70.88235473632812,73.52941131591797,70.88235473632812,73.52941131591797
2021-05-28 13:30:00+00:00,82.5,82.5,82.5,82.5
2021-06-01 13:30:00+00:00,82.94117736816406,85.29412078857422,71.76470947265625,79.4117660522461
2021-06-02 13:30:00+00:00,79.4117660522461,79.4117660522461,66.17646789550781,73.52941131591797
2021-06-03 13:30:00+00:00,77.64705657958984,97.05882263183594,77.64705657958984,94.11764526367188
2021-06-04 13:30:00+00:00,94.11764526367188,97.05882263183594,83.82353210449219,83.82353210449219
2021-06-07 13:30:00+00:00,83.82353210449219,83.82353210449219,83.82353210449219,83.82353210449219
2021-06-08 13:30:00+00:00,83.82353210449219,88.97058868408203,82.35294342041016,82.35294342041016
2021-06-09 13:30:00+00:00,73.52941131591797,73.52941131591797,73.52941131591797,73.52941131591797
2021-06-10 13:30:00+00:00,73.52941131591797,73.52941131591797,73.52941131591797,73.52941131591797
2021-06-11 13:30:00+00:00,73.52941131591797,73.52941131591797,59.411766052246094,61.764705657958984
2021-06-14 13:30:00+00:00,61.764705657958984,61.764705657958984,61.764705657958984,61.764705657958984
2021-06-15 13:30:00+00:00,64.70587921142578,64.70587921142578,64.70587921142578,64.70587921142578
2021-06-16 13:30:00+00:00,95.29412078857422,95.29412078857422,83.82353210449219,83.82353210449219
2021-06-17 13:30:00+00:00,84.11764526367188,84.11764526367188,84.11764526367188,84.11764526367188
2021-06-18 13:30:00+00:00,88.23529052734375,91.17646789550781,83.82353210449219,91.17646789550781
2021-06-21 13:30:00+00:00,67.64705657958984,88.23529052734375,67.64705657958984,81.17646789550781
2021-06-22 13:30:00+00:00,88.23529052734375,89.70587921142578,67.64705657958984,76.47058868408203
2021-06-23 13:30:00+00:00,69.11764526367188,69.11764526367188,69.11764526367188,69.11764526367188
2021-06-24 13:30:00+00:00,69.11764526367188,69.11764526367188,64.70587921142578,66.17646789550781
2021-06-25 13:30:00+00:00,63.235294342041016,63.52941131591797,58.82352828979492,63.52941131591797
2021-06-28 13:30:00+00:00,58.82352828979492,83.52941131591797,58.82352828979492,75.0
2021-06-29 13:30:00+00:00,75.0,75.0,75.0,75.0
2021-06-30 13:30:00+00:00,73.52941131591797,73.52941131591797,73.52941131591797,73.52941131591797
2021-07-01 13:30:00+00:00,68.23529052734375,68.23529052734375,68.23529052734375,68.23529052734375
2021-07-02 13:30:00+00:00,68.23529052734375,68.23529052734375,68.23529052734375,68.23529052734375
2021-07-06 13:30:00+00:00,82.35294342041016,83.82353210449219,78.82353210449219,83.82353210449219
2021-07-07 13:30:00+00:00,83.82353210449219,83.82353210449219,83.82353210449219,83.82353210449219
2021-07-08 13:30:00+00:00,83.82353210449219,83.82353210449219,83.82353210449219,83.82353210449219
2021-07-09 13:30:00+00:00,83.82353210449219,83.82353210449219,83.82353210449219,83.82353210449219
2021-07-12 13:30:00+00:00,73.23529052734375,73.23529052734375,73.23529052734375,73.23529052734375
2021-07-13 13:30:00+00:00,68.23529052734375,75.5882339477539,68.23529052734375,75.5882339477539
2021-07-14 13:30:00+00:00,80.88235473632812,83.82353210449219,80.88235473632812,83.82353210449219
2021-07-15 13:30:00+00:00,79.4117660522461,79.4117660522461,79.4117660522461,79.4117660522461
2021-07-16 13:30:00+00:00,70.5882339477539,76.47058868408203,58.82352828979492,58.82352828979492
2021-07-19 13:30:00+00:00,58.82352828979492,58.82352828979492,58.82352828979492,58.82352828979492
2021-07-20 13:30:00+00:00,58.82352828979492,58.82352828979492,35.882354736328125,47.05882263183594
2021-07-21 13:30:00+00:00,58.82352828979492,63.235294342041016,58.82352828979492,61.764705657958984
2021-07-22 13:30:00+00:00,73.23529052734375,73.23529052734375,61.764705657958984,61.764705657958984
2021-07-23 13:30:00+00:00,55.882354736328125,63.235294342041016,55.882354736328125,63.235294342041016
2021-07-26 13:30:00+00:00,63.235294342041016,63.235294342041016,63.235294342041016,63.235294342041016
2021-07-27 13:30:00+00:00,63.82352828979492,63.82352828979492,58.82352828979492,58.82352828979492
2021-07-28 13:30:00+00:00,72.05882263183594,73.23529052734375,72.05882263183594,73.23529052734375
2021-07-29 13:30:00+00:00,73.23529052734375,73.23529052734375,73.23529052734375,73.23529052734375
2021-07-30 13:30:00+00:00,71.76470947265625,71.76470947265625,71.76470947265625,71.76470947265625
2021-08-02 13:30:00+00:00,71.76470947265625,71.76470947265625,71.76470947265625,71.76470947265625
2021-08-03 13:30:00+00:00,82.05882263183594,82.35294342041016,70.88235473632812,70.88235473632812
2021-08-04 13:30:00+00:00,70.88235473632812,70.88235473632812,70.88235473632812,70.88235473632812
2021-08-05 13:30:00+00:00,70.88235473632812,70.88235473632812,70.88235473632812,70.88235473632812
2021-08-06 13:30:00+00:00,77.64705657958984,77.64705657958984,77.64705657958984,77.64705657958984
2021-08-09 13:30:00+00:00,73.52941131591797,73.52941131591797,70.5882339477539,70.5882339477539
2021-08-10 13:30:00+00:00,73.82353210449219,88.23529052734375,73.82353210449219,73.82353210449219
2021-08-11 13:30:00+00:00,73.82353210449219,73.82353210449219,73.82353210449219,73.82353210449219
2021-08-12 13:30:00+00:00,73.82353210449219,73.82353210449219,73.82353210449219,73.82353210449219
2021-08-13 13:30:00+00:00,88.23529052734375,88.23529052734375,67.64705657958984,69.11764526367188
2021-08-16 13:30:00+00:00,63.235294342041016,63.235294342041016,63.235294342041016,63.235294342041016
2021-08-17 13:30:00+00:00,67.64705657958984,73.52941131591797,67.64705657958984,67.64705657958984
2021-08-18 13:30:00+00:00,59.117645263671875,59.117645263671875,59.117645263671875,59.117645263671875
2021-08-19 13:30:00+00:00,59.70588302612305,59.70588302612305,58.82352828979492,58.82352828979492
2021-08-20 13:30:00+00:00,58.82352828979492,58.82352828979492,58.82352828979492,58.82352828979492
2021-08-23 13:30:00+00:00,58.82352828979492,58.82352828979492,58.82352828979492,58.82352828979492
2021-08-24 13:30:00+00:00,58.82352828979492,58.82352828979492,58.82352828979492,58.82352828979492
2021-08-25 13:30:00+00:00,58.82352828979492,70.73529052734375,48.82352828979492,48.82352828979492
2021-08-26 13:30:00+00:00,56.47058868408203,65.29412078857422,56.47058868408203,59.117645263671875
2021-08-27 13:30:00+00:00,50.882354736328125,53.52941131591797,50.882354736328125,53.235294342041016
2021-08-30 13:30:00+00:00,53.235294342041016,58.82352828979492,53.235294342041016,58.82352828979492
2021-08-31 13:30:00+00:00,53.52941131591797,53.52941131591797,53.52941131591797,53.52941131591797
2021-09-01 13:30:00+00:00,53.52941131591797,53.52941131591797,53.52941131591797,53.52941131591797
2021-09-02 13:30:00+00:00,55.882354736328125,55.882354736328125,55.882354736328125,55.882354736328125
2021-09-03 13:30:00+00:00,45.588233947753906,50.0,22.794118881225586,50.0
2021-09-07 13:30:00+00:00,55.882354736328125,58.82352828979492,55.882354736328125,58.82352828979492
2021-09-08 13:30:00+00:00,50.0,50.29411697387695,50.0,50.29411697387695
2021-09-09 13:30:00+00:00,50.29411697387695,54.411766052246094,50.0,54.411766052246094
2021-09-10 13:30:00+00:00,50.29411697387695,55.882354736328125,50.0,50.0
2021-09-13 13:30:00+00:00,50.29411697387695,53.235294342041016,50.29411697387695,53.235294342041016
2021-09-14 13:30:00+00:00,53.235294342041016,55.882354736328125,53.235294342041016,54.117645263671875
2021-09-15 13:30:00+00:00,50.588233947753906,113.23529052734375,50.588233947753906,82.64705657958984
2021-09-16 13:30:00+00:00,82.64705657958984,82.64705657958984,52.35293960571289,78.52941131591797
2021-09-17 13:30:00+00:00,73.52941131591797,77.64705657958984,59.411766052246094,63.235294342041016
2021-09-20 13:30:00+00:00,59.70588302612305,66.17646789550781,53.52941131591797,58.82352828979492
2021-09-21 13:30:00+00:00,58.82352828979492,58.82352828979492,55.882354736328125,57.35293960571289
2021-09-22 13:30:00+00:00,58.82352828979492,63.235294342041016,53.82352828979492,58.82352828979492
2021-09-23 13:30:00+00:00,58.82352828979492,58.82352828979492,56.47058868408203,56.47058868408203
2021-09-24 13:30:00+00:00,57.35293960571289,57.35293960571289,52.05882263183594,52.35293960571289
2021-09-27 13:30:00+00:00,53.52941131591797,54.117645263671875,50.0,50.0
2021-09-28 13:30:00+00:00,47.64706039428711,50.0,47.35293960571289,48.52941131591797
2021-09-29 13:30:00+00:00,47.35293960571289,49.411766052246094,44.117645263671875,44.117645263671875
2021-09-30 13:30:00+00:00,44.117645263671875,44.117645263671875,44.117645263671875,44.117645263671875
2021-10-01 13:30:00+00:00,57.05882263183594,57.05882263183594,42.64706039428711,42.64706039428711
2021-10-04 13:30:00+00:00,42.64706039428711,42.64706039428711,32.35293960571289,42.35293960571289
2021-10-05 13:30:00+00:00,44.117645263671875,45.588233947753906,44.117645263671875,45.588233947753906
2021-10-06 13:30:00+00:00,50.0,50.0,50.0,50.0
2021-10-07 13:30:00+00:00,50.0,50.0,44.117645263671875,45.588233947753906
2021-10-08 13:30:00+00:00,45.588233947753906,57.05882263183594,45.588233947753906,57.05882263183594
2021-10-11 13:30:00+00:00,57.05882263183594,57.05882263183594,45.882354736328125,45.882354736328125
2021-10-12 13:30:00+00:00,45.882354736328125,50.0,45.882354736328125,45.882354736328125
2021-10-13 13:30:00+00:00,45.882354736328125,45.882354736328125,45.882354736328125,45.882354736328125
2021-10-14 13:30:00+00:00,48.52941131591797,48.52941131591797,45.882354736328125,45.882354736328125
2021-10-15 13:30:00+00:00,45.0,47.05882263183594,40.0,47.05882263183594
2021-10-18 13:30:00+00:00,46.47058868408203,46.47058868408203,46.47058868408203,46.47058868408203
2021-10-19 13:30:00+00:00,45.882354736328125,45.882354736328125,44.117645263671875,44.117645263671875
2021-10-20 13:30:00+00:00,44.117645263671875,44.117645263671875,41.764705657958984,41.764705657958984
2021-10-21 13:30:00+00:00,42.94117736816406,42.94117736816406,42.94117736816406,42.94117736816406
2021-10-22 13:30:00+00:00,44.117645263671875,50.44117736816406,41.764705657958984,44.117645263671875
2021-10-25 13:30:00+00:00,44.117645263671875,58.82352828979492,44.117645263671875,57.35293960571289
2021-10-26 13:30:00+00:00,58.82352828979492,72.05882263183594,51.47058868408203,58.82352828979492
2021-10-27 13:30:00+00:00,60.29411697387695,61.764705657958984,51.47058868408203,51.47058868408203
2021-10-28 13:30:00+00:00,51.47058868408203,51.47058868408203,51.47058868408203,51.47058868408203
2021-10-29 13:30:00+00:00,51.47058868408203,51.47058868408203,51.47058868408203,51.47058868408203
2021-11-01 13:30:00+00:00,52.35293960571289,58.82352828979492,51.47058868408203,51.47058868408203
2021-11-02 13:30:00+00:00,50.29411697387695,54.411766052246094,44.70588302612305,53.82352828979492
2021-11-03 13:30:00+00:00,55.882354736328125,75.0,55.14706039428711,64.11764526367188
2021-11-04 13:30:00+00:00,62.94117736816406,95.5882339477539,44.117645263671875,55.882354736328125
2021-11-05 13:30:00+00:00,58.82352828979492,58.82352828979492,47.35293960571289,50.0
2021-11-08 14:30:00+00:00,47.05882263183594,52.94117736816406,47.05882263183594,51.17647171020508
2021-11-09 14:30:00+00:00,52.35293960571289,57.05882263183594,52.35293960571289,57.05882263183594
2021-11-10 14:30:00+00:00,55.588233947753906,55.588233947753906,42.64706039428711,53.82352828979492
2021-11-11 14:30:00+00:00,52.94117736816406,95.5882339477539,52.94117736816406,77.94117736816406
2021-11-12 14:30:00+00:00,77.79412078857422,101.47058868408203,77.64705657958984,88.23529052734375
2021-11-15 14:30:00+00:00,88.23529052734375,88.23529052734375,84.70587921142578,85.0
2021-11-16 14:30:00+00:00,85.5882339477539,91.17646789550781,84.4117660522461,90.29412078857422
2021-11-17 14:30:00+00:00,90.44117736816406,112.94117736816406,88.23529052734375,102.94117736816406
2021-11-18 14:30:00+00:00,113.52941131591797,113.52941131591797,97.94117736816406,101.47058868408203
2021-11-19 14:30:00+00:00,98.23529052734375,100.0,95.5882339477539,96.61764526367188
2021-11-22 14:30:00+00:00,96.47058868408203,96.47058868408203,73.82353210449219,82.35294342041016
2021-11-23 14:30:00+00:00,79.4117660522461,80.88235473632812,73.82353210449219,77.94117736816406
2021-11-24 14:30:00+00:00,77.94117736816406,77.94117736816406,76.47058868408203,76.47058868408203
2021-11-26 14:30:00+00:00,76.47058868408203,76.76470947265625,75.0,76.76470947265625
2021-11-29 14:30:00+00:00,76.47058868408203,80.88235473632812,76.47058868408203,78.82353210449219
2021-11-30 14:30:00+00:00,78.82353210449219,80.88235473632812,76.47058868408203,76.47058868408203
2021-12-01 14:30:00+00:00,79.4117660522461,109.70587921142578,77.94117736816406,99.70587921142578
2021-12-02 14:30:00+00:00,100.0,107.94117736816406,98.52941131591797,102.35294342041016
2021-12-03 14:30:00+00:00,114.70587921142578,114.70587921142578,92.64705657958984,96.02941131591797
2021-12-06 14:30:00+00:00,97.05882263183594,115.29412078857422,96.02941131591797,111.76470947265625
2021-12-07 14:30:00+00:00,114.70587921142578,117.64705657958984,111.76470947265625,116.17646789550781
2021-12-08 14:30:00+00:00,122.64705657958984,122.64705657958984,112.05882263183594,113.23529052734375
2021-12-09 14:30:00+00:00,108.82353210449219,109.70587921142578,96.17646789550781,105.88235473632812
2021-12-10 14:30:00+00:00,106.47058868408203,111.76470947265625,97.64705657958984,100.0
2021-12-13 14:30:00+00:00,102.94117736816406,102.94117736816406,92.94117736816406,95.0
2021-12-14 14:30:00+00:00,95.5882339477539,95.5882339477539,87.94117736816406,91.17646789550781
2021-12-15 14:30:00+00:00,117.64705657958984,117.64705657958984,89.70587921142578,91.17646789550781
2021-12-16 14:30:00+00:00,91.17646789550781,91.17646789550781,89.70587921142578,91.17646789550781
2021-12-17 14:30:00+00:00,89.4117660522461,90.88235473632812,89.11764526367188,90.0
2021-12-20 14:30:00+00:00,90.88235473632812,90.88235473632812,79.4117660522461,83.82353210449219
2021-12-21 14:30:00+00:00,83.82353210449219,96.47058868408203,81.47058868408203,89.55882263183594
2021-12-22 14:30:00+00:00,90.0,96.17646789550781,86.76470947265625,88.82353210449219
2021-12-23 14:30:00+00:00,91.17646789550781,91.17646789550781,83.23529052734375,86.76470947265625
2021-12-27 14:30:00+00:00,87.94117736816406,98.52941131591797,83.82353210449219,85.88235473632812
2021-12-28 14:30:00+00:00,88.23529052734375,88.23529052734375,85.88235473632812,88.23529052734375
2021-12-29 14:30:00+00:00,95.29412078857422,95.29412078857422,88.0882339477539,88.82353210449219
2021-12-30 14:30:00+00:00,88.52941131591797,88.82353210449219,87.94117736816406,87.94117736816406
2021-12-31 14:30:00+00:00,94.11764526367188,94.11764526367188,88.23529052734375,88.23529052734375
2022-01-03 14:30:00+00:00,91.17646789550781,91.76470947265625,87.35294342041016,87.35294342041016
2022-01-04 14:30:00+00:00,91.17646789550781,91.76470947265625,85.29412078857422,85.29412078857422
2022-01-05 14:30:00+00:00,86.76470947265625,87.64705657958984,77.64705657958984,78.52941131591797
2022-01-06 14:30:00+00:00,78.52941131591797,78.97058868408203,67.64705657958984,68.23529052734375
2022-01-07 14:30:00+00:00,68.23529052734375,68.23529052734375,62.05882263183594,68.23529052734375
2022-01-10 14:30:00+00:00,72.94117736816406,73.23529052734375,69.11764526367188,71.17646789550781
2022-01-11 14:30:00+00:00,72.05882263183594,72.94117736816406,68.52941131591797,70.29412078857422
2022-01-12 14:30:00+00:00,70.29412078857422,72.05882263183594,67.64705657958984,70.5882339477539
2022-01-13 14:30:00+00:00,69.11764526367188,69.11764526367188,60.29411697387695,61.764705657958984
2022-01-14 14:30:00+00:00,60.29411697387695,67.64705657958984,60.29411697387695,67.64705657958984
2022-01-18 14:30:00+00:00,67.64705657958984,67.64705657958984,56.47058868408203,60.29411697387695
2022-01-19 14:30:00+00:00,61.17647171020508,61.17647171020508,48.52941131591797,48.52941131591797
2022-01-20 14:30:00+00:00,50.588233947753906,52.35293960571289,50.0,51.47058868408203
2022-01-21 14:30:00+00:00,52.64706039428711,52.64706039428711,42.05882263183594,46.32352828979492
2022-01-24 14:30:00+00:00,45.588233947753906,46.17647171020508,41.17647171020508,44.117645263671875
2022-01-25 14:30:00+00:00,46.17647171020508,46.17647171020508,41.47058868408203,45.29411697387695
2022-01-26 14:30:00+00:00,45.29411697387695,45.882354736328125,42.64706039428711,42.64706039428711
2022-01-27 14:30:00+00:00,45.882354736328125,46.17647171020508,42.64706039428711,44.117645263671875
2022-01-28 14:30:00+00:00,44.85293960571289,47.05882263183594,44.117645263671875,45.588233947753906
2022-01-31 14:30:00+00:00,50.0,58.52941131591797,41.17647171020508,45.588233947753906
2022-02-01 14:30:00+00:00,47.05882263183594,47.05882263183594,43.52941131591797,45.588233947753906
2022-02-02 14:30:00+00:00,46.17647171020508,48.52941131591797,41.17647171020508,45.29411697387695
2022-02-03 14:30:00+00:00,46.32352828979492,47.05882263183594,44.411766052246094,44.411766052246094
2022-02-04 14:30:00+00:00,46.32352828979492,47.35293960571289,44.411766052246094,46.32352828979492
2022-02-07 14:30:00+00:00,55.735294342041016,58.82352828979492,47.05882263183594,47.05882263183594
2022-02-08 14:30:00+00:00,50.882354736328125,52.64706039428711,44.411766052246094,46.32352828979492
2022-02-09 14:30:00+00:00,45.588233947753906,47.94117736816406,45.0,47.05882263183594
2022-02-10 14:30:00+00:00,47.05882263183594,48.52941131591797,44.411766052246094,46.47058868408203
2022-02-11 14:30:00+00:00,48.235294342041016,50.0,46.47058868408203,47.64706039428711
2022-02-14 14:30:00+00:00,49.70588302612305,52.20588302612305,46.764705657958984,46.764705657958984
2022-02-15 14:30:00+00:00,50.0,52.05882263183594,48.52941131591797,52.05882263183594
2022-02-16 14:30:00+00:00,53.82352828979492,54.411766052246094,44.70588302612305,46.47058868408203
2022-02-17 14:30:00+00:00,46.32352828979492,48.235294342041016,45.0,47.05882263183594
2022-02-18 14:30:00+00:00,46.764705657958984,48.235294342041016,45.588233947753906,47.64706039428711
2022-02-22 14:30:00+00:00,52.94117736816406,54.411766052246094,44.70588302612305,46.47058868408203
2022-02-23 14:30:00+00:00,46.47058868408203,47.05882263183594,44.117645263671875,47.05882263183594
2022-02-24 14:30:00+00:00,44.70588302612305,47.05882263183594,41.17647171020508,44.411766052246094
2022-02-25 14:30:00+00:00,45.0,53.235294342041016,45.0,52.94117736816406
2022-02-28 14:30:00+00:00,55.588233947753906,61.764705657958984,53.52941131591797,57.64706039428711
2022-03-01 14:30:00+00:00,61.17647171020508,61.17647171020508,54.70588302612305,55.882354736328125
2022-03-02 14:30:00+00:00,57.94117736816406,57.94117736816406,54.411766052246094,57.05882263183594
2022-03-03 14:30:00+00:00,56.47058868408203,57.35293960571289,54.411766052246094,55.882354736328125
2022-03-04 14:30:00+00:00,56.17647171020508,58.82352828979492,55.29411697387695,55.588233947753906
2022-03-07 14:30:00+00:00,67.35294342041016,67.64705657958984,45.882354736328125,50.29411697387695
2022-03-08 14:30:00+00:00,51.17647171020508,55.588233947753906,50.0,53.82352828979492
2022-03-09 14:30:00+00:00,53.82352828979492,57.94117736816406,53.235294342041016,55.882354736328125
2022-03-10 14:30:00+00:00,59.411766052246094,59.411766052246094,56.764705657958984,58.82352828979492
2022-03-11 14:30:00+00:00,58.382354736328125,64.70587921142578,58.382354736328125,61.764705657958984
2022-03-14 13:30:00+00:00,63.235294342041016,64.70587921142578,58.235294342041016,58.235294342041016
2022-03-15 13:30:00+00:00,59.70588302612305,59.70588302612305,55.29411697387695,58.235294342041016
2022-03-16 13:30:00+00:00,58.82352828979492,58.82352828979492,50.588233947753906,52.94117736816406
2022-03-17 13:30:00+00:00,52.94117736816406,55.0,49.70588302612305,51.764705657958984
2022-03-18 13:30:00+00:00,52.35293960571289,58.235294342041016,52.05882263183594,55.882354736328125
2022-03-21 13:30:00+00:00,56.911766052246094,62.5,56.764705657958984,60.0
2022-03-22 13:30:00+00:00,64.11764526367188,64.11764526367188,60.0,61.17647171020508
2022-03-23 13:30:00+00:00,64.4117660522461,64.70587921142578,61.764705657958984,63.088233947753906
2022-03-24 13:30:00+00:00,64.70587921142578,64.70587921142578,62.94117736816406,63.235294342041016
2022-03-25 13:30:00+00:00,65.29412078857422,65.29412078857422,62.94117736816406,63.52941131591797
2022-03-28 13:30:00+00:00,65.29412078857422,72.64705657958984,64.55882263183594,65.5882339477539
2022-03-29 13:30:00+00:00,68.23529052734375,70.5882339477539,66.17646789550781,70.5882339477539
2022-03-30 13:30:00+00:00,71.76470947265625,83.52941131591797,70.88235473632812,79.4117660522461
2022-03-31 13:30:00+00:00,82.35294342041016,85.29412078857422,78.82353210449219,81.17646789550781
2022-04-01 13:30:00+00:00,80.88235473632812,81.47058868408203,47.05882263183594,52.94117736816406
2022-04-04 13:30:00+00:00,55.882354736328125,56.47058868408203,47.05882263183594,48.82352828979492
2022-04-05 13:30:00+00:00,47.05882263183594,50.0,32.94117736816406,42.64706039428711
2022-04-06 13:30:00+00:00,42.64706039428711,50.0,41.764705657958984,46.47058868408203
2022-04-07 13:30:00+00:00,45.0,51.64706039428711,41.764705657958984,43.82352828979492
2022-04-08 13:30:00+00:00,44.411766052246094,46.17647171020508,41.764705657958984,42.94117736816406
2022-04-11 13:30:00+00:00,44.411766052246094,49.411766052246094,42.94117736816406,46.764705657958984
2022-04-12 13:30:00+00:00,51.17647171020508,52.05882263183594,47.05882263183594,50.29411697387695
2022-04-13 13:30:00+00:00,51.764705657958984,55.0,51.47058868408203,53.235294342041016
2022-04-14 13:30:00+00:00,54.411766052246094,55.0,51.764705657958984,53.52941131591797
2022-04-18 13:30:00+00:00,55.0,55.0,46.17647171020508,46.17647171020508
2022-04-19 13:30:00+00:00,46.17647171020508,55.882354736328125,44.117645263671875,52.64706039428711
2022-04-20 13:30:00+00:00,52.94117736816406,56.47058868408203,48.52941131591797,50.0
2022-04-21 13:30:00+00:00,49.411766052246094,54.411766052246094,49.411766052246094,52.64706039428711
2022-04-22 13:30:00+00:00,53.52941131591797,54.411766052246094,41.47058868408203,45.588233947753906
2022-04-25 13:30:00+00:00,44.117645263671875,47.05882263183594,43.235294342041016,45.29411697387695
2022-04-26 13:30:00+00:00,45.29411697387695,47.05882263183594,42.94117736816406,43.82352828979492
2022-04-27 13:30:00+00:00,45.29411697387695,45.29411697387695,39.411766052246094,40.29411697387695
2022-04-28 13:30:00+00:00,40.29411697387695,42.94117736816406,38.235294342041016,38.82352828979492
2022-04-29 13:30:00+00:00,41.47058868408203,44.117645263671875,40.588233947753906,42.64706039428711
2022-05-02 13:30:00+00:00,43.235294342041016,43.82352828979492,38.82352828979492,42.64706039428711
2022-05-03 13:30:00+00:00,40.0,42.05882263183594,39.70588302612305,39.70588302612305
2022-05-04 13:30:00+00:00,39.411766052246094,40.882354736328125,38.52941131591797,40.588233947753906
2022-05-05 13:30:00+00:00,40.882354736328125,40.882354736328125,38.52941131591797,38.82352828979492
2022-05-06 13:30:00+00:00,39.70588302612305,40.0,38.52941131591797,40.0
2022-05-09 13:30:00+00:00,40.0,40.882354736328125,33.235294342041016,34.117645263671875
2022-05-10 13:30:00+00:00,33.235294342041016,36.764705657958984,32.088233947753906,33.235294342041016
2022-05-11 13:30:00+00:00,33.235294342041016,33.382354736328125,19.705881118774414,23.02941131591797
2022-05-12 13:30:00+00:00,24.117647171020508,24.117647171020508,15.588234901428223,15.588234901428223
2022-05-13 13:30:00+00:00,15.588234901428223,18.52941131591797,15.588234901428223,18.08823585510254
2022-05-16 13:30:00+00:00,17.94117546081543,19.705881118774414,17.647058486938477,17.94117546081543
2022-05-17 13:30:00+00:00,17.94117546081543,18.52941131591797,17.94117546081543,18.52941131591797
2022-05-18 13:30:00+00:00,19.91176414489746,19.91176414489746,17.794118881225586,17.794118881225586
2022-05-19 13:30:00+00:00,18.52941131591797,18.52941131591797,17.176471710205078,17.44117546081543
2022-05-20 13:30:00+00:00,17.352941513061523,17.94117546081543,16.94117546081543,17.94117546081543
2022-05-23 13:30:00+00:00,17.647058486938477,18.382352828979492,17.647058486938477,17.647058486938477
2022-05-24 13:30:00+00:00,17.647058486938477,18.41176414489746,16.47058868408203,16.764705657958984
2022-05-25 13:30:00+00:00,17.352941513061523,17.647058486938477,17.0,17.647058486938477
2022-05-26 13:30:00+00:00,16.47058868408203,20.58823585510254,16.47058868408203,19.117647171020508
2022-05-27 13:30:00+00:00,17.5,20.58823585510254,17.5,17.647058486938477
2022-05-31 13:30:00+00:00,16.764705657958984,19.55882453918457,16.764705657958984,17.382352828979492
2022-06-01 13:30:00+00:00,17.352941513061523,18.52941131591797,16.176471710205078,16.176471710205078
2022-06-02 13:30:00+00:00,17.647058486938477,17.647058486938477,15.441176414489746,15.588234901428223
2022-06-03 13:30:00+00:00,15.0,15.882352828979492,14.70588207244873,15.558823585510254
2022-06-06 13:30:00+00:00,15.29411792755127,15.882352828979492,15.29411792755127,15.29411792755127
2022-06-07 13:30:00+00:00,15.29411792755127,15.882352828979492,12.941176414489746,13.264705657958984
2022-06-08 13:30:00+00:00,13.29411792755127,13.29411792755127,11.764705657958984,12.647059440612793
2022-06-09 13:30:00+00:00,13.235294342041016,20.0,13.235294342041016,16.764705657958984
2022-06-10 13:30:00+00:00,16.176471710205078,17.735294342041016,12.20588207244873,13.852940559387207
2022-06-13 13:30:00+00:00,13.852940559387207,13.852940559387207,11.470587730407715,11.470587730407715
2022-06-14 13:30:00+00:00,11.470587730407715,13.529412269592285,9.411765098571777,10.147059440612793
2022-06-15 13:30:00+00:00,9.411765098571777,12.352940559387207,9.411765098571777,12.352940559387207
2022-06-16 13:30:00+00:00,9.411765098571777,12.941176414489746,9.411765098571777,11.176470756530762
2022-06-17 13:30:00+00:00,11.176470756530762,11.764705657958984,9.411765098571777,11.20588207244873
2022-06-21 13:30:00+00:00,11.20588207244873,11.764705657958984,10.911765098571777,11.470587730407715
2022-06-22 13:30:00+00:00,12.941176414489746,12.941176414489746,10.29411792755127,10.323529243469238
2022-06-23 13:30:00+00:00,10.588234901428223,11.176470756530762,9.5,10.882352828979492
2022-06-24 13:30:00+00:00,10.882352828979492,12.352940559387207,10.588234901428223,10.823529243469238
2022-06-27 13:30:00+00:00,10.882352828979492,11.764705657958984,9.882352828979492,9.882352828979492
2022-06-28 13:30:00+00:00,9.882352828979492,10.29411792755127,9.529412269592285,10.0
2022-06-29 13:30:00+00:00,9.70588207244873,10.0,9.441176414489746,10.0
2022-06-30 13:30:00+00:00,9.441176414489746,10.147059440612793,8.529412269592285,9.117647171020508
2022-07-01 13:30:00+00:00,8.529412269592285,9.411765098571777,7.647058963775635,8.235294342041016
2022-07-05 13:30:00+00:00,8.235294342041016,9.117647171020508,7.647058963775635,8.823529243469238
2022-07-06 13:30:00+00:00,8.823529243469238,8.823529243469238,7.647058963775635,7.941175937652588
2022-07-07 13:30:00+00:00,7.647058963775635,8.529412269592285,6.764706134796143,7.352941036224365
2022-07-08 13:30:00+00:00,5.882352828979492,8.823529243469238,5.882352828979492,7.058824062347412
2022-07-11 13:30:00+00:00,6.764706134796143,7.647058963775635,6.764706134796143,7.058824062347412
2022-07-12 13:30:00+00:00,6.470588207244873,7.647058963775635,6.470588207244873,7.352941036224365
2022-07-13 13:30:00+00:00,7.647058963775635,8.823529243469238,7.647058963775635,7.647058963775635
2022-07-14 13:30:00+00:00,5.882352828979492,8.823529243469238,5.882352828979492,8.235294342041016
2022-07-15 13:30:00+00:00,8.235294342041016,8.823529243469238,7.352941036224365,7.735293865203857
2022-07-18 13:30:00+00:00,8.235294342041016,8.558823585510254,7.441175937652588,7.941175937652588
2022-07-19 13:30:00+00:00,8.558823585510254,11.088234901428223,7.941175937652588,9.70588207244873
2022-07-20 13:30:00+00:00,9.70588207244873,11.470587730407715,8.558823585510254,9.70588207244873
2022-07-21 13:30:00+00:00,9.79411792755127,9.79411792755127,9.411765098571777,9.70588207244873
2022-07-22 13:30:00+00:00,11.411765098571777,11.411765098571777,9.79411792755127,9.79411792755127
2022-07-25 13:30:00+00:00,10.29411792755127,10.29411792755127,9.117647171020508,9.117647171020508
2022-07-26 13:30:00+00:00,9.117647171020508,9.70588207244873,6.764706134796143,7.058824062347412
2022-07-27 13:30:00+00:00,9.70588207244873,9.70588207244873,7.147058963775635,9.117647171020508
2022-07-28 13:30:00+00:00,9.117647171020508,9.117647171020508,7.2058820724487305,7.588234901428223
2022-07-29 13:30:00+00:00,8.0,8.382352828979492,7.2058820724487305,8.235294342041016
2022-08-01 13:30:00+00:00,7.5,8.235294342041016,7.088234901428223,7.088234901428223
2022-08-02 13:30:00+00:00,7.088234901428223,7.588234901428223,7.058824062347412,7.2058820724487305
2022-08-03 13:30:00+00:00,7.117647171020508,8.235294342041016,7.117647171020508,8.235294342041016
2022-08-04 13:30:00+00:00,8.235294342041016,8.235294342041016,7.147058963775635,8.029412269592285
2022-08-05 13:30:00+00:00,7.352941036224365,7.941175937652588,7.352941036224365,7.647058963775635
2022-08-08 13:30:00+00:00,7.647058963775635,8.235294342041016,7.441175937652588,7.647058963775635
2022-08-09 13:30:00+00:00,7.441175937652588,8.235294342041016,7.441175937652588,7.441175937652588
2022-08-10 13:30:00+00:00,7.441175937652588,8.235294342041016,7.441175937652588,8.235294342041016
2022-08-11 13:30:00+00:00,7.441175937652588,16.91176414489746,7.441175937652588,16.47058868408203
2022-08-12 13:30:00+00:00,16.47058868408203,16.47058868408203,14.70588207244873,14.70588207244873
2022-08-15 13:30:00+00:00,14.70588207244873,14.852940559387207,12.352940559387207,13.088234901428223
2022-08-16 13:30:00+00:00,11.764705657958984,13.235294342041016,11.29411792755127,11.764705657958984
2022-08-17 13:30:00+00:00,11.470587730407715,11.764705657958984,8.823529243469238,9.441176414489746
2022-08-18 13:30:00+00:00,10.29411792755127,11.470587730407715,9.441176414489746,9.441176414489746
2022-08-19 13:30:00+00:00,9.441176414489746,11.176470756530762,9.441176414489746,9.441176414489746
2022-08-22 13:30:00+00:00,9.441176414489746,10.352940559387207,9.441176414489746,10.29411792755127
2022-08-23 13:30:00+00:00,10.29411792755127,11.176470756530762,7.058824062347412,7.941175937652588
2022-08-24 13:30:00+00:00,7.5,7.941175937652588,7.058824062347412,7.058824062347412
2022-08-25 13:30:00+00:00,7.2941179275512695,7.647058963775635,7.0,7.647058963775635
2022-08-26 13:30:00+00:00,6.911765098571777,7.441175937652588,6.911765098571777,7.058824062347412
2022-08-29 13:30:00+00:00,6.911765098571777,7.647058963775635,6.911765098571777,6.911765098571777
2022-08-30 13:30:00+00:00,6.911765098571777,7.5,6.911765098571777,7.5
2022-08-31 13:30:00+00:00,7.352941036224365,7.352941036224365,6.911765098571777,6.911765098571777
2022-09-01 13:30:00+00:00,6.911765098571777,7.352941036224365,6.911765098571777,7.058824062347412
2022-09-02 13:30:00+00:00,7.352941036224365,7.352941036224365,6.470588207244873,6.470588207244873
2022-09-06 13:30:00+00:00,6.470588207244873,7.941175937652588,6.470588207244873,6.764706134796143
2022-09-07 13:30:00+00:00,6.764706134796143,7.058824062347412,6.470588207244873,6.470588207244873
2022-09-08 13:30:00+00:00,6.470588207244873,7.941175937652588,6.470588207244873,7.941175937652588
2022-09-09 13:30:00+00:00,7.911765098571777,7.941175937652588,7.352941036224365,7.352941036224365
2022-09-12 13:30:00+00:00,6.67647123336792,7.941175937652588,6.67647123336792,7.7941179275512695
2022-09-13 13:30:00+00:00,7.7941179275512695,7.7941179275512695,7.647058963775635,7.7941179275512695
2022-09-14 13:30:00+00:00,7.647058963775635,7.941175937652588,7.647058963775635,7.7941179275512695
2022-09-15 13:30:00+00:00,6.764706134796143,11.735294342041016,6.764706134796143,7.411765098571777
2022-09-16 13:30:00+00:00,8.147059440612793,11.735294342041016,7.441175937652588,7.441175937652588
2022-09-19 13:30:00+00:00,7.441175937652588,8.529412269592285,6.764706134796143,7.588234901428223
2022-09-20 13:30:00+00:00,6.764706134796143,8.823529243469238,6.764706134796143,6.911765098571777
2022-09-21 13:30:00+00:00,6.970588207244873,8.529412269592285,6.970588207244873,7.352941036224365
2022-09-22 13:30:00+00:00,6.764706134796143,7.352941036224365,5.764706134796143,6.17647123336792
2022-09-23 13:30:00+00:00,6.2058820724487305,9.617647171020508,6.2058820724487305,8.441176414489746
2022-09-26 13:30:00+00:00,5.882352828979492,6.852941036224365,5.588234901428223,5.764706134796143
2022-09-27 13:30:00+00:00,6.882352828979492,8.676470756530762,6.882352828979492,8.235294342041016
2022-09-28 13:30:00+00:00,5.588234901428223,7.441175937652588,5.588234901428223,7.441175937652588
2022-09-29 13:30:00+00:00,7.352941036224365,7.647058963775635,6.17647123336792,6.17647123336792
2022-09-30 13:30:00+00:00,6.17647123336792,7.647058963775635,6.17647123336792,6.17647123336792
2022-10-03 13:30:00+00:00,6.32352876663208,6.911765098571777,6.32352876663208,6.32352876663208
2022-10-04 13:30:00+00:00,5.588234901428223,7.2058820724487305,5.588234901428223,7.2058820724487305
2022-10-05 13:30:00+00:00,7.058824062347412,8.235294342041016,6.17647123336792,6.17647123336792
2022-10-06 13:30:00+00:00,6.17647123336792,8.235294342041016,6.17647123336792,6.852941036224365
2022-10-07 13:30:00+00:00,6.352941036224365,7.352941036224365,6.352941036224365,7.352941036224365
2022-10-10 13:30:00+00:00,5.588234901428223,6.470588207244873,5.588234901428223,5.882352828979492
2022-10-11 13:30:00+00:00,5.588234901428223,5.588234901428223,5.0,5.2941179275512695
2022-10-12 13:30:00+00:00,5.588234901428223,6.17647123336792,4.411765098571777,5.147058963775635
2022-10-13 13:30:00+00:00,5.147058963775635,5.941175937652588,5.147058963775635,5.2941179275512695
2022-10-14 13:30:00+00:00,5.82352876663208,6.470588207244873,5.82352876663208,6.470588207244873
2022-10-17 13:30:00+00:00,5.147058963775635,5.82352876663208,5.147058963775635,5.147058963775635
2022-10-18 13:30:00+00:00,4.117647171020508,4.7058820724487305,4.117647171020508,4.411765098571777
2022-10-19 13:30:00+00:00,5.0,6.470588207244873,4.7058820724487305,6.470588207244873
2022-10-20 13:30:00+00:00,5.882352828979492,6.470588207244873,4.470588207244873,4.7058820724487305
2022-10-21 13:30:00+00:00,5.17647123336792,5.17647123336792,4.735293865203857,4.735293865203857
2022-10-24 13:30:00+00:00,4.764706134796143,4.764706134796143,4.470588207244873,4.470588207244873
2022-10-25 13:30:00+00:00,5.882352828979492,10.29411792755127,4.852941036224365,5.588234901428223
2022-10-26 13:30:00+00:00,5.617647171020508,5.617647171020508,4.441175937652588,5.147058963775635
2022-10-27 13:30:00+00:00,4.7058820724487305,5.2941179275512695,4.7058820724487305,5.2941179275512695
2022-10-28 13:30:00+00:00,5.0,5.882352828979492,4.411765098571777,5.882352828979492
2022-10-31 13:30:00+00:00,4.7058820724487305,5.588234901428223,4.411765098571777,4.7058820724487305
2022-11-01 13:30:00+00:00,4.411765098571777,5.2941179275512695,4.411765098571777,5.2941179275512695
2022-11-02 13:30:00+00:00,5.117647171020508,5.5,4.735293865203857,4.735293865203857
2022-11-03 13:30:00+00:00,4.735293865203857,5.264706134796143,4.735293865203857,5.264706134796143
2022-11-04 13:30:00+00:00,4.735293865203857,5.264706134796143,4.7058820724487305,5.235293865203857
2022-11-07 14:30:00+00:00,4.558824062347412,5.088234901428223,4.411765098571777,4.411765098571777
2022-11-08 14:30:00+00:00,4.411765098571777,5.0,4.411765098571777,4.7058820724487305
2022-11-09 14:30:00+00:00,4.411765098571777,5.0,4.411765098571777,4.411765098571777
2022-11-10 14:30:00+00:00,4.970588207244873,4.970588207244873,4.411765098571777,4.411765098571777
2022-11-11 14:30:00+00:00,4.7058820724487305,5.529411792755127,4.7058820724487305,4.7058820724487305
2022-11-14 14:30:00+00:00,4.7058820724487305,4.970588207244873,4.7058820724487305,4.970588207244873
2022-11-15 14:30:00+00:00,4.411765098571777,5.529411792755127,4.117647171020508,4.411765098571777
2022-11-16 14:30:00+00:00,4.82352876663208,4.82352876663208,4.117647171020508,4.411765098571777
2022-11-17 14:30:00+00:00,4.117647171020508,5.735293865203857,3.823529005050659,4.735293865203857
2022-11-18 14:30:00+00:00,4.735293865203857,4.735293865203857,3.970587968826294,4.647058963775635
2022-11-21 14:30:00+00:00,4.117647171020508,4.82352876663208,4.117647171020508,4.411765098571777
2022-11-22 14:30:00+00:00,4.029411792755127,4.82352876663208,3.941175937652588,4.82352876663208
2022-11-23 14:30:00+00:00,4.529411792755127,4.558824062347412,4.264706134796143,4.558824062347412
2022-11-25 14:30:00+00:00,4.529411792755127,4.529411792755127,4.264706134796143,4.264706134796143
2022-11-28 14:30:00+00:00,4.264706134796143,4.82352876663208,4.264706134796143,4.2941179275512695
2022-11-29 14:30:00+00:00,4.264706134796143,4.7058820724487305,3.529412031173706,4.7058820724487305
2022-11-30 14:30:00+00:00,4.32352876663208,5.2941179275512695,4.32352876663208,5.2941179275512695
2022-12-01 14:30:00+00:00,4.117647171020508,5.235293865203857,3.8529410362243652,5.2058820724487305
2022-12-02 14:30:00+00:00,4.5,5.264706134796143,3.529412031173706,3.529412031173706
2022-12-05 14:30:00+00:00,3.7647058963775635,4.529411792755127,3.7352941036224365,4.529411792755127
2022-12-06 14:30:00+00:00,3.970587968826294,4.411765098571777,3.7058820724487305,3.7352941036224365
2022-12-07 14:30:00+00:00,3.823529005050659,3.970587968826294,3.7352941036224365,3.970587968826294
2022-12-08 14:30:00+00:00,3.529412031173706,3.823529005050659,3.529412031173706,3.529412031173706
2022-12-09 14:30:00+00:00,3.823529005050659,3.823529005050659,2.941175937652588,3.2352941036224365
2022-12-12 14:30:00+00:00,2.7058820724487305,4.088234901428223,2.7058820724487305,2.7941179275512695
2022-12-13 14:30:00+00:00,2.941175937652588,3.470587968826294,2.3529410362243652,2.7941179275512695
2022-12-14 14:30:00+00:00,3.2352941036224365,3.2352941036224365,2.3823530673980713,3.2352941036224365
2022-12-15 14:30:00+00:00,2.3529410362243652,2.823529005050659,2.3529410362243652,2.823529005050659
2022-12-16 14:30:00+00:00,3.2352941036224365,3.3529410362243652,2.3823530673980713,3.3529410362243652
2022-12-19 14:30:00+00:00,2.5882349014282227,3.3529410362243652,2.1470589637756348,2.6176469326019287
2022-12-20 14:30:00+00:00,2.441175937652588,3.3529410362243652,2.323529005050659,2.941175937652588
2022-12-21 14:30:00+00:00,2.823529005050659,3.058824062347412,2.823529005050659,2.823529005050659
2022-12-22 14:30:00+00:00,2.6470589637756348,2.6470589637756348,1.529412031173706,1.529412031173706
2022-12-23 14:30:00+00:00,1.529412031173706,2.6470589637756348,1.529412031173706,2.0882349014282227
2022-12-27 14:30:00+00:00,2.6470589637756348,2.6470589637756348,1.529412031173706,2.323529005050659
2022-12-28 14:30:00+00:00,2.8823530673980713,2.8823530673980713,1.764706015586853,2.323529005050659
2022-12-29 14:30:00+00:00,1.9117649793624878,2.4117650985717773,1.764706015586853,2.323529005050659
2022-12-30 14:30:00+00:00,1.764706015586853,2.8823530673980713,1.5,1.5882350206375122
2023-01-03 14:30:00+00:00,1.8823529481887817,2.3529410362243652,1.8823529481887817,2.0882349014282227
2023-01-04 14:30:00+00:00,1.6176470518112183,2.0882349014282227,1.6176470518112183,1.6470589637756348
2023-01-05 14:30:00+00:00,2.6470589637756348,2.6470589637756348,1.764706015586853,2.6176469326019287
2023-01-06 14:30:00+00:00,2.6176469326019287,2.6176469326019287,1.764706015586853,2.1470589637756348
2023-01-09 14:30:00+00:00,1.705881953239441,2.1470589637756348,1.705881953239441,1.8823529481887817
2023-01-10 14:30:00+00:00,1.8823529481887817,2.6470589637756348,1.8529410362243652,1.8529410362243652
2023-01-11 14:30:00+00:00,2.2352941036224365,2.2352941036224365,1.9117649793624878,1.9117649793624878
2023-01-12 14:30:00+00:00,2.6470589637756348,2.941175937652588,2.3529410362243652,2.5882349014282227
2023-01-13 14:30:00+00:00,2.7352941036224365,3.2352941036224365,2.2352941036224365,2.941175937652588
2023-01-17 14:30:00+00:00,3.2352941036224365,3.2352941036224365,2.2647058963775635,2.2647058963775635
2023-01-18 14:30:00+00:00,3.029412031173706,3.029412031173706,2.2058820724487305,2.2058820724487305
2023-01-19 14:30:00+00:00,3.676470994949341,3.676470994949341,2.3529410362243652,3.676470994949341
2023-01-20 14:30:00+00:00,2.058824062347412,3.2352941036224365,2.058824062347412,2.058824062347412
2023-01-23 14:30:00+00:00,2.3529410362243652,3.2352941036224365,2.3529410362243652,2.4117650985717773
2023-01-24 14:30:00+00:00,2.4117650985717773,2.941175937652588,2.3823530673980713,2.3823530673980713
2023-01-25 14:30:00+00:00,2.3823530673980713,2.3823530673980713,2.3823530673980713,2.3823530673980713
2023-01-26 14:30:00+00:00,2.3823530673980713,2.676470994949341,1.8235290050506592,2.058824062347412
2023-01-27 14:30:00+00:00,2.058824062347412,2.058824062347412,1.764706015586853,2.058824062347412
2023-01-30 14:30:00+00:00,2.058824062347412,2.058824062347412,1.735293984413147,1.735293984413147
2023-01-31 14:30:00+00:00,1.794118046760559,2.058824062347412,1.735293984413147,2.058824062347412
2023-02-01 14:30:00+00:00,2.058824062347412,2.058824062347412,2.058824062347412,2.058824062347412
2023-02-02 14:30:00+00:00,2.6470589637756348,3.529412031173706,1.764706015586853,1.764706015586853
2023-02-03 14:30:00+00:00,1.764706015586853,2.8823530673980713,1.764706015586853,2.6470589637756348
2023-02-06 14:30:00+00:00,2.2941179275512695,2.2941179275512695,1.794118046760559,2.1176469326019287
2023-02-07 14:30:00+00:00,2.058824062347412,2.3823530673980713,1.794118046760559,2.3823530673980713
2023-02-08 14:30:00+00:00,2.6470589637756348,2.941175937652588,2.3823530673980713,2.3823530673980713
2023-02-09 14:30:00+00:00,1.8529410362243652,2.1176469326019287,1.8529410362243652,2.0
2023-02-10 14:30:00+00:00,2.0,2.0,2.0,2.0
2023-02-13 14:30:00+00:00,2.0,2.0,2.0,2.0
2023-02-14 14:30:00+00:00,1.764706015586853,1.764706015586853,1.764706015586853,1.764706015586853
2023-02-15 14:30:00+00:00,1.794118046760559,2.941175937652588,1.794118046760559,2.941175937652588
2023-02-16 14:30:00+00:00,2.6470589637756348,3.2352941036224365,2.6470589637756348,2.6470589637756348
2023-02-17 14:30:00+00:00,2.1470589637756348,3.2352941036224365,2.1470589637756348,3.2352941036224365
2023-02-21 14:30:00+00:00,3.2352941036224365,3.2352941036224365,3.2352941036224365,3.2352941036224365
2023-02-22 14:30:00+00:00,2.1176469326019287,2.529412031173706,2.1176469326019287,2.529412031173706
2023-02-23 14:30:00+00:00,2.9117650985717773,2.9117650985717773,1.6176470518112183,1.764706015586853
2023-02-24 14:30:00+00:00,1.6470589637756348,1.6470589637756348,1.6470589637756348,1.6470589637756348
2023-02-27 14:30:00+00:00,1.764706015586853,3.176470994949341,1.764706015586853,2.2058820724487305
2023-02-28 14:30:00+00:00,2.058824062347412,2.2058820724487305,2.058824062347412,2.2058820724487305
2023-03-01 14:30:00+00:00,2.2058820724487305,2.558824062347412,2.2058820724487305,2.558824062347412
2023-03-02 14:30:00+00:00,2.8823530673980713,2.9117650985717773,2.2058820724487305,2.6470589637756348
2023-03-03 14:30:00+00:00,3.0,3.2352941036224365,2.2058820724487305,3.2352941036224365
2023-03-06 14:30:00+00:00,2.2058820724487305,3.0,2.2058820724487305,2.441175937652588
2023-03-07 14:30:00+00:00,2.7352941036224365,3.2352941036224365,2.3823530673980713,2.823529005050659
2023-03-08 14:30:00+00:00,2.441175937652588,3.2352941036224365,2.441175937652588,3.2352941036224365
2023-03-09 14:30:00+00:00,2.941175937652588,2.941175937652588,2.3529410362243652,2.3529410362243652
2023-03-10 14:30:00+00:00,2.941175937652588,2.941175937652588,2.5,2.5
2023-03-13 13:30:00+00:00,2.7352941036224365,2.7352941036224365,2.5,2.5
2023-03-14 13:30:00+00:00,2.941175937652588,2.941175937652588,2.3529410362243652,2.3529410362243652
2023-03-15 13:30:00+00:00,2.3529410362243652,2.3529410362243652,2.3529410362243652,2.3529410362243652
2023-03-16 13:30:00+00:00,2.3529410362243652,2.7352941036224365,2.2058820724487305,2.3529410362243652
2023-03-17 13:30:00+00:00,2.5,2.5,2.5,2.5
2023-03-20 13:30:00+00:00,2.5,2.5,2.323529005050659,2.323529005050659
2023-03-21 13:30:00+00:00,2.323529005050659,2.5882349014282227,2.2058820724487305,2.2058820724487305
2023-03-22 13:30:00+00:00,2.2058820724487305,2.2058820724487305,2.2058820724487305,2.2058820724487305
2023-03-23 13:30:00+00:00,2.2941179275512695,2.2941179275512695,1.9117649793624878,1.9117649793624878
2023-03-24 13:30:00+00:00,1.8529410362243652,2.9117650985717773,1.764706015586853,2.6176469326019287
2023-03-27 13:30:00+00:00,2.2058820724487305,2.9117650985717773,2.2058820724487305,2.9117650985717773
2023-03-28 13:30:00+00:00,2.3529410362243652,2.3823530673980713,2.3529410362243652,2.3529410362243652
2023-03-29 13:30:00+00:00,2.9117650985717773,2.9117650985717773,2.3529410362243652,2.3529410362243652
2023-03-30 13:30:00+00:00,2.7352941036224365,2.7352941036224365,2.2647058963775635,2.2647058963775635
2023-03-31 13:30:00+00:00,2.2647058963775635,2.5882349014282227,2.2647058963775635,2.3529410362243652
2023-04-03 13:30:00+00:00,2.2647058963775635,2.2647058963775635,2.2647058963775635,2.2647058963775635
2023-04-04 13:30:00+00:00,2.2647058963775635,2.941175937652588,2.2647058963775635,2.9117650985717773
2023-04-05 13:30:00+00:00,2.441175937652588,2.441175937652588,2.2647058963775635,2.2647058963775635
2023-04-06 13:30:00+00:00,2.441175937652588,2.441175937652588,2.441175937652588,2.441175937652588
2023-04-10 13:30:00+00:00,2.441175937652588,2.5882349014282227,2.2058820724487305,2.5882349014282227
2023-04-11 13:30:00+00:00,2.2647058963775635,2.9117650985717773,2.2647058963775635,2.2647058963775635
2023-04-12 13:30:00+00:00,2.2647058963775635,2.2647058963775635,2.2647058963775635,2.2647058963775635
2023-04-13 13:30:00+00:00,2.3529410362243652,2.3529410362243652,2.3529410362243652,2.3529410362243652
2023-04-14 13:30:00+00:00,2.3823530673980713,2.5,2.2352941036224365,2.2352941036224365
2023-04-17 13:30:00+00:00,2.058824062347412,2.558824062347412,2.058824062347412,2.2647058963775635
2023-04-18 13:30:00+00:00,2.3529410362243652,2.5882349014282227,2.2058820724487305,2.2647058963775635
2023-04-19 13:30:00+00:00,2.2058820724487305,2.9117650985717773,2.2058820724487305,2.9117650985717773
2023-04-20 13:30:00+00:00,2.058824062347412,2.441175937652588,2.058824062347412,2.441175937652588
2023-04-21 13:30:00+00:00,2.058824062347412,2.7941179275512695,2.058824062347412,2.7941179275512695
2023-04-24 13:30:00+00:00,2.941175937652588,3.176470994949341,2.2058820724487305,2.6470589637756348
2023-04-25 13:30:00+00:00,2.2058820724487305,3.2058820724487305,2.2058820724487305,2.676470994949341
2023-04-26 13:30:00+00:00,2.7647058963775635,2.7647058963775635,2.323529005050659,2.3529410362243652
2023-04-27 13:30:00+00:00,2.323529005050659,2.7352941036224365,2.323529005050659,2.323529005050659
2023-04-28 13:30:00+00:00,2.470587968826294,2.7352941036224365,2.3823530673980713,2.7352941036224365
2023-05-01 13:30:00+00:00,2.3823530673980713,3.1470589637756348,2.3823530673980713,2.6470589637756348
2023-05-02 13:30:00+00:00,2.323529005050659,2.6470589637756348,2.323529005050659,2.6470589637756348
2023-05-03 13:30:00+00:00,3.2352941036224365,3.2352941036224365,2.6470589637756348,2.6470589637756348
2023-05-04 13:30:00+00:00,2.8823530673980713,2.941175937652588,2.441175937652588,2.7058820724487305
2023-05-05 13:30:00+00:00,2.941175937652588,2.941175937652588,2.441175937652588,2.558824062347412
2023-05-08 13:30:00+00:00,2.6470589637756348,2.941175937652588,2.0882349014282227,2.5882349014282227
2023-05-09 13:30:00+00:00,2.941175937652588,2.941175937652588,2.441175937652588,2.441175937652588
2023-05-10 13:30:00+00:00,2.5882349014282227,3.3823530673980713,2.5882349014282227,3.3823530673980713
2023-05-11 13:30:00+00:00,3.0882349014282227,3.2352941036224365,2.6470589637756348,2.941175937652588
2023-05-12 13:30:00+00:00,2.941175937652588,2.941175937652588,2.941175937652588,2.941175937652588
2023-05-15 13:30:00+00:00,2.676470994949341,4.117647171020508,2.676470994949341,3.823529005050659
2023-05-16 13:30:00+00:00,2.3529410362243652,3.2352941036224365,2.3529410362243652,2.5
2023-05-17 13:30:00+00:00,2.7941179275512695,2.823529005050659,2.5,2.5
2023-05-18 13:30:00+00:00,2.5,2.676470994949341,2.5,2.5
2023-05-19 13:30:00+00:00,2.8823530673980713,3.2352941036224365,2.8823530673980713,3.2352941036224365
2023-05-22 13:30:00+00:00,2.3529410362243652,3.2352941036224365,2.3529410362243652,2.941175937652588
2023-05-23 13:30:00+00:00,2.5,2.5,2.5,2.5
2023-05-24 13:30:00+00:00,2.7941179275512695,3.2352941036224365,2.5882349014282227,2.7647058963775635
2023-05-25 13:30:00+00:00,2.7647058963775635,2.9117650985717773,2.7647058963775635,2.9117650985717773
2023-05-26 13:30:00+00:00,3.823529005050659,3.823529005050659,2.6176469326019287,3.2352941036224365
2023-05-30 13:30:00+00:00,2.6176469326019287,3.823529005050659,2.6176469326019287,3.323529005050659
2023-05-31 13:30:00+00:00,2.5,2.7941179275512695,2.5,2.7941179275512695
2023-06-01 13:30:00+00:00,3.0882349014282227,3.0882349014282227,3.0882349014282227,3.0882349014282227
2023-06-02 13:30:00+00:00,2.3529410362243652,2.7941179275512695,2.3529410362243652,2.470587968826294
2023-06-05 13:30:00+00:00,2.941175937652588,3.3823530673980713,2.941175937652588,2.941175937652588
2023-06-06 13:30:00+00:00,2.470587968826294,3.1470589637756348,2.470587968826294,2.470587968826294
2023-06-07 13:30:00+00:00,2.470587968826294,2.6470589637756348,2.470587968826294,2.6470589637756348
2023-06-08 13:30:00+00:00,2.5,2.5,2.5,2.5
2023-06-09 13:30:00+00:00,2.5,3.029412031173706,2.5,3.029412031173706
2023-06-12 13:30:00+00:00,2.7058820724487305,3.029412031173706,2.5,2.6470589637756348
2023-06-13 13:30:00+00:00,2.6470589637756348,2.6470589637756348,2.6470589637756348,2.6470589637756348
2023-06-14 13:30:00+00:00,3.029412031173706,3.029412031173706,2.5,2.7647058963775635
2023-06-15 13:30:00+00:00,2.470587968826294,3.029412031173706,2.470587968826294,2.5
2023-06-16 13:30:00+00:00,2.6470589637756348,4.117647171020508,2.470587968826294,3.823529005050659
2023-06-20 13:30:00+00:00,3.823529005050659,4.117647171020508,3.6176469326019287,4.117647171020508
2023-06-21 13:30:00+00:00,4.32352876663208,4.7058820724487305,4.117647171020508,4.411765098571777
2023-06-22 13:30:00+00:00,6.470588207244873,6.470588207244873,4.911765098571777,4.911765098571777
2023-06-23 13:30:00+00:00,4.558824062347412,5.147058963775635,4.117647171020508,4.411765098571777
2023-06-26 13:30:00+00:00,4.411765098571777,5.147058963775635,4.411765098571777,4.411765098571777
2023-06-27 13:30:00+00:00,4.264706134796143,4.411765098571777,4.117647171020508,4.411765098571777
2023-06-28 13:30:00+00:00,5.2941179275512695,5.2941179275512695,4.7058820724487305,4.7058820724487305
2023-06-29 13:30:00+00:00,3.529412031173706,6.470588207244873,3.529412031173706,6.470588207244873
2023-06-30 13:30:00+00:00,8.235294342041016,8.235294342041016,6.17647123336792,6.17647123336792
2023-07-03 13:30:00+00:00,5.882352828979492,7.32352876663208,5.882352828979492,6.764706134796143
2023-07-05 13:30:00+00:00,4.441175937652588,6.764706134796143,4.441175937652588,5.382352828979492
2023-07-06 13:30:00+00:00,5.029411792755127,5.735293865203857,5.0,5.735293865203857
2023-07-07 13:30:00+00:00,7.32352876663208,7.32352876663208,5.0,6.17647123336792
2023-07-10 13:30:00+00:00,4.117647171020508,6.470588207244873,4.117647171020508,5.117647171020508
2023-07-11 13:30:00+00:00,6.470588207244873,6.470588207244873,4.411765098571777,6.470588207244873
2023-07-12 13:30:00+00:00,5.617647171020508,6.470588207244873,5.32352876663208,5.911765098571777
2023-07-13 13:30:00+00:00,5.32352876663208,6.441175937652588,5.2941179275512695,6.441175937652588
2023-07-14 13:30:00+00:00,6.411765098571777,6.411765098571777,5.617647171020508,5.617647171020508
2023-07-17 13:30:00+00:00,5.617647171020508,7.029411792755127,5.617647171020508,6.17647123336792
2023-07-18 13:30:00+00:00,6.470588207244873,6.470588207244873,5.588234901428223,5.588234901428223
2023-07-19 13:30:00+00:00,6.617647171020508,6.617647171020508,5.2941179275512695,5.882352828979492
2023-07-20 13:30:00+00:00,5.941175937652588,6.470588207244873,5.941175937652588,6.441175937652588
2023-07-21 13:30:00+00:00,6.470588207244873,8.235294342041016,5.588234901428223,7.647058963775635
2023-07-24 13:30:00+00:00,5.882352828979492,6.764706134796143,5.882352828979492,6.764706134796143
2023-07-25 13:30:00+00:00,7.352941036224365,7.941175937652588,5.441175937652588,5.882352828979492
2023-07-26 13:30:00+00:00,5.882352828979492,7.058824062347412,5.882352828979492,6.764706134796143
2023-07-27 13:30:00+00:00,5.32352876663208,6.264706134796143,5.32352876663208,5.764706134796143
2023-07-28 13:30:00+00:00,6.352941036224365,6.470588207244873,5.882352828979492,5.882352828979492
2023-07-31 13:30:00+00:00,5.82352876663208,6.764706134796143,5.764706134796143,5.764706134796143
2023-08-01 13:30:00+00:00,5.852941036224365,6.17647123336792,5.588234901428223,5.588234901428223
2023-08-02 13:30:00+00:00,5.882352828979492,5.882352828979492,5.411765098571777,5.529411792755127
2023-08-03 13:30:00+00:00,5.588234901428223,5.882352828979492,5.529411792755127,5.617647171020508
2023-08-04 13:30:00+00:00,5.852941036224365,5.882352828979492,5.588234901428223,5.882352828979492
2023-08-07 13:30:00+00:00,5.735293865203857,5.882352828979492,5.735293865203857,5.882352828979492
2023-08-08 13:30:00+00:00,6.470588207244873,6.470588207244873,5.588234901428223,6.029411792755127
2023-08-09 13:30:00+00:00,6.029411792755127,6.647058963775635,5.941175937652588,6.411765098571777
2023-08-10 13:30:00+00:00,6.911765098571777,6.911765098571777,6.264706134796143,6.764706134796143
2023-08-11 13:30:00+00:00,6.911765098571777,7.647058963775635,6.852941036224365,7.264706134796143
2023-08-14 13:30:00+00:00,6.911765098571777,7.647058963775635,6.911765098571777,7.647058963775635
2023-08-15 13:30:00+00:00,7.647058963775635,8.235294342041016,6.911765098571777,6.911765098571777
2023-08-16 13:30:00+00:00,8.529412269592285,8.823529243469238,7.911765098571777,8.823529243469238
2023-08-17 13:30:00+00:00,8.823529243469238,11.764705657958984,8.088234901428223,11.176470756530762
2023-08-18 13:30:00+00:00,11.764705657958984,11.764705657958984,8.411765098571777,10.588234901428223
2023-08-21 13:30:00+00:00,11.470587730407715,14.70588207244873,10.29411792755127,13.529412269592285
2023-08-22 13:30:00+00:00,15.0,15.29411792755127,13.382352828979492,13.529412269592285
2023-08-23 13:30:00+00:00,14.235294342041016,16.176471710205078,13.852940559387207,16.02941131591797
2023-08-24 13:30:00+00:00,16.176471710205078,17.647058486938477,14.852940559387207,14.852940559387207
2023-08-25 13:30:00+00:00,15.0,16.02941131591797,14.70588207244873,15.0
2023-08-28 13:30:00+00:00,13.558823585510254,15.058823585510254,9.441176414489746,12.647059440612793
2023-08-29 13:30:00+00:00,12.647059440612793,12.941176414489746,11.176470756530762,12.941176414489746
2023-08-30 13:30:00+00:00,12.941176414489746,12.941176414489746,10.882352828979492,11.764705657958984
2023-08-31 13:30:00+00:00,11.764705657958984,12.941176414489746,11.470587730407715,11.764705657958984
2023-09-01 13:30:00+00:00,11.764705657958984,12.352940559387207,11.176470756530762,11.20588207244873
2023-09-05 13:30:00+00:00,11.176470756530762,12.058823585510254,11.176470756530762,11.764705657958984
2023-09-06 13:30:00+00:00,11.882352828979492,11.882352828979492,10.588234901428223,11.176470756530762
2023-09-07 13:30:00+00:00,12.352940559387207,12.352940559387207,9.411765098571777,10.029412269592285
2023-09-08 13:30:00+00:00,10.0,11.764705657958984,9.29411792755127,10.882352828979492
2023-09-11 13:30:00+00:00,11.764705657958984,12.352940559387207,10.882352828979492,11.352940559387207
2023-09-12 13:30:00+00:00,11.323529243469238,12.058823585510254,10.29411792755127,12.058823585510254
2023-09-13 13:30:00+00:00,11.764705657958984,11.911765098571777,10.882352828979492,10.970587730407715
2023-09-14 13:30:00+00:00,10.970587730407715,12.20588207244873,10.29411792755127,11.470587730407715
2023-09-15 13:30:00+00:00,9.29411792755127,11.588234901428223,9.29411792755127,11.470587730407715
2023-09-18 13:30:00+00:00,11.470587730407715,11.941176414489746,10.176470756530762,10.29411792755127
2023-09-19 13:30:00+00:00,10.147059440612793,11.470587730407715,9.882352828979492,11.176470756530762
2023-09-20 13:30:00+00:00,10.529412269592285,11.470587730407715,10.088234901428223,10.176470756530762
2023-09-21 13:30:00+00:00,11.823529243469238,11.911765098571777,10.588234901428223,10.882352828979492
2023-09-22 13:30:00+00:00,10.882352828979492,10.882352828979492,9.470587730407715,10.588234901428223
2023-09-25 13:30:00+00:00,10.176470756530762,11.823529243469238,10.147059440612793,10.147059440612793
2023-09-26 13:30:00+00:00,10.323529243469238,10.882352828979492,9.323529243469238,9.323529243469238
2023-09-27 13:30:00+00:00,10.0,10.29411792755127,9.70588207244873,10.0
2023-09-28 13:30:00+00:00,9.764705657958984,11.647059440612793,9.764705657958984,10.676470756530762
2023-09-29 13:30:00+00:00,10.676470756530762,12.352940559387207,10.676470756530762,12.20588207244873
2023-10-02 13:30:00+00:00,12.941176414489746,13.529412269592285,12.647059440612793,12.647059440612793
2023-10-03 13:30:00+00:00,12.941176414489746,12.941176414489746,11.470587730407715,11.764705657958984
2023-10-04 13:30:00+00:00,11.470587730407715,12.058823585510254,10.588234901428223,11.470587730407715
2023-10-05 13:30:00+00:00,11.470587730407715,11.529412269592285,9.588234901428223,10.29411792755127
2023-10-06 13:30:00+00:00,10.29411792755127,13.235294342041016,9.70588207244873,10.823529243469238
2023-10-09 13:30:00+00:00,10.29411792755127,12.941176414489746,10.29411792755127,12.79411792755127
2023-10-10 13:30:00+00:00,17.205881118774414,17.205881118774414,11.529412269592285,13.382352828979492
2023-10-11 13:30:00+00:00,15.29411792755127,16.05882453918457,13.823529243469238,14.852940559387207
2023-10-12 13:30:00+00:00,17.05882453918457,17.05882453918457,13.529412269592285,14.764705657958984
2023-10-13 13:30:00+00:00,15.147059440612793,15.147059440612793,14.0,15.147059440612793
2023-10-16 13:30:00+00:00,3.0,14.5,3.0,14.239999771118164
2023-10-17 13:30:00+00:00,13.869999885559082,14.899999618530273,9.210000038146973,10.25
2023-10-18 13:30:00+00:00,11.0,13.0,10.868000030517578,12.899999618530273
2023-10-19 13:30:00+00:00,13.600000381469727,14.0,13.479999542236328,13.649999618530273
2023-10-20 13:30:00+00:00,14.0,17.0,14.0,17.0
2023-10-23 13:30:00+00:00,17.5,18.5,15.5,15.5
2023-10-24 13:30:00+00:00,15.5,16.200000762939453,15.5,15.75
2023-10-25 13:30:00+00:00,15.75,15.75,14.0,14.5
2023-10-26 13:30:00+00:00,14.5,14.5,14.300000190734863,14.5
2023-10-27 13:30:00+00:00,14.300000190734863,14.5,14.149999618530273,14.192000389099121
2023-10-30 13:30:00+00:00,14.0,14.710000038146973,14.0,14.0
2023-10-31 13:30:00+00:00,14.210000038146973,14.989999771118164,14.125,14.989999771118164
2023-11-01 13:30:00+00:00,15.0,15.5,14.5,14.800000190734863
2023-11-02 13:30:00+00:00,14.880000114440918,15.100000381469727,14.800000190734863,15.050000190734863
2023-11-03 13:30:00+00:00,15.100000381469727,15.149999618530273,14.109999656677246,15.149999618530273
2023-11-06 14:30:00+00:00,16.5,16.5,15.109999656677246,15.390000343322754
2023-11-07 14:30:00+00:00,15.5600004196167,15.649999618530273,15.270000457763672,15.649999618530273
2023-11-08 14:30:00+00:00,16.280000686645508,16.280000686645508,15.25,15.630000114440918
2023-11-09 14:30:00+00:00,16.559999465942383,16.559999465942383,15.75,15.75
2023-11-10 14:30:00+00:00,16.5,16.5,15.800000190734863,16.09000015258789
2023-11-13 14:30:00+00:00,15.920000076293945,16.049999237060547,7.0,12.515000343322754
2023-11-14 14:30:00+00:00,13.399999618530273,15.5,12.800000190734863,14.949999809265137
2023-11-15 14:30:00+00:00,15.0,15.5,13.800000190734863,14.300000190734863
2023-11-16 14:30:00+00:00,14.75,14.75,13.482000350952148,14.0
2023-11-17 14:30:00+00:00,14.399999618530273,14.399999618530273,12.899999618530273,13.449999809265137
2023-11-20 14:30:00+00:00,13.5,14.989999771118164,13.399999618530273,14.899999618530273
2023-11-21 14:30:00+00:00,15.0,15.489999771118164,13.0,13.649999618530273
2023-11-22 14:30:00+00:00,13.0,13.649999618530273,11.116000175476074,12.979999542236328
2023-11-24 14:30:00+00:00,12.989999771118164,12.989999771118164,11.9350004196167,12.350000381469727
2023-11-27 14:30:00+00:00,12.744999885559082,13.3100004196167,12.5,13.279999732971191
2023-11-28 14:30:00+00:00,13.949999809265137,14.380000114440918,13.600000381469727,14.380000114440918
2023-11-29 14:30:00+00:00,14.75,15.550000190734863,14.380000114440918,15.550000190734863
2023-11-30 14:30:00+00:00,15.449999809265137,16.450000762939453,15.449999809265137,16.25
2023-12-01 14:30:00+00:00,16.350000381469727,16.549999237060547,16.100000381469727,16.100000381469727
2023-12-04 14:30:00+00:00,16.09000015258789,16.229999542236328,14.0,14.199999809265137
2023-12-05 14:30:00+00:00,14.210000038146973,15.350000381469727,14.210000038146973,15.0
2023-12-06 14:30:00+00:00,14.800000190734863,14.850000381469727,12.760000228881836,13.104999542236328
2023-12-07 14:30:00+00:00,12.8100004196167,13.399999618530273,11.279999732971191,12.399999618530273
2023-12-08 14:30:00+00:00,11.5,11.75,8.5600004196167,10.399999618530273
2023-12-11 14:30:00+00:00,10.375,11.600000381469727,9.010000228881836,9.550000190734863
2023-12-12 14:30:00+00:00,10.399999618530273,11.25,9.75,10.140000343322754
2023-12-13 14:30:00+00:00,10.0,10.0,8.0,9.0
2023-12-14 14:30:00+00:00,8.899999618530273,9.0,7.650000095367432,8.449999809265137
2023-12-15 14:30:00+00:00,8.350000381469727,9.0,7.985000133514404,8.40999984741211
2023-12-18 14:30:00+00:00,8.399999618530273,9.0,8.050000190734863,8.050000190734863
2023-12-19 14:30:00+00:00,8.25,8.25,5.309999942779541,6.0
2023-12-20 14:30:00+00:00,6.010000228881836,6.25,5.269999980926514,5.389999866485596
2023-12-21 14:30:00+00:00,5.269999980926514,7.400000095367432,5.269999980926514,6.710000038146973
2023-12-22 14:30:00+00:00,6.920000076293945,9.300000190734863,6.789999961853027,8.199999809265137
2023-12-26 14:30:00+00:00,8.520000457763672,8.90999984741211,8.399999618530273,8.600000381469727
2023-12-27 14:30:00+00:00,8.539999961853027,9.489999771118164,8.539999961853027,9.489999771118164
2023-12-28 14:30:00+00:00,9.5,10.25,9.300000190734863,10.100000381469727
2023-12-29 14:30:00+00:00,10.479999542236328,10.479999542236328,9.5,9.510000228881836
2024-01-02 14:30:00+00:00,9.739999771118164,9.739999771118164,7.505000114440918,7.639999866485596
2024-01-03 14:30:00+00:00,8.119999885559082,8.119999885559082,7.269999980926514,7.304999828338623
2024-01-04 14:30:00+00:00,7.570000171661377,8.0,7.0,7.429999828338623
2024-01-05 14:30:00+00:00,7.699999809265137,7.699999809265137,7.349999904632568,7.616000175476074
2024-01-08 14:30:00+00:00,7.599999904632568,7.619999885559082,7.329999923706055,7.619999885559082
2024-01-09 14:30:00+00:00,7.650000095367432,8.0,7.493000030517578,8.0
2024-01-10 14:30:00+00:00,8.09000015258789,8.09000015258789,7.25,7.449999809265137
2024-01-11 14:30:00+00:00,7.53000020980835,7.605999946594238,7.269999980926514,7.349999904632568
2024-01-12 14:30:00+00:00,8.0,8.0,7.369999885559082,7.599999904632568
2024-01-16 14:30:00+00:00,8.0,8.0,7.059999942779541,7.059999942779541
2024-01-17 14:30:00+00:00,7.329999923706055,7.400000095367432,7.019999980926514,7.070000171661377
2024-01-18 14:30:00+00:00,7.110000133514404,7.150000095367432,6.059999942779541,6.093999862670898
2024-01-19 14:30:00+00:00,6.559999942779541,7.081999778747559,6.199999809265137,6.309999942779541
2024-01-22 14:30:00+00:00,6.309999942779541,6.360000133514404,6.0,6.179999828338623
2024-01-23 14:30:00+00:00,6.0,6.389999866485596,5.699999809265137,6.320000171661377
2024-01-24 14:30:00+00:00,6.260000228881836,6.349999904632568,6.0,6.210000038146973
2024-01-25 14:30:00+00:00,6.010000228881836,8.5,6.010000228881836,8.119999885559082
2024-01-26 14:30:00+00:00,8.5,8.5,7.800000190734863,8.119999885559082
2024-01-29 14:30:00+00:00,8.5,8.5,7.953000068664551,8.274999618530273
2024-01-30 14:30:00+00:00,8.5,8.5,7.949999809265137,8.199999809265137
2024-01-31 14:30:00+00:00,8.1899995803833,8.5,7.949999809265137,8.5
2024-02-01 14:30:00+00:00,8.399999618530273,8.40999984741211,8.0,8.239999771118164
2024-02-02 14:30:00+00:00,8.229999542236328,8.229999542236328,7.670000076293945,7.960000038146973
2024-02-05 14:30:00+00:00,7.860000133514404,8.0,7.580999851226807,7.800000190734863
2024-02-06 14:30:00+00:00,7.619999885559082,7.738999843597412,7.5,7.619999885559082
2024-02-07 14:30:00+00:00,7.679999828338623,7.789999961853027,7.369999885559082,7.789999961853027
2024-02-08 14:30:00+00:00,7.650000095367432,7.800000190734863,7.380000114440918,7.800000190734863
2024-02-09 14:30:00+00:00,7.679999828338623,7.679999828338623,7.389999866485596,7.510000228881836
2024-02-12 14:30:00+00:00,7.5,7.679999828338623,7.25,7.324999809265137
2024-02-13 14:30:00+00:00,7.300000190734863,8.0,7.28000020980835,8.0
2024-02-14 14:30:00+00:00,8.229999542236328,8.5,8.010000228881836,8.25
2024-02-15 14:30:00+00:00,8.300000190734863,8.300000190734863,7.510000228881836,8.0
2024-02-16 14:30:00+00:00,8.0,8.369999885559082,7.650000095367432,8.239999771118164
2024-02-20 14:30:00+00:00,8.25,8.375,7.650000095367432,8.25
2024-02-21 14:30:00+00:00,8.239999771118164,8.25,7.945000171661377,7.960000038146973
2024-02-22 14:30:00+00:00,8.0,8.5,7.900000095367432,8.220000267028809
2024-02-23 14:30:00+00:00,8.079999923706055,8.239999771118164,7.985000133514404,8.239999771118164
2024-02-26 14:30:00+00:00,8.239999771118164,8.680000305175781,8.1899995803833,8.680000305175781
2024-02-27 14:30:00+00:00,8.649999618530273,9.5,8.550000190734863,9.329999923706055
2024-02-28 14:30:00+00:00,9.979999542236328,11.0,9.510000228881836,10.130000114440918
2024-02-29 14:30:00+00:00,10.279999732971191,10.279999732971191,9.600000381469727,10.100000381469727
2024-03-01 14:30:00+00:00,9.720000267028809,10.229999542236328,9.720000267028809,9.989999771118164
2024-03-04 14:30:00+00:00,10.1899995803833,10.1899995803833,9.28600025177002,10.09000015258789
2024-03-05 14:30:00+00:00,10.09000015258789,10.149999618530273,9.800000190734863,9.90999984741211
2024-03-06 14:30:00+00:00,10.083000183105469,10.199999809265137,9.970000267028809,10.119999885559082
2024-03-07 14:30:00+00:00,10.020000457763672,10.109999656677246,9.6899995803833,10.029999732971191
2024-03-08 14:30:00+00:00,10.050000190734863,10.369999885559082,9.854000091552734,10.369999885559082
2024-03-11 13:30:00+00:00,10.210000038146973,10.369999885559082,10.109999656677246,10.289999961853027
2024-03-12 13:30:00+00:00,10.300000190734863,10.300000190734863,10.020000457763672,10.210000038146973
2024-03-13 13:30:00+00:00,10.199999809265137,10.199999809265137,9.699999809265137,9.699999809265137
2024-03-14 13:30:00+00:00,9.779999732971191,10.489999771118164,9.710000038146973,10.050000190734863
2024-03-15 13:30:00+00:00,11.069999694824219,12.279999732971191,10.5,11.180000305175781
2024-03-18 13:30:00+00:00,11.84000015258789,12.479999542236328,11.329999923706055,12.010000228881836
2024-03-19 13:30:00+00:00,12.359999656677246,12.630999565124512,11.729999542236328,11.729999542236328
2024-03-20 13:30:00+00:00,11.600000381469727,11.720000267028809,10.829999923706055,10.989999771118164
2024-03-21 13:30:00+00:00,10.989999771118164,11.149999618530273,10.100000381469727,10.15999984741211
2024-03-22 13:30:00+00:00,10.1899995803833,10.449999809265137,10.1899995803833,10.390000343322754
2024-03-25 13:30:00+00:00,10.569999694824219,10.710000038146973,10.317999839782715,10.710000038146973
2024-03-26 13:30:00+00:00,10.729999542236328,10.789999961853027,10.25,10.40999984741211
2024-03-27 13:30:00+00:00,10.260000228881836,10.3100004196167,9.149999618530273,9.5
2024-03-28 13:30:00+00:00,9.3100004196167,9.503999710083008,8.600000381469727,8.770000457763672
2024-04-01 13:30:00+00:00,8.899999618530273,9.75,8.850000381469727,9.680000305175781
2024-04-02 13:30:00+00:00,9.699999809265137,9.699999809265137,8.739999771118164,8.819999694824219
2024-04-03 13:30:00+00:00,8.770000457763672,10.0,8.770000457763672,9.960000038146973
2024-04-04 13:30:00+00:00,10.039999961853027,11.699999809265137,9.420000076293945,11.0
2024-04-05 13:30:00+00:00,11.199999809265137,11.680000305175781,10.819999694824219,11.0
2024-04-08 13:30:00+00:00,11.600000381469727,11.600000381469727,10.5,10.680000305175781
2024-04-09 13:30:00+00:00,11.15999984741211,11.800000190734863,10.949999809265137,11.390000343322754
2024-04-10 13:30:00+00:00,11.6899995803833,13.279999732971191,11.609999656677246,12.819999694824219
2024-04-11 13:30:00+00:00,13.1899995803833,14.680000305175781,13.0,14.430000305175781
2024-04-12 13:30:00+00:00,14.970000267028809,15.0,12.770000457763672,13.949999809265137
2024-04-15 13:30:00+00:00,14.3100004196167,14.399999618530273,13.529999732971191,14.180000305175781
2024-04-16 13:30:00+00:00,14.180000305175781,14.890000343322754,13.710000038146973,14.890000343322754
2024-04-17 13:30:00+00:00,15.720000267028809,15.75,15.0,15.25
2024-04-18 13:30:00+00:00,15.970000267028809,16.020000457763672,15.260000228881836,15.84000015258789
2024-04-19 13:30:00+00:00,16.0,16.079999923706055,14.592000007629395,15.199999809265137
2024-04-22 13:30:00+00:00,15.770000457763672,15.779999732971191,13.510000228881836,14.140000343322754
2024-04-23 13:30:00+00:00,14.140000343322754,14.239999771118164,11.010000228881836,11.819999694824219
2024-04-24 13:30:00+00:00,13.5,15.079999923706055,13.199999809265137,14.329999923706055
2024-04-25 13:30:00+00:00,14.430000305175781,15.380000114440918,14.329999923706055,15.100000381469727
2024-04-26 13:30:00+00:00,15.25,15.680000305175781,14.270000457763672,14.279999732971191
2024-04-29 13:30:00+00:00,14.25,15.300000190734863,14.25,15.130000114440918
2024-04-30 13:30:00+00:00,15.130000114440918,15.130000114440918,13.9399995803833,14.0600004196167
2024-05-01 13:30:00+00:00,14.239999771118164,15.069999694824219,13.880000114440918,15.069999694824219
2024-05-02 13:30:00+00:00,15.229999542236328,15.229999542236328,14.300000190734863,14.600000381469727
2024-05-03 13:30:00+00:00,14.710000038146973,14.899999618530273,14.199999809265137,14.4399995803833
2024-05-06 13:30:00+00:00,14.600000381469727,14.600000381469727,13.640000343322754,13.989999771118164
2024-05-07 13:30:00+00:00,13.890000343322754,14.276000022888184,13.25,13.5
2024-05-08 13:30:00+00:00,13.3100004196167,13.4399995803833,12.199999809265137,12.479999542236328
2024-05-09 13:30:00+00:00,12.699999809265137,13.25,12.579999923706055,12.779999732971191
2024-05-10 13:30:00+00:00,12.850000381469727,13.930000305175781,12.850000381469727,13.470000267028809
2024-05-13 13:30:00+00:00,13.850000381469727,14.029999732971191,13.607000350952148,13.779999732971191
2024-05-14 13:30:00+00:00,13.90999984741211,13.90999984741211,13.3100004196167,13.460000038146973
2024-05-15 13:30:00+00:00,13.579999923706055,13.59000015258789,12.640000343322754,12.770000457763672
2024-05-16 13:30:00+00:00,12.649999618530273,13.09000015258789,12.420000076293945,12.420000076293945
2024-05-17 13:30:00+00:00,12.420000076293945,13.029999732971191,12.40999984741211,12.859999656677246
2024-05-20 13:30:00+00:00,12.899999618530273,12.899999618530273,11.869999885559082,12.09000015258789
2024-05-21 13:30:00+00:00,12.40999984741211,12.4399995803833,11.8100004196167,12.359999656677246
2024-05-22 13:30:00+00:00,12.319999694824219,12.449999809265137,12.118000030517578,12.350000381469727
2024-05-23 13:30:00+00:00,12.380000114440918,12.41100025177002,11.829999923706055,11.90999984741211
2024-05-24 13:30:00+00:00,11.949999809265137,12.729999542236328,11.899999618530273,12.729999542236328
2024-05-28 13:30:00+00:00,12.5,12.75,12.199999809265137,12.729999542236328
2024-05-29 13:30:00+00:00,12.430000305175781,12.710000038146973,12.34000015258789,12.609999656677246
2024-05-30 13:30:00+00:00,12.515000343322754,12.729999542236328,12.319999694824219,12.640000343322754
2024-05-31 13:30:00+00:00,12.729999542236328,12.729999542236328,12.140000343322754,12.609999656677246
2024-06-03 13:30:00+00:00,12.609999656677246,13.029999732971191,12.399999618530273,12.850000381469727
2024-06-04 13:30:00+00:00,12.960000038146973,13.029999732971191,12.670000076293945,12.899999618530273
2024-06-05 13:30:00+00:00,13.020000457763672,13.229999542236328,12.75,13.135000228881836
2024-06-06 13:30:00+00:00,13.199999809265137,13.380000114440918,12.899999618530273,13.329999923706055
2024-06-07 13:30:00+00:00,13.329999923706055,13.414999961853027,13.119999885559082,13.319999694824219
2024-06-10 13:30:00+00:00,13.350000381469727,13.59000015258789,12.550000190734863,12.779999732971191
2024-06-11 13:30:00+00:00,12.5,13.520000457763672,12.5,13.430000305175781
2024-06-12 13:30:00+00:00,13.5,13.5,12.600000381469727,12.800000190734863
2024-06-13 13:30:00+00:00,12.609999656677246,12.789999961853027,10.289999961853027,10.670000076293945
2024-06-14 13:30:00+00:00,10.960000038146973,11.010000228881836,10.510000228881836,10.600000381469727
2024-06-17 13:30:00+00:00,10.680000305175781,11.319999694824219,10.600000381469727,11.210000038146973
2024-06-18 13:30:00+00:00,11.25,11.25,10.0,10.0
2024-06-20 13:30:00+00:00,10.130000114440918,10.920000076293945,10.130000114440918,10.710000038146973
2024-06-21 13:30:00+00:00,10.880000114440918,10.989999771118164,10.170000076293945,10.170000076293945
2024-06-24 13:30:00+00:00,10.899999618530273,11.010000228881836,10.5,10.630000114440918
2024-06-25 13:30:00+00:00,11.109999656677246,11.109999656677246,10.670000076293945,10.75
2024-06-26 13:30:00+00:00,10.979999542236328,11.199999809265137,10.329999923706055,10.619999885559082
2024-06-27 13:30:00+00:00,11.15999984741211,11.670000076293945,10.90999984741211,11.170000076293945
2024-06-28 13:30:00+00:00,11.199999809265137,11.199999809265137,10.229999542236328,10.850000381469727
2024-07-01 13:30:00+00:00,10.770000457763672,11.760000228881836,10.770000457763672,11.270000457763672
2024-07-02 13:30:00+00:00,11.300000190734863,11.449999809265137,10.329999923706055,10.609999656677246
2024-07-03 13:30:00+00:00,10.609999656677246,10.640999794006348,9.630000114440918,9.729999542236328
2024-07-05 13:30:00+00:00,9.899999618530273,10.180000305175781,9.720000267028809,9.8100004196167
2024-07-08 13:30:00+00:00,9.8100004196167,9.8100004196167,8.75,9.289999961853027
2024-07-09 13:30:00+00:00,9.119999885559082,9.390000343322754,8.510000228881836,8.630000114440918
2024-07-10 13:30:00+00:00,8.640000343322754,8.640000343322754,7.78000020980835,8.350000381469727
2024-07-11 13:30:00+00:00,8.399999618530273,9.479999542236328,8.149999618530273,9.40999984741211
2024-07-12 13:30:00+00:00,9.739999771118164,10.390000343322754,9.369000434875488,10.369999885559082
2024-07-15 13:30:00+00:00,10.739999771118164,11.489999771118164,9.84000015258789,10.3100004196167
2024-07-16 13:30:00+00:00,10.239999771118164,10.579999923706055,9.75,10.149999618530273
2024-07-17 13:30:00+00:00,9.9399995803833,10.149999618530273,9.609999656677246,10.109999656677246
2024-07-18 13:30:00+00:00,10.100000381469727,10.59000015258789,9.800000190734863,9.850000381469727
2024-07-19 13:30:00+00:00,9.800000190734863,10.276000022888184,9.800000190734863,10.260000228881836
2024-07-22 13:30:00+00:00,10.300000190734863,10.760000228881836,10.260000228881836,10.579999923706055
2024-07-23 13:30:00+00:00,10.529999732971191,10.85200023651123,10.270000457763672,10.819999694824219
2024-07-24 13:30:00+00:00,10.649999618530273,10.649999618530273,9.109999656677246,9.210000038146973
2024-07-25 13:30:00+00:00,9.109999656677246,9.720000267028809,9.100000381469727,9.579999923706055
2024-07-26 13:30:00+00:00,9.579999923706055,10.161999702453613,9.579999923706055,9.979999542236328
2024-07-29 13:30:00+00:00,9.75,10.199999809265137,9.75,9.869999885559082
2024-07-30 13:30:00+00:00,9.729999542236328,10.133000373840332,9.350000381469727,9.5600004196167
2024-07-31 13:30:00+00:00,9.670000076293945,9.760000228881836,9.550000190734863,9.649999618530273
2024-08-01 13:30:00+00:00,9.979999542236328,9.979999542236328,9.149999618530273,9.640000343322754
2024-08-02 13:30:00+00:00,9.270000457763672,9.59000015258789,8.553999900817871,8.880000114440918
2024-08-05 13:30:00+00:00,8.5600004196167,8.880000114440918,8.109999656677246,8.470000267028809
2024-08-06 13:30:00+00:00,8.470000267028809,9.0600004196167,8.449999809265137,8.5
2024-08-07 13:30:00+00:00,8.600000381469727,9.029999732971191,8.119999885559082,8.130000114440918
2024-08-08 13:30:00+00:00,8.130000114440918,8.789999961853027,7.71999979019165,8.09000015258789
2024-08-09 13:30:00+00:00,8.5,9.550000190734863,8.5,9.289999961853027
2024-08-12 13:30:00+00:00,9.6899995803833,9.6899995803833,9.319999694824219,9.350000381469727
2024-08-13 13:30:00+00:00,9.390000343322754,9.680000305175781,9.149999618530273,9.149999618530273
2024-08-14 13:30:00+00:00,9.069999694824219,9.380000114440918,8.720000267028809,8.720000267028809
2024-08-15 13:30:00+00:00,8.869999885559082,9.468999862670898,8.800000190734863,9.329999923706055
2024-08-16 13:30:00+00:00,9.199999809265137,9.4399995803833,9.010000228881836,9.119999885559082
2024-08-19 13:30:00+00:00,9.100000381469727,9.34000015258789,9.0,9.1899995803833
2024-08-20 13:30:00+00:00,9.130000114440918,9.5,9.0649995803833,9.140000343322754
2024-08-21 13:30:00+00:00,9.149999618530273,9.416000366210938,8.859999656677246,9.029999732971191
2024-08-22 13:30:00+00:00,8.9399995803833,9.300000190734863,8.848999977111816,8.890000343322754
2024-08-23 13:30:00+00:00,8.930000305175781,9.279999732971191,8.84000015258789,9.210000038146973
2024-08-26 13:30:00+00:00,9.220000267028809,9.220000267028809,8.720000267028809,8.869999885559082
2024-08-27 13:30:00+00:00,8.779999732971191,9.029999732971191,8.769000053405762,8.8100004196167
2024-08-28 13:30:00+00:00,8.770000457763672,8.960000038146973,8.260000228881836,8.479999542236328
2024-08-29 13:30:00+00:00,8.59000015258789,8.725000381469727,8.1899995803833,8.289999961853027
2024-08-30 13:30:00+00:00,8.25,8.970000267028809,8.25,8.720000267028809
2024-09-03 13:30:00+00:00,8.609999656677246,8.73900032043457,8.0,8.010000228881836
2024-09-04 13:30:00+00:00,7.940000057220459,8.479999542236328,7.800000190734863,7.840000152587891
2024-09-05 13:30:00+00:00,7.880000114440918,8.350000381469727,7.880000114440918,8.069999694824219
2024-09-06 13:30:00+00:00,8.010000228881836,8.114999771118164,7.269999980926514,7.389999866485596
2024-09-09 13:30:00+00:00,7.5,8.180999755859375,7.5,7.800000190734863
2024-09-10 13:30:00+00:00,7.769999980926514,8.3100004196167,7.769999980926514,8.260000228881836
2024-09-11 13:30:00+00:00,8.930000305175781,8.930000305175781,8.25,8.270000457763672
2024-09-12 13:30:00+00:00,8.350000381469727,9.300000190734863,8.149999618530273,9.15999984741211
2024-09-13 13:30:00+00:00,9.779999732971191,10.677000045776367,9.5,10.319999694824219
2024-09-16 13:30:00+00:00,10.9399995803833,12.300000190734863,10.260000228881836,10.5600004196167
2024-09-17 13:30:00+00:00,10.6899995803833,12.199999809265137,10.67199993133545,11.869999885559082
2024-09-18 13:30:00+00:00,11.520000457763672,11.649999618530273,10.649999618530273,11.010000228881836
2024-09-19 13:30:00+00:00,10.890000343322754,11.166999816894531,9.854999542236328,9.890000343322754
2024-09-20 13:30:00+00:00,9.789999961853027,9.8149995803833,9.210000038146973,9.210000038146973
2024-09-23 13:30:00+00:00,9.170000076293945,9.75,8.850000381469727,9.380000114440918
2024-09-24 13:30:00+00:00,9.489999771118164,9.489999771118164,8.989999771118164,8.989999771118164
2024-09-25 13:30:00+00:00,8.949999809265137,8.970000267028809,8.430000305175781,8.489999771118164
2024-09-26 13:30:00+00:00,8.550000190734863,8.875,8.199999809265137,8.199999809265137
2024-09-27 13:30:00+00:00,8.319999694824219,9.350000381469727,8.319999694824219,8.760000228881836
2024-09-30 13:30:00+00:00,8.729999542236328,9.279999732971191,8.729999542236328,8.760000228881836
2024-10-01 13:30:00+00:00,8.899999618530273,9.029999732971191,8.510000228881836,8.520000457763672
2024-10-02 13:30:00+00:00,8.699999809265137,9.090999603271484,8.600000381469727,8.850000381469727
2024-10-03 13:30:00+00:00,8.869999885559082,9.149999618530273,8.5,8.649999618530273
2024-10-04 13:30:00+00:00,8.930000305175781,10.59000015258789,8.90999984741211,10.229999542236328
2024-10-07 13:30:00+00:00,10.979999542236328,11.0,9.343999862670898,9.729999542236328
2024-10-08 13:30:00+00:00,9.399999618530273,9.399999618530273,8.800000190734863,8.920000076293945
2024-10-09 13:30:00+00:00,8.850000381469727,9.654999732971191,8.619999885559082,8.699999809265137
2024-10-10 13:30:00+00:00,8.800000190734863,9.184000015258789,8.579999923706055,8.739999771118164
2024-10-11 13:30:00+00:00,8.800000190734863,9.119999885559082,8.76099967956543,8.960000038146973
2024-10-14 13:30:00+00:00,8.869999885559082,9.0600004196167,8.416999816894531,8.479999542236328
2024-10-15 13:30:00+00:00,8.5,8.649999618530273,8.1850004196167,8.390000343322754
2024-10-16 13:30:00+00:00,8.470000267028809,8.8100004196167,8.399999618530273,8.680000305175781
2024-10-17 13:30:00+00:00,8.779999732971191,8.850000381469727,8.390000343322754,8.649999618530273
2024-10-18 13:30:00+00:00,8.800000190734863,9.529999732971191,8.800000190734863,9.319999694824219
2024-10-21 13:30:00+00:00,9.25,9.300000190734863,8.75,8.90999984741211
2024-10-22 13:30:00+00:00,8.970000267028809,9.024999618530273,8.65999984741211,8.890000343322754
2024-10-23 13:30:00+00:00,8.800000190734863,8.949999809265137,8.34000015258789,8.65999984741211
2024-10-24 13:30:00+00:00,8.609999656677246,8.739999771118164,7.78000020980835,8.130000114440918
2024-10-25 13:30:00+00:00,8.130000114440918,8.600000381469727,8.130000114440918,8.59000015258789
2024-10-28 13:30:00+00:00,8.600000381469727,8.699999809265137,8.34000015258789,8.640000343322754
2024-10-29 13:30:00+00:00,8.600000381469727,8.640000343322754,8.279999732971191,8.479999542236328
2024-10-30 13:30:00+00:00,8.350000381469727,8.522000312805176,8.329999923706055,8.460000038146973
2024-10-31 13:30:00+00:00,8.5,8.5,8.270000457763672,8.350000381469727
2024-11-01 13:30:00+00:00,8.470000267028809,8.6899995803833,8.399999618530273,8.640000343322754
2024-11-04 14:30:00+00:00,8.699999809265137,9.192000389099121,8.5,8.65999984741211
2024-11-05 14:30:00+00:00,8.699999809265137,8.899999618530273,8.5,8.619999885559082
2024-11-06 14:30:00+00:00,9.270000457763672,9.289999961853027,8.75,9.210000038146973
2024-11-07 14:30:00+00:00,9.289999961853027,9.800000190734863,9.199999809265137,9.40999984741211
2024-11-08 14:30:00+00:00,9.579999923706055,9.579999923706055,8.640000343322754,9.039999961853027
2024-11-11 14:30:00+00:00,9.100000381469727,9.220000267028809,8.890000343322754,9.039999961853027
2024-11-12 14:30:00+00:00,9.039999961853027,9.307000160217285,8.609999656677246,8.819999694824219
2024-11-13 14:30:00+00:00,8.859999656677246,8.979999542236328,8.34000015258789,8.40999984741211
2024-11-14 14:30:00+00:00,8.350000381469727,8.479999542236328,8.119999885559082,8.140000343322754
2024-11-15 14:30:00+00:00,8.170000076293945,8.550000190734863,7.75,7.829999923706055
2024-11-18 14:30:00+00:00,7.829999923706055,7.960000038146973,7.610000133514404,7.739999771118164
2024-11-19 14:30:00+00:00,7.860000133514404,8.189000129699707,7.699999809265137,8.119999885559082
2024-11-20 14:30:00+00:00,8.15999984741211,8.427000045776367,7.900000095367432,7.900000095367432
2024-11-21 14:30:00+00:00,8.050000190734863,8.272000312805176,7.699999809265137,8.210000038146973
2024-11-22 14:30:00+00:00,8.149999618530273,8.86299991607666,8.149999618530273,8.770000457763672
2024-11-25 14:30:00+00:00,8.949999809265137,8.968000411987305,8.550000190734863,8.65999984741211
2024-11-26 14:30:00+00:00,8.65999984741211,8.890000343322754,8.34000015258789,8.430000305175781
2024-11-27 14:30:00+00:00,8.430000305175781,8.699999809265137,8.338000297546387,8.619999885559082
2024-11-29 14:30:00+00:00,8.760000228881836,8.760000228881836,8.479999542236328,8.510000228881836
2024-12-02 14:30:00+00:00,8.5600004196167,8.609999656677246,8.40999984741211,8.545000076293945
2024-12-03 14:30:00+00:00,8.4399995803833,8.550000190734863,8.210000038146973,8.270000457763672
2024-12-04 14:30:00+00:00,8.300000190734863,8.390000343322754,8.140000343322754,8.300000190734863
2024-12-05 14:30:00+00:00,8.239999771118164,8.362000465393066,7.900000095367432,8.050000190734863
2024-12-06 14:30:00+00:00,8.0,8.050000190734863,7.800000190734863,7.880000114440918
2024-12-09 14:30:00+00:00,8.0,8.449999809265137,7.900000095367432,8.149999618530273
2024-12-10 14:30:00+00:00,8.119999885559082,8.739999771118164,7.9679999351501465,8.329999923706055
2024-12-11 14:30:00+00:00,8.329999923706055,8.6899995803833,8.199999809265137,8.569999694824219
2024-12-12 14:30:00+00:00,8.5600004196167,8.5600004196167,7.800000190734863,7.800000190734863
2024-12-13 14:30:00+00:00,7.989999771118164,7.989999771118164,7.150000095367432,7.150000095367432
2024-12-16 14:30:00+00:00,7.130000114440918,7.310999870300293,6.690000057220459,6.900000095367432
2024-12-17 14:30:00+00:00,7.03000020980835,7.590000152587891,6.800000190734863,7.309999942779541
2024-12-18 14:30:00+00:00,7.369999885559082,7.920000076293945,7.329999923706055,7.400000095367432
2024-12-19 14:30:00+00:00,7.5,8.029999732971191,7.139999866485596,7.340000152587891
2024-12-20 14:30:00+00:00,7.230000019073486,7.559999942779541,6.880000114440918,7.539999961853027
2024-12-23 14:30:00+00:00,7.510000228881836,7.510000228881836,6.829999923706055,6.900000095367432
2024-12-24 14:30:00+00:00,6.900000095367432,7.40500020980835,6.900000095367432,6.949999809265137
2024-12-26 14:30:00+00:00,6.940000057220459,7.416999816894531,6.739999771118164,7.260000228881836
2024-12-27 14:30:00+00:00,7.159999847412109,7.389999866485596,6.89900016784668,7.190000057220459
2024-12-30 14:30:00+00:00,7.03000020980835,7.849999904632568,7.0,7.46999979019165
2024-12-31 14:30:00+00:00,7.449999809265137,7.449999809265137,6.849999904632568,6.920000076293945
