date,open,high,low,close
2019-11-26 14:30:00+00:00,19.989999771118164,20.0,19.899999618530273,19.979999542236328
2019-11-27 14:30:00+00:00,19.950000762939453,20.0,19.75,19.979999542236328
2019-11-29 14:30:00+00:00,19.979999542236328,20.030000686645508,19.899999618530273,20.0
2019-12-02 14:30:00+00:00,20.040000915527344,20.040000915527344,19.899999618530273,19.899999618530273
2019-12-03 14:30:00+00:00,19.780000686645508,19.989999771118164,19.780000686645508,19.950000762939453
2019-12-04 14:30:00+00:00,19.989999771118164,19.989999771118164,19.700000762939453,19.920000076293945
2019-12-05 14:30:00+00:00,20.010000228881836,20.010000228881836,19.941999435424805,19.959999084472656
2019-12-06 14:30:00+00:00,19.959999084472656,20.0,19.600000381469727,19.600000381469727
2019-12-09 14:30:00+00:00,19.75,19.920000076293945,19.75,19.864999771118164
2019-12-10 14:30:00+00:00,19.729999542236328,19.920000076293945,19.700000762939453,19.829999923706055
2019-12-11 14:30:00+00:00,19.829999923706055,19.950000762939453,19.829999923706055,19.899999618530273
2019-12-12 14:30:00+00:00,19.950000762939453,20.010000228881836,19.90999984741211,19.98900032043457
2019-12-13 14:30:00+00:00,20.0,20.0,19.940000534057617,19.972000122070312
2019-12-16 14:30:00+00:00,20.0,20.010000228881836,19.979999542236328,20.010000228881836
2019-12-17 14:30:00+00:00,20.010000228881836,20.010000228881836,19.989999771118164,20.0
2019-12-18 14:30:00+00:00,19.968000411987305,20.010000228881836,19.950000762939453,20.010000228881836
2019-12-19 14:30:00+00:00,19.950000762939453,20.469999313354492,19.950000762939453,20.020000457763672
2019-12-20 14:30:00+00:00,20.18000030517578,20.299999237060547,20.09000015258789,20.149999618530273
2019-12-23 14:30:00+00:00,20.15999984741211,20.25,20.09000015258789,20.09000015258789
2019-12-24 14:30:00+00:00,19.770000457763672,20.170000076293945,19.549999237060547,19.739999771118164
2019-12-26 14:30:00+00:00,19.899999618530273,19.899999618530273,19.600000381469727,19.610000610351562
2019-12-27 14:30:00+00:00,19.75,19.75,19.510000228881836,19.700000762939453
2019-12-30 14:30:00+00:00,19.690000534057617,19.829999923706055,19.510000228881836,19.808000564575195
2019-12-31 14:30:00+00:00,19.799999237060547,19.799999237060547,19.600000381469727,19.610000610351562
2020-01-02 14:30:00+00:00,19.809999465942383,19.809999465942383,19.649999618530273,19.69700050354004
2020-01-03 14:30:00+00:00,19.76099967956543,19.809999465942383,19.610000610351562,19.670000076293945
2020-01-06 14:30:00+00:00,19.670000076293945,19.886999130249023,19.610000610351562,19.75
2020-01-07 14:30:00+00:00,19.659000396728516,20.450000762939453,19.659000396728516,19.889999389648438
2020-01-08 14:30:00+00:00,19.976999282836914,20.0,19.799999237060547,19.84000015258789
2020-01-09 14:30:00+00:00,20.30699920654297,20.350000381469727,19.899999618530273,20.100000381469727
2020-01-10 14:30:00+00:00,20.04199981689453,20.08099937438965,19.920000076293945,19.989999771118164
2020-01-13 14:30:00+00:00,20.066999435424805,20.139999389648438,19.90999984741211,19.979999542236328
2020-01-14 14:30:00+00:00,19.927000045776367,20.1200008392334,19.6200008392334,19.979999542236328
2020-01-15 14:30:00+00:00,19.979999542236328,19.979999542236328,19.670000076293945,19.899999618530273
2020-01-16 14:30:00+00:00,19.850000381469727,19.979999542236328,19.850000381469727,19.950000762939453
2020-01-17 14:30:00+00:00,19.979999542236328,19.979999542236328,19.75,19.75
2020-01-21 14:30:00+00:00,19.75,19.940000534057617,19.559999465942383,19.709999084472656
2020-01-22 14:30:00+00:00,19.639999389648438,19.7810001373291,19.440000534057617,19.5
2020-01-23 14:30:00+00:00,19.600000381469727,19.643999099731445,19.209999084472656,19.350000381469727
2020-01-24 14:30:00+00:00,19.44700050354004,19.448999404907227,19.219999313354492,19.399999618530273
2020-01-27 14:30:00+00:00,19.270000457763672,19.43000030517578,19.239999771118164,19.399999618530273
2020-01-28 14:30:00+00:00,19.450000762939453,19.489999771118164,19.329999923706055,19.424999237060547
2020-01-29 14:30:00+00:00,19.329999923706055,19.479999542236328,19.329999923706055,19.399999618530273
2020-01-30 14:30:00+00:00,19.358999252319336,19.520000457763672,19.350000381469727,19.5
2020-01-31 14:30:00+00:00,19.50200080871582,19.549999237060547,19.350000381469727,19.540000915527344
2020-02-03 14:30:00+00:00,19.479999542236328,19.540000915527344,19.360000610351562,19.486000061035156
2020-02-04 14:30:00+00:00,19.610000610351562,19.65999984741211,19.5,19.600000381469727
2020-02-05 14:30:00+00:00,19.618000030517578,19.739999771118164,19.59000015258789,19.700000762939453
2020-02-06 14:30:00+00:00,19.6299991607666,19.6299991607666,19.40999984741211,19.40999984741211
2020-02-07 14:30:00+00:00,19.3700008392334,19.549999237060547,19.350000381469727,19.360000610351562
2020-02-10 14:30:00+00:00,19.389999389648438,19.540000915527344,19.25,19.280000686645508
2020-02-11 14:30:00+00:00,19.299999237060547,19.716999053955078,19.299999237060547,19.5
2020-02-12 14:30:00+00:00,19.56999969482422,19.56999969482422,19.40999984741211,19.483999252319336
2020-02-13 14:30:00+00:00,19.360000610351562,19.464000701904297,19.280000686645508,19.329999923706055
2020-02-14 14:30:00+00:00,19.299999237060547,19.420000076293945,19.299999237060547,19.395000457763672
2020-02-18 14:30:00+00:00,19.399999618530273,19.469999313354492,19.399999618530273,19.447999954223633
2020-02-19 14:30:00+00:00,19.450000762939453,19.459999084472656,19.34000015258789,19.34000015258789
2020-02-20 14:30:00+00:00,19.399999618530273,19.399999618530273,19.259000778198242,19.34000015258789
2020-02-21 14:30:00+00:00,19.270000457763672,19.350000381469727,18.969999313354492,18.969999313354492
2020-02-24 14:30:00+00:00,18.770000457763672,19.165000915527344,17.989999771118164,18.399999618530273
2020-02-25 14:30:00+00:00,18.209999084472656,19.042999267578125,17.969999313354492,17.969999313354492
2020-02-26 14:30:00+00:00,18.292999267578125,18.459999084472656,18.0,18.402000427246094
2020-02-27 14:30:00+00:00,18.020000457763672,18.489999771118164,17.989999771118164,18.201000213623047
2020-02-28 14:30:00+00:00,17.770000457763672,18.479999542236328,17.36199951171875,18.239999771118164
2020-03-02 14:30:00+00:00,18.09000015258789,18.170000076293945,17.357999801635742,17.84000015258789
2020-03-03 14:30:00+00:00,17.81999969482422,18.405000686645508,17.469999313354492,17.601999282836914
2020-03-04 14:30:00+00:00,18.149999618530273,18.149999618530273,17.780000686645508,18.09000015258789
2020-03-05 14:30:00+00:00,17.950000762939453,18.93000030517578,17.850000381469727,18.100000381469727
2020-03-06 14:30:00+00:00,17.84000015258789,18.025999069213867,17.84000015258789,17.979999542236328
2020-03-09 13:30:00+00:00,17.450000762939453,18.051000595092773,15.520000457763672,16.110000610351562
2020-03-10 13:30:00+00:00,16.25,17.8799991607666,15.579999923706055,16.260000228881836
2020-03-11 13:30:00+00:00,16.239999771118164,16.239999771118164,14.489999771118164,15.050000190734863
2020-03-12 13:30:00+00:00,14.239999771118164,16.100000381469727,9.84000015258789,14.039999961853027
2020-03-13 13:30:00+00:00,14.289999961853027,14.289999961853027,11.300000190734863,13.84000015258789
2020-03-16 13:30:00+00:00,11.039999961853027,13.75,11.039999961853027,11.239999771118164
2020-03-17 13:30:00+00:00,11.0,12.069999694824219,10.109999656677246,12.069999694824219
2020-03-18 13:30:00+00:00,10.25,12.0600004196167,9.199999809265137,9.640000343322754
2020-03-19 13:30:00+00:00,9.989999771118164,11.600000381469727,9.220000267028809,11.15999984741211
2020-03-20 13:30:00+00:00,11.9399995803833,12.75,10.020000457763672,10.90999984741211
2020-03-23 13:30:00+00:00,10.8100004196167,11.5,10.010000228881836,11.100000381469727
2020-03-24 13:30:00+00:00,12.0,12.0,11.199999809265137,11.824999809265137
2020-03-25 13:30:00+00:00,12.0,13.09000015258789,11.529999732971191,12.550000190734863
2020-03-26 13:30:00+00:00,12.722000122070312,13.8100004196167,12.649999618530273,13.510000228881836
2020-03-27 13:30:00+00:00,13.5,14.619999885559082,13.130000114440918,14.100000381469727
2020-03-30 13:30:00+00:00,13.970000267028809,14.668000221252441,13.050000190734863,14.380000114440918
2020-03-31 13:30:00+00:00,14.8100004196167,14.9399995803833,13.520000457763672,14.4399995803833
2020-04-01 13:30:00+00:00,13.930000305175781,14.300000190734863,13.399999618530273,13.5
2020-04-02 13:30:00+00:00,13.010000228881836,13.760000228881836,13.0,13.180000305175781
2020-04-03 13:30:00+00:00,13.010000228881836,13.5,12.859999656677246,12.859999656677246
2020-04-06 13:30:00+00:00,13.010000228881836,14.0,12.8100004196167,13.949999809265137
2020-04-07 13:30:00+00:00,14.050000190734863,14.5,13.802000045776367,13.890000343322754
2020-04-08 13:30:00+00:00,13.890000343322754,14.649999618530273,13.890000343322754,14.140000343322754
2020-04-09 13:30:00+00:00,14.180000305175781,16.200000762939453,13.609999656677246,15.539999961853027
2020-04-13 13:30:00+00:00,15.069999694824219,15.069999694824219,14.109999656677246,14.710000038146973
2020-04-14 13:30:00+00:00,14.520000457763672,15.600000381469727,14.300000190734863,14.890000343322754
2020-04-15 13:30:00+00:00,14.420999526977539,14.75,14.039999961853027,14.75
2020-04-16 13:30:00+00:00,14.65999984741211,14.75,13.687999725341797,14.15999984741211
2020-04-17 13:30:00+00:00,14.399999618530273,14.774999618530273,14.199999809265137,14.460000038146973
2020-04-20 13:30:00+00:00,14.770000457763672,14.800000190734863,14.260000228881836,14.5
2020-04-21 13:30:00+00:00,14.34000015258789,15.0,14.119999885559082,14.4399995803833
2020-04-22 13:30:00+00:00,14.5,14.930000305175781,14.416000366210938,14.890000343322754
2020-04-23 13:30:00+00:00,14.90999984741211,14.90999984741211,14.220000267028809,14.279999732971191
2020-04-24 13:30:00+00:00,14.319999694824219,14.489999771118164,14.180000305175781,14.220000267028809
2020-04-27 13:30:00+00:00,14.229999542236328,14.399999618530273,14.0,14.210000038146973
2020-04-28 13:30:00+00:00,14.260000228881836,14.4399995803833,14.100000381469727,14.25
2020-04-29 13:30:00+00:00,14.399999618530273,15.40999984741211,14.399999618530273,14.920000076293945
2020-04-30 13:30:00+00:00,15.0,15.65999984741211,14.75,15.229999542236328
2020-05-01 13:30:00+00:00,14.989999771118164,15.220000267028809,14.90999984741211,15.050000190734863
2020-05-04 13:30:00+00:00,14.920000076293945,15.180000305175781,14.75,15.0
2020-05-05 13:30:00+00:00,15.100000381469727,15.359999656677246,14.949999809265137,14.960000038146973
2020-05-06 13:30:00+00:00,14.960000038146973,15.039999961853027,14.779999732971191,14.779999732971191
2020-05-07 13:30:00+00:00,15.010000228881836,15.09000015258789,14.899999618530273,14.944999694824219
2020-05-08 13:30:00+00:00,14.920000076293945,15.100000381469727,14.760000228881836,14.979999542236328
2020-05-11 13:30:00+00:00,14.920000076293945,15.210000038146973,14.668999671936035,15.156999588012695
2020-05-12 13:30:00+00:00,15.0,15.130000114440918,14.784000396728516,14.880000114440918
2020-05-13 13:30:00+00:00,14.829999923706055,14.979999542236328,14.050000190734863,14.225000381469727
2020-05-14 13:30:00+00:00,14.109999656677246,14.180000305175781,13.75,13.960000038146973
2020-05-15 13:30:00+00:00,13.90999984741211,14.180000305175781,13.6899995803833,13.770000457763672
2020-05-18 13:30:00+00:00,13.949999809265137,14.359999656677246,13.890000343322754,14.260000228881836
2020-05-19 13:30:00+00:00,14.380000114440918,14.9399995803833,13.829999923706055,14.675000190734863
2020-05-20 13:30:00+00:00,14.949999809265137,14.949999809265137,14.399999618530273,14.760000228881836
2020-05-21 13:30:00+00:00,14.930000305175781,14.98900032043457,14.35099983215332,14.649999618530273
2020-05-22 13:30:00+00:00,14.640000343322754,14.970000267028809,14.609999656677246,14.805000305175781
2020-05-26 13:30:00+00:00,14.960000038146973,15.210000038146973,14.675999641418457,15.0
2020-05-27 13:30:00+00:00,15.100000381469727,15.420000076293945,14.869999885559082,15.09000015258789
2020-05-28 13:30:00+00:00,15.25,15.600000381469727,15.225000381469727,15.557999610900879
2020-05-29 13:30:00+00:00,15.420000076293945,15.70300006866455,15.399999618530273,15.654999732971191
2020-06-01 13:30:00+00:00,15.550000190734863,15.744999885559082,15.01200008392334,15.6899995803833
2020-06-02 13:30:00+00:00,15.84000015258789,15.84000015258789,15.25,15.609999656677246
2020-06-03 13:30:00+00:00,15.5,16.18000030517578,15.5,16.18000030517578
2020-06-04 13:30:00+00:00,16.0,16.704999923706055,16.0,16.280000686645508
2020-06-05 13:30:00+00:00,16.700000762939453,17.308000564575195,16.506000518798828,17.170000076293945
2020-06-08 13:30:00+00:00,17.299999237060547,17.799999237060547,17.15999984741211,17.700000762939453
2020-06-09 13:30:00+00:00,17.260000228881836,17.700000762939453,17.204999923706055,17.545000076293945
2020-06-10 13:30:00+00:00,17.450000762939453,17.579999923706055,16.90999984741211,17.260000228881836
2020-06-11 13:30:00+00:00,16.809999465942383,16.815000534057617,15.949999809265137,16.149999618530273
2020-06-12 13:30:00+00:00,16.5,16.874000549316406,16.030000686645508,16.479999542236328
2020-06-15 13:30:00+00:00,16.142000198364258,16.600000381469727,15.9399995803833,16.600000381469727
2020-06-16 13:30:00+00:00,16.850000381469727,17.239999771118164,16.719999313354492,17.030000686645508
2020-06-17 13:30:00+00:00,16.989999771118164,17.0,16.5,16.81999969482422
2020-06-18 13:30:00+00:00,16.68000030517578,16.809999465942383,16.149999618530273,16.299999237060547
2020-06-19 13:30:00+00:00,16.350000381469727,16.600000381469727,16.030000686645508,16.219999313354492
2020-06-22 13:30:00+00:00,15.960000038146973,16.299999237060547,15.960000038146973,16.15999984741211
2020-06-23 13:30:00+00:00,16.0,16.200000762939453,15.760000228881836,16.117000579833984
2020-06-24 13:30:00+00:00,16.010000228881836,16.100000381469727,15.397000312805176,15.600000381469727
2020-06-25 13:30:00+00:00,15.5,15.6899995803833,15.050000190734863,15.609999656677246
2020-06-26 13:30:00+00:00,14.949999809265137,15.505000114440918,14.949999809265137,15.09000015258789
2020-06-29 13:30:00+00:00,15.09000015258789,15.510000228881836,15.09000015258789,15.369999885559082
2020-06-30 13:30:00+00:00,15.25,15.600000381469727,15.210000038146973,15.479999542236328
2020-07-01 13:30:00+00:00,15.479999542236328,15.59000015258789,15.289999961853027,15.300000190734863
2020-07-02 13:30:00+00:00,15.399999618530273,15.564000129699707,15.220000267028809,15.220000267028809
2020-07-06 13:30:00+00:00,15.369999885559082,15.75,15.239999771118164,15.390000343322754
2020-07-07 13:30:00+00:00,15.180000305175781,15.8100004196167,15.180000305175781,15.279999732971191
2020-07-08 13:30:00+00:00,15.505000114440918,15.529999732971191,15.300000190734863,15.454999923706055
2020-07-09 13:30:00+00:00,15.40999984741211,15.5,15.25,15.359999656677246
2020-07-10 13:30:00+00:00,15.220000267028809,15.350000381469727,14.920000076293945,15.085000038146973
2020-07-13 13:30:00+00:00,15.109999656677246,15.470000267028809,15.050000190734863,15.199999809265137
2020-07-14 13:30:00+00:00,15.199999809265137,15.369999885559082,14.899999618530273,14.979999542236328
2020-07-15 13:30:00+00:00,15.40999984741211,15.5,15.142000198364258,15.5
2020-07-16 13:30:00+00:00,15.270000457763672,15.869999885559082,15.239999771118164,15.800000190734863
2020-07-17 13:30:00+00:00,15.859999656677246,15.859999656677246,15.350000381469727,15.529999732971191
2020-07-20 13:30:00+00:00,15.859999656677246,15.859999656677246,15.5,15.600000381469727
2020-07-21 13:30:00+00:00,15.600000381469727,16.149999618530273,15.5,15.699999809265137
2020-07-22 13:30:00+00:00,15.789999961853027,15.9350004196167,15.569999694824219,15.619999885559082
2020-07-23 13:30:00+00:00,15.630000114440918,15.890000343322754,15.600000381469727,15.600000381469727
2020-07-24 13:30:00+00:00,15.949999809265137,15.979999542236328,15.609999656677246,15.739999771118164
2020-07-27 13:30:00+00:00,15.640000343322754,15.78499984741211,15.020000457763672,15.5600004196167
2020-07-28 13:30:00+00:00,15.449999809265137,15.489999771118164,15.180000305175781,15.1899995803833
2020-07-29 13:30:00+00:00,15.079999923706055,15.479999542236328,15.079999923706055,15.390000343322754
2020-07-30 13:30:00+00:00,15.369999885559082,15.420000076293945,15.050000190734863,15.34000015258789
2020-07-31 13:30:00+00:00,15.178999900817871,15.390000343322754,15.100000381469727,15.289999961853027
2020-08-03 13:30:00+00:00,15.420000076293945,15.479999542236328,15.119999885559082,15.210000038146973
2020-08-04 13:30:00+00:00,15.199999809265137,15.399999618530273,15.15999984741211,15.225000381469727
2020-08-05 13:30:00+00:00,15.319999694824219,15.930000305175781,15.289999961853027,15.930000305175781
2020-08-06 13:30:00+00:00,16.020000457763672,16.020000457763672,15.460000038146973,15.720000267028809
2020-08-07 13:30:00+00:00,15.850000381469727,15.979999542236328,15.850000381469727,15.970000267028809
2020-08-10 13:30:00+00:00,15.970000267028809,16.15999984741211,15.899999618530273,15.920000076293945
2020-08-11 13:30:00+00:00,16.1200008392334,16.229999542236328,15.723999977111816,16.139999389648438
2020-08-12 13:30:00+00:00,16.110000610351562,16.5,16.100000381469727,16.5
2020-08-13 13:30:00+00:00,16.360000610351562,16.48900032043457,16.299999237060547,16.329999923706055
2020-08-14 13:30:00+00:00,16.5,16.5,16.149999618530273,16.18000030517578
2020-08-17 13:30:00+00:00,16.170000076293945,16.25,16.0,16.139999389648438
2020-08-18 13:30:00+00:00,16.309999465942383,16.309999465942383,15.899999618530273,16.09000015258789
2020-08-19 13:30:00+00:00,16.010000228881836,16.219999313354492,15.949999809265137,16.010000228881836
2020-08-20 13:30:00+00:00,16.110000610351562,16.110000610351562,15.75,15.779999732971191
2020-08-21 13:30:00+00:00,15.859999656677246,15.880999565124512,15.510000228881836,15.859999656677246
2020-08-24 13:30:00+00:00,15.649999618530273,15.850000381469727,15.619999885559082,15.850000381469727
2020-08-25 13:30:00+00:00,15.899999618530273,15.899999618530273,15.510000228881836,15.670000076293945
2020-08-26 13:30:00+00:00,15.640000343322754,15.84000015258789,15.529999732971191,15.649999618530273
2020-08-27 13:30:00+00:00,15.600000381469727,15.907999992370605,15.390000343322754,15.479999542236328
2020-08-28 13:30:00+00:00,15.420000076293945,15.729999542236328,15.34000015258789,15.609999656677246
2020-08-31 13:30:00+00:00,15.520999908447266,15.6899995803833,15.40999984741211,15.609999656677246
2020-09-01 13:30:00+00:00,15.489999771118164,15.59000015258789,15.399999618530273,15.59000015258789
2020-09-02 13:30:00+00:00,15.470000267028809,15.600000381469727,15.25,15.579999923706055
2020-09-03 13:30:00+00:00,15.520000457763672,15.520000457763672,15.09000015258789,15.210000038146973
2020-09-04 13:30:00+00:00,15.3100004196167,15.352999687194824,14.850000381469727,15.079999923706055
2020-09-08 13:30:00+00:00,15.010000228881836,15.130000114440918,14.880000114440918,14.880000114440918
2020-09-09 13:30:00+00:00,14.930000305175781,15.25,14.84000015258789,15.100000381469727
2020-09-10 13:30:00+00:00,15.079999923706055,15.74899959564209,15.029999732971191,15.25
2020-09-11 13:30:00+00:00,15.220000267028809,15.25,15.09000015258789,15.149999618530273
2020-09-14 13:30:00+00:00,15.15999984741211,15.529999732971191,15.131999969482422,15.529999732971191
2020-09-15 13:30:00+00:00,15.5,15.767000198364258,15.109999656677246,15.329999923706055
2020-09-16 13:30:00+00:00,15.260000228881836,15.449999809265137,15.020000457763672,15.329999923706055
2020-09-17 13:30:00+00:00,15.3100004196167,15.619999885559082,15.109999656677246,15.239999771118164
2020-09-18 13:30:00+00:00,15.59000015258789,15.59000015258789,15.0600004196167,15.140000343322754
2020-09-21 13:30:00+00:00,15.119999885559082,15.119999885559082,14.779999732971191,14.819999694824219
2020-09-22 13:30:00+00:00,14.869999885559082,14.883000373840332,14.260000228881836,14.640000343322754
2020-09-23 13:30:00+00:00,14.460000038146973,14.640000343322754,14.210000038146973,14.289999961853027
2020-09-24 13:30:00+00:00,14.220000267028809,14.295000076293945,14.0,14.024999618530273
2020-09-25 13:30:00+00:00,14.069999694824219,14.199999809265137,13.789999961853027,14.050000190734863
2020-09-28 13:30:00+00:00,14.100000381469727,14.520000457763672,14.100000381469727,14.520000457763672
2020-09-29 13:30:00+00:00,14.420000076293945,14.729999542236328,14.260000228881836,14.350000381469727
2020-09-30 13:30:00+00:00,14.359999656677246,14.869999885559082,14.359999656677246,14.53499984741211
2020-10-01 13:30:00+00:00,14.699999809265137,14.84000015258789,14.300000190734863,14.57699966430664
2020-10-02 13:30:00+00:00,14.529999732971191,14.631999969482422,14.300000190734863,14.460000038146973
2020-10-05 13:30:00+00:00,14.640000343322754,14.960000038146973,14.520000457763672,14.779999732971191
2020-10-06 13:30:00+00:00,14.779999732971191,15.140000343322754,14.699999809265137,14.90999984741211
2020-10-07 13:30:00+00:00,14.989999771118164,15.289999961853027,14.710000038146973,15.25
2020-10-08 13:30:00+00:00,15.140000343322754,15.140000343322754,14.873000144958496,15.039999961853027
2020-10-09 13:30:00+00:00,14.890000343322754,15.229999542236328,14.890000343322754,15.220000267028809
2020-10-12 13:30:00+00:00,15.199999809265137,15.630000114440918,15.1899995803833,15.520000457763672
2020-10-13 13:30:00+00:00,15.5,15.5,14.975000381469727,15.289999961853027
2020-10-14 13:30:00+00:00,15.050000190734863,15.35099983215332,14.869999885559082,15.279999732971191
2020-10-15 13:30:00+00:00,15.470000267028809,15.470000267028809,15.010000228881836,15.149999618530273
2020-10-16 13:30:00+00:00,15.180000305175781,15.180000305175781,14.850000381469727,14.998000144958496
2020-10-19 13:30:00+00:00,15.140000343322754,15.149999618530273,14.899999618530273,15.029999732971191
2020-10-20 13:30:00+00:00,15.119999885559082,15.229999542236328,15.01200008392334,15.15999984741211
2020-10-21 13:30:00+00:00,15.020000457763672,15.300000190734863,14.890000343322754,15.079999923706055
2020-10-22 13:30:00+00:00,15.050000190734863,15.1899995803833,15.029999732971191,15.170000076293945
2020-10-23 13:30:00+00:00,15.039999961853027,15.251999855041504,14.850000381469727,14.880000114440918
2020-10-26 13:30:00+00:00,14.90999984741211,15.0,14.520000457763672,14.729999542236328
2020-10-27 13:30:00+00:00,14.739999771118164,15.0,14.630000114440918,14.680000305175781
2020-10-28 13:30:00+00:00,14.630000114440918,14.630000114440918,14.0,14.079999923706055
2020-10-29 13:30:00+00:00,14.100000381469727,14.449999809265137,14.097999572753906,14.430000305175781
2020-10-30 13:30:00+00:00,14.180000305175781,14.449999809265137,14.010000228881836,14.130000114440918
2020-11-02 14:30:00+00:00,14.229999542236328,14.819999694824219,14.149999618530273,14.399999618530273
2020-11-03 14:30:00+00:00,14.460000038146973,14.8100004196167,14.460000038146973,14.630000114440918
2020-11-04 14:30:00+00:00,14.510000228881836,15.449999809265137,14.510000228881836,15.039999961853027
2020-11-05 14:30:00+00:00,15.100000381469727,15.28499984741211,14.670000076293945,15.09000015258789
2020-11-06 14:30:00+00:00,15.09000015258789,15.199999809265137,15.020000457763672,15.09000015258789
2020-11-09 14:30:00+00:00,15.239999771118164,15.789999961853027,15.199999809265137,15.479999542236328
2020-11-10 14:30:00+00:00,15.449999809265137,16.1200008392334,15.449999809265137,16.030000686645508
2020-11-11 14:30:00+00:00,16.1200008392334,16.5,16.1200008392334,16.420000076293945
2020-11-12 14:30:00+00:00,16.440000534057617,16.479999542236328,15.859999656677246,16.190000534057617
2020-11-13 14:30:00+00:00,16.350000381469727,16.75,16.280000686645508,16.399999618530273
2020-11-16 14:30:00+00:00,16.610000610351562,16.809999465942383,16.350000381469727,16.709999084472656
2020-11-17 14:30:00+00:00,16.600000381469727,17.209999084472656,16.139999389648438,16.760000228881836
2020-11-18 14:30:00+00:00,16.8799991607666,17.215999603271484,16.670000076293945,16.8700008392334
2020-11-19 14:30:00+00:00,16.68000030517578,17.325000762939453,16.5,16.920000076293945
2020-11-20 14:30:00+00:00,16.979999542236328,17.239999771118164,16.479999542236328,17.010000228881836
2020-11-23 14:30:00+00:00,17.15999984741211,17.239999771118164,16.94099998474121,17.110000610351562
2020-11-24 14:30:00+00:00,17.200000762939453,17.5,16.961000442504883,17.31999969482422
2020-11-25 14:30:00+00:00,17.110000610351562,17.429000854492188,17.110000610351562,17.260000228881836
2020-11-27 14:30:00+00:00,17.329999923706055,17.43000030517578,17.309999465942383,17.43000030517578
2020-11-30 14:30:00+00:00,17.0,17.450000762939453,17.0,17.18000030517578
2020-12-01 14:30:00+00:00,17.270000457763672,17.503999710083008,17.03499984741211,17.329999923706055
2020-12-02 14:30:00+00:00,17.219999313354492,17.770000457763672,17.219999313354492,17.450000762939453
2020-12-03 14:30:00+00:00,17.5,17.8700008392334,17.5,17.579999923706055
2020-12-04 14:30:00+00:00,17.489999771118164,18.049999237060547,17.40999984741211,17.940000534057617
2020-12-07 14:30:00+00:00,17.790000915527344,18.18000030517578,17.790000915527344,17.84000015258789
2020-12-08 14:30:00+00:00,17.799999237060547,18.0,17.799999237060547,17.860000610351562
2020-12-09 14:30:00+00:00,17.649999618530273,18.040000915527344,17.649999618530273,17.860000610351562
2020-12-10 14:30:00+00:00,17.799999237060547,18.04199981689453,17.6299991607666,17.979999542236328
2020-12-11 14:30:00+00:00,17.760000228881836,17.947999954223633,17.25,17.59000015258789
2020-12-14 14:30:00+00:00,17.510000228881836,17.8799991607666,17.5,17.510000228881836
2020-12-15 14:30:00+00:00,17.56999969482422,17.75,17.299999237060547,17.639999389648438
2020-12-16 14:30:00+00:00,17.6299991607666,17.75,17.3700008392334,17.6200008392334
2020-12-17 14:30:00+00:00,17.75,17.75,17.40999984741211,17.75
2020-12-18 14:30:00+00:00,17.530000686645508,17.899999618530273,17.530000686645508,17.6200008392334
2020-12-21 14:30:00+00:00,17.299999237060547,17.93000030517578,17.020000457763672,17.219999313354492
2020-12-22 14:30:00+00:00,17.020000457763672,17.510000228881836,17.020000457763672,17.1299991607666
2020-12-23 14:30:00+00:00,17.200000762939453,17.780000686645508,17.149999618530273,17.270000457763672
2020-12-24 14:30:00+00:00,17.260000228881836,17.503000259399414,17.260000228881836,17.309999465942383
2020-12-28 14:30:00+00:00,17.420000076293945,17.735000610351562,17.329999923706055,17.420000076293945
2020-12-29 14:30:00+00:00,17.450000762939453,17.850000381469727,17.260000228881836,17.549999237060547
2020-12-30 14:30:00+00:00,17.489999771118164,17.701000213623047,17.3700008392334,17.3700008392334
2020-12-31 14:30:00+00:00,17.25,17.719999313354492,17.25,17.43000030517578
2021-01-04 14:30:00+00:00,17.559999465942383,17.899999618530273,17.450000762939453,17.600000381469727
2021-01-05 14:30:00+00:00,17.600000381469727,17.690000534057617,17.309999465942383,17.399999618530273
2021-01-06 14:30:00+00:00,17.520000457763672,18.43000030517578,17.520000457763672,17.860000610351562
2021-01-07 14:30:00+00:00,17.989999771118164,18.68000030517578,17.93000030517578,18.5
2021-01-08 14:30:00+00:00,18.5,18.5,18.1299991607666,18.260000228881836
2021-01-11 14:30:00+00:00,18.15999984741211,18.15999984741211,17.618999481201172,17.760000228881836
2021-01-12 14:30:00+00:00,17.760000228881836,18.0,17.760000228881836,17.889999389648438
2021-01-13 14:30:00+00:00,17.8799991607666,18.280000686645508,17.6299991607666,17.969999313354492
2021-01-14 14:30:00+00:00,18.100000381469727,18.100000381469727,17.649999618530273,17.920000076293945
2021-01-15 14:30:00+00:00,17.979999542236328,18.5,17.59000015258789,17.59000015258789
2021-01-19 14:30:00+00:00,17.809999465942383,18.450000762939453,17.600000381469727,18.280000686645508
2021-01-20 14:30:00+00:00,18.25,18.43000030517578,18.0,18.139999389648438
2021-01-21 14:30:00+00:00,17.840999603271484,18.5,17.840999603271484,18.469999313354492
2021-01-22 14:30:00+00:00,18.489999771118164,18.489999771118164,17.920000076293945,18.020000457763672
2021-01-25 14:30:00+00:00,18.020000457763672,18.25,17.760000228881836,17.799999237060547
2021-01-26 14:30:00+00:00,17.809999465942383,17.84000015258789,17.40999984741211,17.649999618530273
2021-01-27 14:30:00+00:00,17.600000381469727,17.600000381469727,17.149999618530273,17.219999313354492
2021-01-28 14:30:00+00:00,17.219999313354492,17.75,17.219999313354492,17.549999237060547
2021-01-29 14:30:00+00:00,17.540000915527344,17.945999145507812,17.299999237060547,17.399999618530273
2021-02-01 14:30:00+00:00,17.450000762939453,18.016000747680664,17.450000762939453,17.8700008392334
2021-02-02 14:30:00+00:00,17.889999389648438,18.18000030517578,17.889999389648438,17.940000534057617
2021-02-03 14:30:00+00:00,18.09000015258789,18.15999984741211,17.729999542236328,17.75
2021-02-04 14:30:00+00:00,17.68000030517578,18.166000366210938,17.68000030517578,18.100000381469727
2021-02-05 14:30:00+00:00,17.979999542236328,18.31999969482422,17.889999389648438,18.06999969482422
2021-02-08 14:30:00+00:00,18.059999465942383,18.440000534057617,17.993999481201172,18.440000534057617
2021-02-09 14:30:00+00:00,18.489999771118164,18.540000915527344,18.170000076293945,18.219999313354492
2021-02-10 14:30:00+00:00,18.350000381469727,18.549999237060547,18.030000686645508,18.270000457763672
2021-02-11 14:30:00+00:00,18.350000381469727,18.350000381469727,18.023000717163086,18.190000534057617
2021-02-12 14:30:00+00:00,18.25,18.315000534057617,18.040000915527344,18.200000762939453
2021-02-16 14:30:00+00:00,18.190000534057617,18.950000762939453,17.90999984741211,18.149999618530273
2021-02-17 14:30:00+00:00,18.34000015258789,18.658000946044922,18.0,18.59000015258789
2021-02-18 14:30:00+00:00,18.56999969482422,18.799999237060547,18.290000915527344,18.549999237060547
2021-02-19 14:30:00+00:00,18.440000534057617,18.760000228881836,18.059999465942383,18.389999389648438
2021-02-22 14:30:00+00:00,18.450000762939453,18.739999771118164,18.219999313354492,18.56999969482422
2021-02-23 14:30:00+00:00,18.739999771118164,18.969999313354492,17.639999389648438,18.850000381469727
2021-02-24 14:30:00+00:00,18.729999542236328,19.200000762939453,18.399999618530273,19.079999923706055
2021-02-25 14:30:00+00:00,19.059999465942383,19.25,18.360000610351562,18.540000915527344
2021-02-26 14:30:00+00:00,18.56999969482422,18.8700008392334,18.309999465942383,18.309999465942383
2021-03-01 14:30:00+00:00,18.610000610351562,18.989999771118164,18.600000381469727,18.760000228881836
2021-03-02 14:30:00+00:00,18.639999389648438,18.889999389648438,18.469999313354492,18.639999389648438
2021-03-03 14:30:00+00:00,18.839000701904297,19.200000762939453,18.610000610351562,19.059999465942383
2021-03-04 14:30:00+00:00,19.06999969482422,19.25,18.836999893188477,18.959999084472656
2021-03-05 14:30:00+00:00,19.09000015258789,19.510000228881836,18.694000244140625,19.31999969482422
2021-03-08 14:30:00+00:00,19.75,19.75,19.399999618530273,19.5
2021-03-09 14:30:00+00:00,19.6299991607666,19.700000762939453,18.610000610351562,19.579999923706055
2021-03-10 14:30:00+00:00,19.579999923706055,19.92300033569336,19.360000610351562,19.719999313354492
2021-03-11 14:30:00+00:00,19.709999084472656,19.85300064086914,19.43000030517578,19.469999313354492
2021-03-12 14:30:00+00:00,19.549999237060547,19.649999618530273,19.350000381469727,19.559999465942383
2021-03-15 13:30:00+00:00,19.690000534057617,19.81999969482422,19.559999465942383,19.65999984741211
2021-03-16 13:30:00+00:00,19.75,19.969999313354492,19.540000915527344,19.709999084472656
2021-03-17 13:30:00+00:00,19.59000015258789,20.100000381469727,19.520000457763672,19.90999984741211
2021-03-18 13:30:00+00:00,20.09000015258789,20.09000015258789,19.549999237060547,19.799999237060547
2021-03-19 13:30:00+00:00,19.719999313354492,19.989999771118164,19.579999923706055,19.75
2021-03-22 13:30:00+00:00,19.75,19.899999618530273,19.450000762939453,19.899999618530273
2021-03-23 13:30:00+00:00,19.84000015258789,20.0,19.6299991607666,19.68000030517578
2021-03-24 13:30:00+00:00,19.719999313354492,19.93000030517578,19.700000762939453,19.850000381469727
2021-03-25 13:30:00+00:00,19.850000381469727,19.899999618530273,19.40999984741211,19.8700008392334
2021-03-26 13:30:00+00:00,19.850000381469727,20.030000686645508,19.579999923706055,19.899999618530273
2021-03-29 13:30:00+00:00,19.670000076293945,20.07200050354004,19.615999221801758,19.850000381469727
2021-03-30 13:30:00+00:00,19.829999923706055,20.02899932861328,19.81999969482422,20.0
2021-03-31 13:30:00+00:00,19.90999984741211,20.700000762939453,19.899999618530273,20.18000030517578
2021-04-01 13:30:00+00:00,20.360000610351562,20.540000915527344,19.899999618530273,20.020000457763672
2021-04-05 13:30:00+00:00,19.8799991607666,20.489999771118164,19.8799991607666,20.139999389648438
2021-04-06 13:30:00+00:00,20.079999923706055,20.25,19.950000762939453,20.25
2021-04-07 13:30:00+00:00,20.219999313354492,20.6200008392334,20.020000457763672,20.149999618530273
2021-04-08 13:30:00+00:00,20.270000457763672,20.929000854492188,20.101999282836914,20.399999618530273
2021-04-09 13:30:00+00:00,20.489999771118164,20.775999069213867,20.299999237060547,20.68000030517578
2021-04-12 13:30:00+00:00,20.68000030517578,21.09000015258789,20.0,20.350000381469727
2021-04-13 13:30:00+00:00,20.280000686645508,20.329999923706055,20.118000030517578,20.139999389648438
2021-04-14 13:30:00+00:00,20.239999771118164,20.350000381469727,20.128999710083008,20.229999542236328
2021-04-15 13:30:00+00:00,20.270000457763672,20.670000076293945,20.1299991607666,20.34000015258789
2021-04-16 13:30:00+00:00,20.299999237060547,20.530000686645508,19.8799991607666,20.350000381469727
2021-04-19 13:30:00+00:00,20.43000030517578,20.469999313354492,20.200000762939453,20.350000381469727
2021-04-20 13:30:00+00:00,20.40999984741211,20.75,19.90999984741211,20.1200008392334
2021-04-21 13:30:00+00:00,19.940000534057617,20.489999771118164,19.940000534057617,20.1200008392334
2021-04-22 13:30:00+00:00,20.219999313354492,20.57699966430664,20.100000381469727,20.18000030517578
2021-04-23 13:30:00+00:00,20.610000610351562,20.6299991607666,20.299999237060547,20.610000610351562
2021-04-26 13:30:00+00:00,20.760000228881836,20.760000228881836,20.43000030517578,20.489999771118164
2021-04-27 13:30:00+00:00,20.739999771118164,20.84000015258789,20.4950008392334,20.639999389648438
2021-04-28 13:30:00+00:00,20.639999389648438,20.81999969482422,20.510000228881836,20.790000915527344
2021-04-29 13:30:00+00:00,20.84000015258789,20.84000015258789,20.593000411987305,20.739999771118164
2021-04-30 13:30:00+00:00,20.790000915527344,20.84000015258789,20.6200008392334,20.739999771118164
2021-05-03 13:30:00+00:00,20.84000015258789,20.850000381469727,20.549999237060547,20.649999618530273
2021-05-04 13:30:00+00:00,20.68000030517578,20.749000549316406,20.420000076293945,20.600000381469727
2021-05-05 13:30:00+00:00,20.600000381469727,20.670000076293945,20.440000534057617,20.59000015258789
2021-05-06 13:30:00+00:00,20.56999969482422,20.74799919128418,20.48699951171875,20.559999465942383
2021-05-07 13:30:00+00:00,20.600000381469727,20.700000762939453,20.5,20.690000534057617
2021-05-10 13:30:00+00:00,20.760000228881836,20.836000442504883,20.694000244140625,20.75
2021-05-11 13:30:00+00:00,20.600000381469727,20.749000549316406,20.399999618530273,20.459999084472656
2021-05-12 13:30:00+00:00,20.459999084472656,20.797000885009766,20.280000686645508,20.299999237060547
2021-05-13 13:30:00+00:00,20.280000686645508,20.450000762939453,20.25,20.360000610351562
2021-05-14 13:30:00+00:00,20.450000762939453,20.66900062561035,20.360000610351562,20.399999618530273
2021-05-17 13:30:00+00:00,20.43000030517578,20.84000015258789,20.40999984741211,20.700000762939453
2021-05-18 13:30:00+00:00,20.700000762939453,20.7549991607666,20.514999389648438,20.729999542236328
2021-05-19 13:30:00+00:00,20.579999923706055,20.739999771118164,20.540000915527344,20.68000030517578
2021-05-20 13:30:00+00:00,20.75,20.84000015258789,20.510000228881836,20.84000015258789
2021-05-21 13:30:00+00:00,20.829999923706055,20.850000381469727,20.65999984741211,20.760000228881836
2021-05-24 13:30:00+00:00,20.829999923706055,20.8799991607666,20.65999984741211,20.844999313354492
2021-05-25 13:30:00+00:00,20.760000228881836,20.799999237060547,20.5,20.75
2021-05-26 13:30:00+00:00,20.790000915527344,20.8700008392334,20.68000030517578,20.81999969482422
2021-05-27 13:30:00+00:00,20.940000534057617,20.940000534057617,20.5,20.65999984741211
2021-05-28 13:30:00+00:00,20.459999084472656,20.775999069213867,20.459999084472656,20.600000381469727
2021-06-01 13:30:00+00:00,20.540000915527344,20.770000457763672,20.540000915527344,20.68000030517578
2021-06-02 13:30:00+00:00,20.75,21.06999969482422,20.75,21.059999465942383
2021-06-03 13:30:00+00:00,21.049999237060547,21.628000259399414,20.950000762939453,21.260000228881836
2021-06-04 13:30:00+00:00,21.25,21.25,20.850000381469727,20.950000762939453
2021-06-07 13:30:00+00:00,21.049999237060547,21.44099998474121,21.0,21.329999923706055
2021-06-08 13:30:00+00:00,21.31999969482422,21.31999969482422,21.030000686645508,21.06999969482422
2021-06-09 13:30:00+00:00,21.229999542236328,21.3700008392334,21.121000289916992,21.229999542236328
2021-06-10 13:30:00+00:00,21.219999313354492,21.398000717163086,21.0,21.270000457763672
2021-06-11 13:30:00+00:00,21.489999771118164,21.489999771118164,20.010000228881836,21.260000228881836
2021-06-14 13:30:00+00:00,21.31999969482422,21.31999969482422,20.799999237060547,20.850000381469727
2021-06-15 13:30:00+00:00,20.959999084472656,21.09000015258789,20.514999389648438,20.59000015258789
2021-06-16 13:30:00+00:00,21.200000762939453,21.200000762939453,20.760000228881836,20.760000228881836
2021-06-17 13:30:00+00:00,21.190000534057617,21.190000534057617,20.670000076293945,20.799999237060547
2021-06-18 13:30:00+00:00,20.799999237060547,20.927000045776367,20.520000457763672,20.75
2021-06-21 13:30:00+00:00,20.90999984741211,21.0,20.81999969482422,20.959999084472656
2021-06-22 13:30:00+00:00,20.979999542236328,21.200000762939453,20.479999542236328,20.6299991607666
2021-06-23 13:30:00+00:00,20.81999969482422,20.81999969482422,20.510000228881836,20.709999084472656
2021-06-24 13:30:00+00:00,20.719999313354492,20.8799991607666,20.6200008392334,20.65999984741211
2021-06-25 13:30:00+00:00,20.6200008392334,20.959999084472656,20.56999969482422,20.899999618530273
2021-06-28 13:30:00+00:00,21.010000228881836,21.100000381469727,20.719999313354492,20.860000610351562
2021-06-29 13:30:00+00:00,20.850000381469727,21.049999237060547,20.709999084472656,20.790000915527344
2021-06-30 13:30:00+00:00,20.68000030517578,20.979999542236328,20.68000030517578,20.780000686645508
2021-07-01 13:30:00+00:00,20.780000686645508,21.059999465942383,20.780000686645508,20.84000015258789
2021-07-02 13:30:00+00:00,20.8799991607666,21.027000427246094,20.81999969482422,20.8799991607666
2021-07-06 13:30:00+00:00,20.940000534057617,20.940000534057617,20.450000762939453,20.6200008392334
2021-07-07 13:30:00+00:00,20.639999389648438,20.790000915527344,20.299999237060547,20.420000076293945
2021-07-08 13:30:00+00:00,20.3700008392334,20.5,20.19300079345703,20.25
2021-07-09 13:30:00+00:00,20.34000015258789,20.541000366210938,20.25,20.329999923706055
2021-07-12 13:30:00+00:00,20.260000228881836,20.549999237060547,20.219999313354492,20.399999618530273
2021-07-13 13:30:00+00:00,20.389999389648438,20.559999465942383,20.299999237060547,20.450000762939453
2021-07-14 13:30:00+00:00,20.450000762939453,20.5,20.360000610351562,20.3799991607666
2021-07-15 13:30:00+00:00,20.389999389648438,20.389999389648438,20.00200080871582,20.239999771118164
2021-07-16 13:30:00+00:00,20.295000076293945,20.309999465942383,19.559999465942383,20.0
2021-07-19 13:30:00+00:00,19.790000915527344,20.389999389648438,19.510000228881836,19.530000686645508
2021-07-20 13:30:00+00:00,19.719999313354492,20.191999435424805,19.520000457763672,19.6299991607666
2021-07-21 13:30:00+00:00,19.75,20.3799991607666,19.65999984741211,19.815000534057617
2021-07-22 13:30:00+00:00,19.8700008392334,20.229999542236328,19.860000610351562,20.0
2021-07-23 13:30:00+00:00,20.049999237060547,20.239999771118164,19.809999465942383,20.09000015258789
2021-07-26 13:30:00+00:00,20.049999237060547,20.110000610351562,19.860000610351562,19.940000534057617
2021-07-27 13:30:00+00:00,19.8799991607666,19.996999740600586,19.799999237060547,19.920000076293945
2021-07-28 13:30:00+00:00,19.8700008392334,20.040000915527344,19.81100082397461,20.0
2021-07-29 13:30:00+00:00,20.09000015258789,20.18000030517578,19.799999237060547,19.989999771118164
2021-07-30 13:30:00+00:00,20.040000915527344,20.149999618530273,20.007999420166016,20.09000015258789
2021-08-02 13:30:00+00:00,20.09000015258789,20.385000228881836,19.799999237060547,20.110000610351562
2021-08-03 13:30:00+00:00,20.149999618530273,20.469999313354492,20.0,20.270000457763672
2021-08-04 13:30:00+00:00,20.209999084472656,20.209999084472656,20.030000686645508,20.040000915527344
2021-08-05 13:30:00+00:00,20.24799919128418,20.395999908447266,20.040000915527344,20.100000381469727
2021-08-06 13:30:00+00:00,20.219999313354492,20.389999389648438,20.1200008392334,20.209999084472656
2021-08-09 13:30:00+00:00,20.299999237060547,20.299999237060547,20.09000015258789,20.200000762939453
2021-08-10 13:30:00+00:00,20.149999618530273,20.280000686645508,20.110000610351562,20.270000457763672
2021-08-11 13:30:00+00:00,20.3799991607666,20.459999084472656,20.15999984741211,20.399999618530273
2021-08-12 13:30:00+00:00,20.239999771118164,20.479000091552734,20.149999618530273,20.3700008392334
2021-08-13 13:30:00+00:00,20.420000076293945,20.540000915527344,20.149999618530273,20.399999618530273
2021-08-16 13:30:00+00:00,20.450000762939453,20.489999771118164,20.280000686645508,20.3700008392334
2021-08-17 13:30:00+00:00,20.3799991607666,20.5,19.941999435424805,20.25
2021-08-18 13:30:00+00:00,20.170000076293945,20.440000534057617,19.940000534057617,19.940000534057617
2021-08-19 13:30:00+00:00,20.0,20.1299991607666,19.95800018310547,20.1299991607666
2021-08-20 13:30:00+00:00,20.190000534057617,20.389999389648438,19.940000534057617,19.959999084472656
2021-08-23 13:30:00+00:00,19.979999542236328,20.1200008392334,19.950000762939453,19.959999084472656
2021-08-24 13:30:00+00:00,19.969999313354492,20.239999771118164,19.969999313354492,20.09000015258789
2021-08-25 13:30:00+00:00,20.15999984741211,20.209999084472656,20.100000381469727,20.1299991607666
2021-08-26 13:30:00+00:00,20.200000762939453,20.209999084472656,20.059999465942383,20.209999084472656
2021-08-27 13:30:00+00:00,20.15999984741211,20.190000534057617,20.0,20.15999984741211
2021-08-30 13:30:00+00:00,20.149999618530273,20.200000762939453,20.06999969482422,20.09000015258789
2021-08-31 13:30:00+00:00,20.09000015258789,20.200000762939453,20.042999267578125,20.170000076293945
2021-09-01 13:30:00+00:00,20.170000076293945,20.25,20.079999923706055,20.25
2021-09-02 13:30:00+00:00,20.25,20.25,20.049999237060547,20.15999984741211
2021-09-03 13:30:00+00:00,20.18000030517578,20.242000579833984,20.110000610351562,20.180999755859375
2021-09-07 13:30:00+00:00,20.1299991607666,20.5,20.1299991607666,20.368000030517578
2021-09-08 13:30:00+00:00,20.469999313354492,20.520000457763672,20.34000015258789,20.40999984741211
2021-09-09 13:30:00+00:00,20.43000030517578,20.690000534057617,20.23200035095215,20.469999313354492
2021-09-10 13:30:00+00:00,20.59000015258789,20.59000015258789,20.312000274658203,20.43000030517578
2021-09-13 13:30:00+00:00,20.350000381469727,20.479999542236328,20.020000457763672,20.360000610351562
2021-09-14 13:30:00+00:00,20.40999984741211,20.600000381469727,20.107999801635742,20.155000686645508
2021-09-15 13:30:00+00:00,20.190000534057617,20.489999771118164,20.1299991607666,20.34000015258789
2021-09-16 13:30:00+00:00,20.360000610351562,20.639999389648438,20.209999084472656,20.209999084472656
2021-09-17 13:30:00+00:00,20.270000457763672,20.59000015258789,20.200000762939453,20.59000015258789
2021-09-20 13:30:00+00:00,20.440000534057617,20.450000762939453,19.520000457763672,19.520000457763672
2021-09-21 13:30:00+00:00,19.6299991607666,20.309999465942383,19.6299991607666,20.170000076293945
2021-09-22 13:30:00+00:00,20.190000534057617,20.639999389648438,20.0,20.270000457763672
2021-09-23 13:30:00+00:00,20.3799991607666,20.600000381469727,20.149999618530273,20.25
2021-09-24 13:30:00+00:00,20.149999618530273,20.45800018310547,20.149999618530273,20.200000762939453
2021-09-27 13:30:00+00:00,20.299999237060547,20.350000381469727,20.059999465942383,20.100000381469727
2021-09-28 13:30:00+00:00,20.1299991607666,20.288999557495117,19.739999771118164,20.110000610351562
2021-09-29 13:30:00+00:00,20.190000534057617,20.31999969482422,19.91699981689453,20.225000381469727
2021-09-30 13:30:00+00:00,20.309999465942383,20.59000015258789,20.239999771118164,20.350000381469727
2021-10-01 13:30:00+00:00,20.329999923706055,20.496000289916992,20.219999313354492,20.34000015258789
2021-10-04 13:30:00+00:00,20.389999389648438,20.566999435424805,19.889999389648438,20.149999618530273
2021-10-05 13:30:00+00:00,20.3700008392334,20.639999389648438,20.149999618530273,20.3799991607666
2021-10-06 13:30:00+00:00,20.6200008392334,20.6200008392334,20.270000457763672,20.399999618530273
2021-10-07 13:30:00+00:00,21.0,21.0,20.5,20.641000747680664
2021-10-08 13:30:00+00:00,20.799999237060547,20.799999237060547,20.3700008392334,20.670000076293945
2021-10-11 13:30:00+00:00,20.940000534057617,20.940000534057617,20.600000381469727,20.610000610351562
2021-10-12 13:30:00+00:00,20.729999542236328,20.860000610351562,20.638999938964844,20.700000762939453
2021-10-13 13:30:00+00:00,20.75,20.799999237060547,20.729999542236328,20.780000686645508
2021-10-14 13:30:00+00:00,20.969999313354492,20.969999313354492,20.700000762939453,20.790000915527344
2021-10-15 13:30:00+00:00,21.0,21.0,20.690000534057617,20.739999771118164
2021-10-18 13:30:00+00:00,20.809999465942383,20.940000534057617,20.75,20.860000610351562
2021-10-19 13:30:00+00:00,20.93000030517578,20.93000030517578,20.75,20.889999389648438
2021-10-20 13:30:00+00:00,20.93000030517578,20.989999771118164,20.75,20.950000762939453
2021-10-21 13:30:00+00:00,20.90999984741211,20.934999465942383,20.75,20.860000610351562
2021-10-22 13:30:00+00:00,20.889999389648438,20.899999618530273,20.639999389648438,20.899999618530273
2021-10-25 13:30:00+00:00,20.8700008392334,20.8700008392334,20.520000457763672,20.600000381469727
2021-10-26 13:30:00+00:00,20.709999084472656,20.799999237060547,20.549999237060547,20.600000381469727
2021-10-27 13:30:00+00:00,20.6299991607666,20.799999237060547,20.549999237060547,20.760000228881836
2021-10-28 13:30:00+00:00,20.729999542236328,20.889999389648438,20.600000381469727,20.729999542236328
2021-10-29 13:30:00+00:00,20.700000762939453,20.75,20.510000228881836,20.68000030517578
2021-11-01 13:30:00+00:00,20.670000076293945,20.780000686645508,20.510000228881836,20.56999969482422
2021-11-02 13:30:00+00:00,20.600000381469727,20.65999984741211,20.520000457763672,20.6200008392334
2021-11-03 13:30:00+00:00,20.649999618530273,20.649999618530273,20.52400016784668,20.639999389648438
2021-11-04 13:30:00+00:00,20.579999923706055,20.790000915527344,20.579999923706055,20.709999084472656
2021-11-05 13:30:00+00:00,20.739999771118164,20.889999389648438,20.6200008392334,20.75
2021-11-08 14:30:00+00:00,21.0,21.0,20.790000915527344,20.889999389648438
2021-11-09 14:30:00+00:00,20.950000762939453,20.950000762939453,20.704999923706055,20.799999237060547
2021-11-10 14:30:00+00:00,20.719999313354492,20.719999313354492,20.5,20.559999465942383
2021-11-11 14:30:00+00:00,20.6299991607666,20.65999984741211,20.510000228881836,20.65999984741211
2021-11-12 14:30:00+00:00,20.610000610351562,20.739999771118164,20.5,20.59000015258789
2021-11-15 14:30:00+00:00,20.670000076293945,20.739999771118164,20.520000457763672,20.6200008392334
2021-11-16 14:30:00+00:00,20.639999389648438,20.73900032043457,20.5,20.56999969482422
2021-11-17 14:30:00+00:00,20.59000015258789,20.690000534057617,20.299999237060547,20.450000762939453
2021-11-18 14:30:00+00:00,20.559999465942383,20.559999465942383,20.158000946044922,20.25
2021-11-19 14:30:00+00:00,20.329999923706055,20.59000015258789,20.100000381469727,20.260000228881836
2021-11-22 14:30:00+00:00,20.270000457763672,20.479999542236328,20.0,20.1200008392334
2021-11-23 14:30:00+00:00,20.110000610351562,20.1299991607666,19.899999618530273,20.100000381469727
2021-11-24 14:30:00+00:00,20.139999389648438,20.469999313354492,19.820999145507812,20.31999969482422
2021-11-26 14:30:00+00:00,20.049999237060547,20.049999237060547,19.850000381469727,19.895000457763672
2021-11-29 14:30:00+00:00,20.020000457763672,20.09000015258789,19.81999969482422,19.860000610351562
2021-11-30 14:30:00+00:00,19.860000610351562,19.8799991607666,19.100000381469727,19.190000534057617
2021-12-01 14:30:00+00:00,19.25,19.6200008392334,18.354999542236328,18.809999465942383
2021-12-02 14:30:00+00:00,18.799999237060547,19.200000762939453,18.739999771118164,19.200000762939453
2021-12-03 14:30:00+00:00,19.2450008392334,19.329999923706055,18.600000381469727,18.719999313354492
2021-12-06 14:30:00+00:00,18.729999542236328,19.170000076293945,18.729999542236328,19.100000381469727
2021-12-07 14:30:00+00:00,19.139999389648438,19.489999771118164,19.138999938964844,19.489999771118164
2021-12-08 14:30:00+00:00,19.5,19.690000534057617,19.361000061035156,19.440000534057617
2021-12-09 14:30:00+00:00,19.31999969482422,19.600000381469727,19.1560001373291,19.459999084472656
2021-12-10 14:30:00+00:00,19.600000381469727,19.8700008392334,19.280000686645508,19.399999618530273
2021-12-13 14:30:00+00:00,19.209999084472656,19.209999084472656,18.90999984741211,18.90999984741211
2021-12-14 14:30:00+00:00,18.90999984741211,19.149999618530273,18.600000381469727,18.600000381469727
2021-12-15 14:30:00+00:00,18.700000762939453,19.270000457763672,18.687999725341797,19.270000457763672
2021-12-16 14:30:00+00:00,19.34000015258789,19.4950008392334,18.75,18.75
2021-12-17 14:30:00+00:00,18.850000381469727,18.850000381469727,18.559999465942383,18.729999542236328
2021-12-20 14:30:00+00:00,18.809999465942383,18.809999465942383,18.059999465942383,18.360000610351562
2021-12-21 14:30:00+00:00,18.6200008392334,19.149999618530273,18.170000076293945,18.920000076293945
2021-12-22 14:30:00+00:00,19.06999969482422,19.440000534057617,18.985000610351562,19.360000610351562
2021-12-23 14:30:00+00:00,19.420000076293945,19.709999084472656,19.360000610351562,19.68000030517578
2021-12-27 14:30:00+00:00,19.610000610351562,20.020000457763672,19.450000762939453,19.8700008392334
2021-12-28 14:30:00+00:00,20.0,20.010000228881836,19.229999542236328,19.829999923706055
2021-12-29 14:30:00+00:00,20.040000915527344,20.040000915527344,19.469999313354492,19.780000686645508
2021-12-30 14:30:00+00:00,19.950000762939453,19.950000762939453,19.360000610351562,19.479999542236328
2021-12-31 14:30:00+00:00,19.389999389648438,19.5,19.389999389648438,19.479999542236328
2022-01-03 14:30:00+00:00,19.559999465942383,19.639999389648438,19.39299964904785,19.6299991607666
2022-01-04 14:30:00+00:00,20.0,20.0,19.5,19.6299991607666
2022-01-05 14:30:00+00:00,19.959999084472656,20.0,19.40999984741211,19.540000915527344
2022-01-06 14:30:00+00:00,19.649999618530273,20.09000015258789,19.399999618530273,19.59000015258789
2022-01-07 14:30:00+00:00,19.719999313354492,20.040000915527344,19.667999267578125,19.90999984741211
2022-01-10 14:30:00+00:00,20.149999618530273,20.451000213623047,20.040000915527344,20.290000915527344
2022-01-11 14:30:00+00:00,20.479999542236328,20.65999984741211,20.25,20.56999969482422
2022-01-12 14:30:00+00:00,20.6299991607666,20.75,20.5,20.610000610351562
2022-01-13 14:30:00+00:00,20.709999084472656,20.709999084472656,20.360000610351562,20.649999618530273
2022-01-14 14:30:00+00:00,20.8799991607666,20.889999389648438,20.440000534057617,20.64699935913086
2022-01-18 14:30:00+00:00,20.600000381469727,20.889999389648438,20.3799991607666,20.530000686645508
2022-01-19 14:30:00+00:00,20.770000457763672,20.969999313354492,20.329999923706055,20.450000762939453
2022-01-20 14:30:00+00:00,20.469999313354492,20.8799991607666,20.34000015258789,20.600000381469727
2022-01-21 14:30:00+00:00,20.75,20.75,20.0,20.020000457763672
2022-01-24 14:30:00+00:00,20.0,20.010000228881836,19.0,19.440000534057617
2022-01-25 14:30:00+00:00,19.610000610351562,19.8700008392334,19.049999237060547,19.520000457763672
2022-01-26 14:30:00+00:00,19.56999969482422,20.09000015258789,19.510000228881836,19.729999542236328
2022-01-27 14:30:00+00:00,19.979999542236328,20.25,19.834999084472656,20.010000228881836
2022-01-28 14:30:00+00:00,19.989999771118164,20.190000534057617,19.420000076293945,20.190000534057617
2022-01-31 14:30:00+00:00,20.020000457763672,20.280000686645508,19.65999984741211,20.1200008392334
2022-02-01 14:30:00+00:00,20.420000076293945,20.600000381469727,20.1299991607666,20.549999237060547
2022-02-02 14:30:00+00:00,20.729999542236328,20.729999542236328,20.05699920654297,20.549999237060547
2022-02-03 14:30:00+00:00,20.420000076293945,20.573999404907227,19.950000762939453,20.350000381469727
2022-02-04 14:30:00+00:00,20.3700008392334,20.6200008392334,20.200000762939453,20.549999237060547
2022-02-07 14:30:00+00:00,20.469999313354492,20.700000762939453,20.399999618530273,20.559999465942383
2022-02-08 14:30:00+00:00,20.559999465942383,20.920000076293945,20.374000549316406,20.90999984741211
2022-02-09 14:30:00+00:00,20.860000610351562,21.190000534057617,20.725000381469727,20.950000762939453
2022-02-10 14:30:00+00:00,21.040000915527344,21.350000381469727,20.66900062561035,20.700000762939453
2022-02-11 14:30:00+00:00,20.510000228881836,20.90999984741211,20.42099952697754,20.729999542236328
2022-02-14 14:30:00+00:00,20.8700008392334,20.94300079345703,20.079999923706055,20.350000381469727
2022-02-15 14:30:00+00:00,20.200000762939453,20.68000030517578,20.200000762939453,20.530000686645508
2022-02-16 14:30:00+00:00,20.889999389648438,20.979999542236328,20.06999969482422,20.780000686645508
2022-02-17 14:30:00+00:00,20.700000762939453,20.829999923706055,20.117000579833984,20.729999542236328
2022-02-18 14:30:00+00:00,20.899999618530273,20.899999618530273,20.270000457763672,20.700000762939453
2022-02-22 14:30:00+00:00,20.700000762939453,20.850000381469727,20.1560001373291,20.520000457763672
2022-02-23 14:30:00+00:00,20.549999237060547,20.700000762939453,20.010000228881836,20.1299991607666
2022-02-24 14:30:00+00:00,20.0,20.899999618530273,19.75,20.899999618530273
2022-02-25 14:30:00+00:00,20.920000076293945,20.920000076293945,20.280000686645508,20.780000686645508
2022-02-28 14:30:00+00:00,20.56999969482422,20.959999084472656,20.56999969482422,20.790000915527344
2022-03-01 14:30:00+00:00,20.790000915527344,21.010000228881836,20.600000381469727,20.649999618530273
2022-03-02 14:30:00+00:00,21.0,21.0,20.299999237060547,20.6299991607666
2022-03-03 14:30:00+00:00,20.6299991607666,20.950000762939453,20.040000915527344,20.3799991607666
2022-03-04 14:30:00+00:00,20.3799991607666,20.6299991607666,20.141000747680664,20.299999237060547
2022-03-07 14:30:00+00:00,20.149999618530273,20.73900032043457,19.5,19.770000457763672
2022-03-08 14:30:00+00:00,19.780000686645508,20.125,19.530000686645508,19.700000762939453
2022-03-09 14:30:00+00:00,19.979999542236328,20.334999084472656,19.59000015258789,20.049999237060547
2022-03-10 14:30:00+00:00,19.93000030517578,20.5,19.799999237060547,20.040000915527344
2022-03-11 14:30:00+00:00,20.100000381469727,20.100000381469727,19.59000015258789,19.649999618530273
2022-03-14 13:30:00+00:00,19.649999618530273,20.6299991607666,18.610000610351562,18.719999313354492
2022-03-15 13:30:00+00:00,18.799999237060547,19.350000381469727,18.67099952697754,18.979999542236328
2022-03-16 13:30:00+00:00,18.950000762939453,19.719999313354492,18.950000762939453,19.399999618530273
2022-03-17 13:30:00+00:00,19.3799991607666,19.979999542236328,19.3799991607666,19.979999542236328
2022-03-18 13:30:00+00:00,20.209999084472656,20.209999084472656,19.76300048828125,19.959999084472656
2022-03-21 13:30:00+00:00,20.0,20.229999542236328,19.764999389648438,20.09000015258789
2022-03-22 13:30:00+00:00,20.190000534057617,20.190000534057617,19.8700008392334,20.139999389648438
2022-03-23 13:30:00+00:00,20.170000076293945,20.219999313354492,19.84600067138672,19.93000030517578
2022-03-24 13:30:00+00:00,19.929000854492188,20.0,19.850000381469727,19.979999542236328
2022-03-25 13:30:00+00:00,20.020000457763672,20.139999389648438,19.95800018310547,20.049999237060547
2022-03-28 13:30:00+00:00,20.079999923706055,20.1299991607666,19.92799949645996,20.099000930786133
2022-03-29 13:30:00+00:00,20.229999542236328,20.25,19.809999465942383,19.989999771118164
2022-03-30 13:30:00+00:00,19.90999984741211,20.496000289916992,19.805999755859375,20.209999084472656
2022-03-31 13:30:00+00:00,20.18000030517578,20.579999923706055,20.0,20.3700008392334
2022-04-01 13:30:00+00:00,20.43000030517578,20.690000534057617,20.350000381469727,20.459999084472656
2022-04-04 13:30:00+00:00,20.420000076293945,20.6200008392334,19.540000915527344,20.450000762939453
2022-04-05 13:30:00+00:00,20.770000457763672,20.770000457763672,20.15999984741211,20.170000076293945
2022-04-06 13:30:00+00:00,20.280000686645508,20.280000686645508,19.75,20.010000228881836
2022-04-07 13:30:00+00:00,19.940000534057617,20.280000686645508,19.600000381469727,19.8799991607666
2022-04-08 13:30:00+00:00,19.809999465942383,20.155000686645508,19.610000610351562,19.610000610351562
2022-04-11 13:30:00+00:00,19.600000381469727,19.913000106811523,19.327999114990234,19.5
2022-04-12 13:30:00+00:00,19.610000610351562,19.68000030517578,19.299999237060547,19.540000915527344
2022-04-13 13:30:00+00:00,19.56999969482422,19.954999923706055,19.36199951171875,19.690000534057617
2022-04-14 13:30:00+00:00,19.690000534057617,19.950000762939453,19.347999572753906,19.469999313354492
2022-04-18 13:30:00+00:00,19.350000381469727,19.75,19.299999237060547,19.420000076293945
2022-04-19 13:30:00+00:00,19.420000076293945,19.698999404907227,19.399999618530273,19.489999771118164
2022-04-20 13:30:00+00:00,19.690000534057617,19.917999267578125,19.56999969482422,19.739999771118164
2022-04-21 13:30:00+00:00,19.899999618530273,20.350000381469727,19.6200008392334,19.6200008392334
2022-04-22 13:30:00+00:00,19.719999313354492,19.899999618530273,19.399999618530273,19.5
2022-04-25 13:30:00+00:00,19.329999923706055,19.5,19.25,19.299999237060547
2022-04-26 13:30:00+00:00,19.270000457763672,19.270000457763672,18.81999969482422,18.829999923706055
2022-04-27 13:30:00+00:00,18.59000015258789,18.950000762939453,17.850000381469727,18.809999465942383
2022-04-28 13:30:00+00:00,18.979999542236328,19.260000228881836,18.66699981689453,18.979999542236328
2022-04-29 13:30:00+00:00,18.889999389648438,18.940000534057617,18.5,18.530000686645508
2022-05-02 13:30:00+00:00,18.719999313354492,19.097000122070312,18.209999084472656,18.399999618530273
2022-05-03 13:30:00+00:00,18.440000534057617,19.09600067138672,18.270000457763672,18.520999908447266
2022-05-04 13:30:00+00:00,18.549999237060547,18.8799991607666,18.399999618530273,18.75
2022-05-05 13:30:00+00:00,18.700000762939453,18.959999084472656,18.209999084472656,18.260000228881836
2022-05-06 13:30:00+00:00,18.34000015258789,18.735000610351562,18.200000762939453,18.459999084472656
2022-05-09 13:30:00+00:00,18.0,18.308000564575195,17.079999923706055,17.299999237060547
2022-05-10 13:30:00+00:00,17.399999618530273,17.790000915527344,17.020000457763672,17.149999618530273
2022-05-11 13:30:00+00:00,17.219999313354492,17.437999725341797,16.56999969482422,16.729999542236328
2022-05-12 13:30:00+00:00,16.510000228881836,16.75,16.200000762939453,16.319000244140625
2022-05-13 13:30:00+00:00,16.549999237060547,16.863000869750977,16.399999618530273,16.450000762939453
2022-05-16 13:30:00+00:00,16.6200008392334,17.179000854492188,16.520000457763672,17.059999465942383
2022-05-17 13:30:00+00:00,17.31999969482422,17.6200008392334,16.989999771118164,17.28499984741211
2022-05-18 13:30:00+00:00,17.209999084472656,17.549999237060547,16.81999969482422,17.079999923706055
2022-05-19 13:30:00+00:00,17.0,17.440000534057617,16.770000457763672,17.18000030517578
2022-05-20 13:30:00+00:00,17.709999084472656,17.719999313354492,16.8700008392334,17.010000228881836
2022-05-23 13:30:00+00:00,17.06999969482422,17.75,17.010000228881836,17.15999984741211
2022-05-24 13:30:00+00:00,17.309999465942383,17.360000610351562,16.760000228881836,17.040000915527344
2022-05-25 13:30:00+00:00,16.950000762939453,17.579999923706055,16.760000228881836,17.25
2022-05-26 13:30:00+00:00,17.110000610351562,17.91900062561035,17.110000610351562,17.530000686645508
2022-05-27 13:30:00+00:00,17.989999771118164,18.25,17.770000457763672,18.139999389648438
2022-05-31 13:30:00+00:00,18.31999969482422,18.479999542236328,17.93899917602539,18.299999237060547
2022-06-01 13:30:00+00:00,18.280000686645508,18.31999969482422,17.889999389648438,17.90999984741211
2022-06-02 13:30:00+00:00,18.149999618530273,18.5,17.969999313354492,18.290000915527344
2022-06-03 13:30:00+00:00,18.229999542236328,18.389999389648438,17.760000228881836,17.860000610351562
2022-06-06 13:30:00+00:00,18.010000228881836,18.329999923706055,17.780000686645508,17.969999313354492
2022-06-07 13:30:00+00:00,18.049999237060547,18.399999618530273,18.040000915527344,18.399999618530273
2022-06-08 13:30:00+00:00,18.739999771118164,18.739999771118164,18.239999771118164,18.420000076293945
2022-06-09 13:30:00+00:00,18.670000076293945,18.729999542236328,18.034000396728516,18.18000030517578
2022-06-10 13:30:00+00:00,17.889999389648438,18.246000289916992,17.489999771118164,17.649999618530273
2022-06-13 13:30:00+00:00,17.31999969482422,17.75,16.809999465942383,17.170000076293945
2022-06-14 13:30:00+00:00,17.299999237060547,17.299999237060547,16.479999542236328,16.639999389648438
2022-06-15 13:30:00+00:00,16.649999618530273,16.81999969482422,16.1200008392334,16.420000076293945
2022-06-16 13:30:00+00:00,16.149999618530273,16.649999618530273,15.920000076293945,16.299999237060547
2022-06-17 13:30:00+00:00,16.68000030517578,16.68000030517578,15.989999771118164,16.25
2022-06-21 13:30:00+00:00,16.190000534057617,16.479999542236328,15.970000267028809,15.989999771118164
2022-06-22 13:30:00+00:00,16.049999237060547,16.246999740600586,15.899999618530273,16.059999465942383
2022-06-23 13:30:00+00:00,16.059999465942383,16.18000030517578,15.8100004196167,16.18000030517578
2022-06-24 13:30:00+00:00,16.239999771118164,16.459999084472656,15.779999732971191,16.229999542236328
2022-06-27 13:30:00+00:00,16.3700008392334,16.639999389648438,15.960000038146973,16.149999618530273
2022-06-28 13:30:00+00:00,16.18000030517578,16.450000762939453,16.18000030517578,16.399999618530273
2022-06-29 13:30:00+00:00,16.309999465942383,16.719999313354492,16.149999618530273,16.440000534057617
2022-06-30 13:30:00+00:00,16.31999969482422,16.600000381469727,16.059999465942383,16.5
2022-07-01 13:30:00+00:00,16.600000381469727,16.739999771118164,16.340999603271484,16.43000030517578
2022-07-05 13:30:00+00:00,16.389999389648438,16.5,16.079999923706055,16.280000686645508
2022-07-06 13:30:00+00:00,16.290000915527344,16.850000381469727,16.110000610351562,16.200000762939453
2022-07-07 13:30:00+00:00,16.389999389648438,16.450000762939453,15.829999923706055,16.25
2022-07-08 13:30:00+00:00,16.1299991607666,16.299999237060547,16.049999237060547,16.209999084472656
2022-07-11 13:30:00+00:00,16.239999771118164,16.722000122070312,16.030000686645508,16.299999237060547
2022-07-12 13:30:00+00:00,16.059999465942383,16.59000015258789,16.059999465942383,16.190000534057617
2022-07-13 13:30:00+00:00,16.15999984741211,16.472000122070312,16.059999465942383,16.239999771118164
2022-07-14 13:30:00+00:00,16.149999618530273,16.459999084472656,16.0,16.229999542236328
2022-07-15 13:30:00+00:00,16.31999969482422,16.3799991607666,16.04599952697754,16.299999237060547
2022-07-18 13:30:00+00:00,16.399999618530273,17.049999237060547,16.281999588012695,16.5
2022-07-19 13:30:00+00:00,16.809999465942383,16.989999771118164,16.520000457763672,16.625
2022-07-20 13:30:00+00:00,16.829999923706055,17.270000457763672,16.799999237060547,17.200000762939453
2022-07-21 13:30:00+00:00,17.489999771118164,17.600000381469727,17.020000457763672,17.1299991607666
2022-07-22 13:30:00+00:00,17.1299991607666,17.479999542236328,16.809999465942383,16.809999465942383
2022-07-25 13:30:00+00:00,16.84000015258789,17.298999786376953,16.84000015258789,17.1200008392334
2022-07-26 13:30:00+00:00,17.0,17.285999298095703,16.81999969482422,17.030000686645508
2022-07-27 13:30:00+00:00,17.1200008392334,17.3799991607666,17.010000228881836,17.3700008392334
2022-07-28 13:30:00+00:00,17.700000762939453,17.739999771118164,17.27400016784668,17.510000228881836
2022-07-29 13:30:00+00:00,17.459999084472656,17.809999465942383,17.31999969482422,17.700000762939453
2022-08-01 13:30:00+00:00,17.649999618530273,17.90999984741211,17.56999969482422,17.65999984741211
2022-08-02 13:30:00+00:00,17.690000534057617,17.924999237060547,17.299999237060547,17.459999084472656
2022-08-03 13:30:00+00:00,17.829999923706055,18.0,17.375999450683594,17.899999618530273
2022-08-04 13:30:00+00:00,18.0,18.15999984741211,17.809999465942383,18.020000457763672
2022-08-05 13:30:00+00:00,18.030000686645508,18.200000762939453,18.020000457763672,18.15999984741211
2022-08-08 13:30:00+00:00,18.200000762939453,18.399999618530273,18.1200008392334,18.31999969482422
2022-08-09 13:30:00+00:00,18.450000762939453,18.450000762939453,18.049999237060547,18.049999237060547
2022-08-10 13:30:00+00:00,18.31999969482422,18.690000534057617,18.059999465942383,18.65999984741211
2022-08-11 13:30:00+00:00,18.6200008392334,18.65999984741211,18.058000564575195,18.190000534057617
2022-08-12 13:30:00+00:00,18.209999084472656,18.59000015258789,18.209999084472656,18.25
2022-08-15 13:30:00+00:00,18.510000228881836,18.829999923706055,18.389999389648438,18.68000030517578
2022-08-16 13:30:00+00:00,18.700000762939453,18.780000686645508,18.309999465942383,18.309999465942383
2022-08-17 13:30:00+00:00,18.40999984741211,18.514999389648438,18.209999084472656,18.299999237060547
2022-08-18 13:30:00+00:00,18.389999389648438,18.389999389648438,18.260000228881836,18.34000015258789
2022-08-19 13:30:00+00:00,18.290000915527344,18.450000762939453,18.209999084472656,18.25
2022-08-22 13:30:00+00:00,18.09000015258789,18.309999465942383,17.625999450683594,17.850000381469727
2022-08-23 13:30:00+00:00,17.75,17.959999084472656,17.450000762939453,17.5
2022-08-24 13:30:00+00:00,17.40999984741211,17.7450008392334,17.360000610351562,17.68000030517578
2022-08-25 13:30:00+00:00,17.75,17.834999084472656,17.5,17.780000686645508
2022-08-26 13:30:00+00:00,17.690000534057617,17.84000015258789,17.530000686645508,17.6299991607666
2022-08-29 13:30:00+00:00,17.540000915527344,17.549999237060547,17.31999969482422,17.479999542236328
2022-08-30 13:30:00+00:00,17.40999984741211,17.700000762939453,17.34000015258789,17.34000015258789
2022-08-31 13:30:00+00:00,17.34000015258789,17.6200008392334,17.299999237060547,17.350000381469727
2022-09-01 13:30:00+00:00,17.350000381469727,17.389999389648438,17.049999237060547,17.389999389648438
2022-09-02 13:30:00+00:00,17.399999618530273,17.450000762939453,17.100000381469727,17.229999542236328
2022-09-06 13:30:00+00:00,17.190000534057617,17.25,16.719999313354492,16.989999771118164
2022-09-07 13:30:00+00:00,16.90999984741211,17.139999389648438,16.909000396728516,17.049999237060547
2022-09-08 13:30:00+00:00,17.079999923706055,17.350000381469727,16.913999557495117,17.030000686645508
2022-09-09 13:30:00+00:00,17.100000381469727,17.399999618530273,17.049999237060547,17.200000762939453
2022-09-12 13:30:00+00:00,17.299999237060547,17.690000534057617,17.051000595092773,17.40999984741211
2022-09-13 13:30:00+00:00,17.149999618530273,17.68000030517578,17.1299991607666,17.239999771118164
2022-09-14 13:30:00+00:00,17.15999984741211,17.270000457763672,16.85300064086914,17.010000228881836
2022-09-15 13:30:00+00:00,17.0,17.25,16.90999984741211,17.079999923706055
2022-09-16 13:30:00+00:00,17.049999237060547,17.049999237060547,16.68000030517578,16.790000915527344
2022-09-19 13:30:00+00:00,16.75,16.886999130249023,16.18000030517578,16.84000015258789
2022-09-20 13:30:00+00:00,16.950000762939453,16.979999542236328,16.530000686645508,16.719999313354492
2022-09-21 13:30:00+00:00,16.829999923706055,16.90399932861328,16.5,16.719999313354492
2022-09-22 13:30:00+00:00,16.6299991607666,16.790000915527344,16.059999465942383,16.170000076293945
2022-09-23 13:30:00+00:00,15.979999542236328,16.420000076293945,15.0,15.380000114440918
2022-09-26 13:30:00+00:00,15.270000457763672,15.407999992370605,14.930000305175781,14.989999771118164
2022-09-27 13:30:00+00:00,15.020000457763672,15.182000160217285,14.760000228881836,14.850000381469727
2022-09-28 13:30:00+00:00,14.970000267028809,15.199999809265137,14.710000038146973,15.119999885559082
2022-09-29 13:30:00+00:00,14.979999542236328,15.032999992370605,14.710000038146973,14.75
2022-09-30 13:30:00+00:00,14.710000038146973,15.17300033569336,14.513999938964844,14.949999809265137
2022-10-03 13:30:00+00:00,14.979999542236328,15.470000267028809,14.859000205993652,15.319999694824219
2022-10-04 13:30:00+00:00,15.380000114440918,15.899999618530273,15.380000114440918,15.494999885559082
2022-10-05 13:30:00+00:00,15.489999771118164,15.739999771118164,15.260000228881836,15.649999618530273
2022-10-06 13:30:00+00:00,15.649999618530273,15.880000114440918,15.522000312805176,15.574999809265137
2022-10-07 13:30:00+00:00,15.539999961853027,15.75,15.050000190734863,15.229999542236328
2022-10-10 13:30:00+00:00,15.25,15.395999908447266,15.010000228881836,15.109999656677246
2022-10-11 13:30:00+00:00,15.15999984741211,15.25,14.92199993133545,15.0649995803833
2022-10-12 13:30:00+00:00,15.0600004196167,15.119999885559082,14.729999542236328,14.90999984741211
2022-10-13 13:30:00+00:00,14.420000076293945,15.039999961853027,14.420000076293945,14.720000267028809
2022-10-14 13:30:00+00:00,14.789999961853027,14.989999771118164,14.590999603271484,14.800000190734863
2022-10-17 13:30:00+00:00,14.84000015258789,14.970000267028809,14.619999885559082,14.8100004196167
2022-10-18 13:30:00+00:00,14.869999885559082,15.420000076293945,14.739999771118164,14.960000038146973
2022-10-19 13:30:00+00:00,15.180000305175781,15.277000427246094,14.720000267028809,14.899999618530273
2022-10-20 13:30:00+00:00,15.140000343322754,15.430000305175781,14.75,14.960000038146973
2022-10-21 13:30:00+00:00,14.960000038146973,15.489999771118164,14.75,15.34000015258789
2022-10-24 13:30:00+00:00,15.489999771118164,15.489999771118164,15.039999961853027,15.1899995803833
2022-10-25 13:30:00+00:00,15.270000457763672,15.680000305175781,14.890000343322754,15.619999885559082
2022-10-26 13:30:00+00:00,15.470000267028809,15.789999961853027,15.385000228881836,15.430000305175781
2022-10-27 13:30:00+00:00,15.4399995803833,15.670999526977539,15.199999809265137,15.380000114440918
2022-10-28 13:30:00+00:00,15.3100004196167,15.789999961853027,15.3100004196167,15.779999732971191
2022-10-31 13:30:00+00:00,15.729999542236328,15.760000228881836,15.430000305175781,15.75
2022-11-01 13:30:00+00:00,15.75,15.779999732971191,15.550000190734863,15.609999656677246
2022-11-02 13:30:00+00:00,15.550000190734863,15.78499984741211,15.420000076293945,15.720000267028809
2022-11-03 13:30:00+00:00,15.619999885559082,15.619999885559082,15.329999923706055,15.4399995803833
2022-11-04 13:30:00+00:00,15.4399995803833,15.640000343322754,15.210000038146973,15.350000381469727
2022-11-07 14:30:00+00:00,15.420000076293945,15.699999809265137,15.119999885559082,15.529999732971191
2022-11-08 14:30:00+00:00,15.619999885559082,15.744999885559082,15.390000343322754,15.550000190734863
2022-11-09 14:30:00+00:00,15.550000190734863,15.654999732971191,15.25,15.430000305175781
2022-11-10 14:30:00+00:00,15.59000015258789,15.880000114440918,15.369000434875488,15.760000228881836
2022-11-11 14:30:00+00:00,15.800000190734863,16.079999923706055,15.579999923706055,15.670000076293945
2022-11-14 14:30:00+00:00,15.729999542236328,15.9350004196167,15.399999618530273,15.479999542236328
2022-11-15 14:30:00+00:00,15.699999809265137,15.970000267028809,15.640000343322754,15.789999961853027
2022-11-16 14:30:00+00:00,15.729999542236328,16.0,15.199999809265137,15.729999542236328
2022-11-17 14:30:00+00:00,15.729999542236328,15.850000381469727,15.5,15.640000343322754
2022-11-18 14:30:00+00:00,15.880000114440918,15.970000267028809,15.59000015258789,15.680000305175781
2022-11-21 14:30:00+00:00,15.789999961853027,15.789999961853027,15.5,15.569999694824219
2022-11-22 14:30:00+00:00,15.529999732971191,15.949999809265137,15.529999732971191,15.710000038146973
2022-11-23 14:30:00+00:00,15.819999694824219,16.030000686645508,15.765000343322754,15.989999771118164
2022-11-25 14:30:00+00:00,16.049999237060547,16.31999969482422,15.930000305175781,16.190000534057617
2022-11-28 14:30:00+00:00,16.25,16.25,15.899999618530273,16.0
2022-11-29 14:30:00+00:00,15.9399995803833,16.100000381469727,15.899999618530273,16.010000228881836
2022-11-30 14:30:00+00:00,15.9399995803833,16.420000076293945,15.84000015258789,16.219999313354492
2022-12-01 14:30:00+00:00,16.270000457763672,16.649999618530273,16.200000762939453,16.399999618530273
2022-12-02 14:30:00+00:00,16.200000762939453,16.4689998626709,16.200000762939453,16.3700008392334
2022-12-05 14:30:00+00:00,16.25,16.350000381469727,15.859999656677246,16.049999237060547
2022-12-06 14:30:00+00:00,16.0,16.209999084472656,15.850000381469727,16.09000015258789
2022-12-07 14:30:00+00:00,16.0,16.15999984741211,15.829999923706055,15.9399995803833
2022-12-08 14:30:00+00:00,16.0,16.139999389648438,15.899999618530273,15.949999809265137
2022-12-09 14:30:00+00:00,15.710000038146973,15.89900016784668,15.550000190734863,15.680000305175781
2022-12-12 14:30:00+00:00,15.680000305175781,15.899999618530273,15.5649995803833,15.609999656677246
2022-12-13 14:30:00+00:00,15.819999694824219,16.139999389648438,15.77400016784668,15.920000076293945
2022-12-14 14:30:00+00:00,15.989999771118164,16.0,15.770000457763672,15.899999618530273
2022-12-15 14:30:00+00:00,15.84000015258789,15.880000114440918,15.670000076293945,15.699999809265137
2022-12-16 14:30:00+00:00,15.640000343322754,16.1200008392334,15.460000038146973,16.0
2022-12-19 14:30:00+00:00,16.010000228881836,16.079999923706055,15.54800033569336,15.640000343322754
2022-12-20 14:30:00+00:00,15.670000076293945,15.739999771118164,15.359999656677246,15.399999618530273
2022-12-21 14:30:00+00:00,15.470000267028809,15.694999694824219,15.345000267028809,15.4399995803833
2022-12-22 14:30:00+00:00,15.40999984741211,15.59000015258789,15.279000282287598,15.449999809265137
2022-12-23 14:30:00+00:00,15.449999809265137,15.678999900817871,15.300000190734863,15.380000114440918
2022-12-27 14:30:00+00:00,15.279999732971191,15.489999771118164,15.220000267028809,15.239999771118164
2022-12-28 14:30:00+00:00,15.270000457763672,15.345000267028809,15.010000228881836,15.130000114440918
2022-12-29 14:30:00+00:00,15.65999984741211,15.65999984741211,15.0600004196167,15.260000228881836
2022-12-30 14:30:00+00:00,15.140000343322754,15.406000137329102,15.010000228881836,15.1899995803833
2023-01-03 14:30:00+00:00,15.350000381469727,15.470000267028809,15.050000190734863,15.295000076293945
2023-01-04 14:30:00+00:00,15.380000114440918,15.739999771118164,15.364999771118164,15.460000038146973
2023-01-05 14:30:00+00:00,15.449999809265137,15.680000305175781,15.270000457763672,15.479999542236328
2023-01-06 14:30:00+00:00,15.569999694824219,15.701000213623047,15.359999656677246,15.5
2023-01-09 14:30:00+00:00,15.609999656677246,15.725000381469727,15.585000038146973,15.640000343322754
2023-01-10 14:30:00+00:00,15.65999984741211,16.020000457763672,15.515000343322754,15.795000076293945
2023-01-11 14:30:00+00:00,15.880000114440918,16.125,15.859999656677246,16.020000457763672
2023-01-12 14:30:00+00:00,16.059999465942383,16.1200008392334,15.956000328063965,16.100000381469727
2023-01-13 14:30:00+00:00,16.149999618530273,16.43000030517578,15.996999740600586,16.31999969482422
2023-01-17 14:30:00+00:00,16.3700008392334,16.780000686645508,16.1299991607666,16.239999771118164
2023-01-18 14:30:00+00:00,16.280000686645508,16.8799991607666,16.110000610351562,16.18000030517578
2023-01-19 14:30:00+00:00,16.110000610351562,16.149999618530273,16.0,16.049999237060547
2023-01-20 14:30:00+00:00,16.1299991607666,16.450000762939453,16.049999237060547,16.229999542236328
2023-01-23 14:30:00+00:00,16.280000686645508,16.604999542236328,16.280000686645508,16.43000030517578
2023-01-24 14:30:00+00:00,16.56999969482422,16.649999618530273,16.450000762939453,16.56999969482422
2023-01-25 14:30:00+00:00,16.559999465942383,16.649999618530273,16.260000228881836,16.649999618530273
2023-01-26 14:30:00+00:00,16.649999618530273,16.75,16.479999542236328,16.65999984741211
2023-01-27 14:30:00+00:00,16.65999984741211,16.719999313354492,16.489999771118164,16.610000610351562
2023-01-30 14:30:00+00:00,16.600000381469727,16.829999923706055,16.350000381469727,16.6200008392334
2023-01-31 14:30:00+00:00,16.739999771118164,16.940000534057617,16.600000381469727,16.860000610351562
2023-02-01 14:30:00+00:00,16.780000686645508,17.1299991607666,16.649999618530273,16.93899917602539
2023-02-02 14:30:00+00:00,17.139999389648438,17.350000381469727,17.066999435424805,17.09000015258789
2023-02-03 14:30:00+00:00,16.959999084472656,17.239999771118164,16.791000366210938,17.100000381469727
2023-02-06 14:30:00+00:00,16.979999542236328,17.07699966430664,16.6299991607666,16.68000030517578
2023-02-07 14:30:00+00:00,16.780000686645508,17.027999877929688,16.770000457763672,16.8799991607666
2023-02-08 14:30:00+00:00,16.75,17.079999923706055,16.700000762939453,16.90999984741211
2023-02-09 14:30:00+00:00,16.940000534057617,17.149999618530273,16.719999313354492,16.729999542236328
2023-02-10 14:30:00+00:00,16.649999618530273,16.899999618530273,16.600000381469727,16.68000030517578
2023-02-13 14:30:00+00:00,16.600000381469727,16.874000549316406,16.600000381469727,16.68000030517578
2023-02-14 14:30:00+00:00,16.600000381469727,16.799999237060547,16.454999923706055,16.579999923706055
2023-02-15 14:30:00+00:00,16.65999984741211,17.010000228881836,16.4950008392334,16.8700008392334
2023-02-16 14:30:00+00:00,16.799999237060547,16.829999923706055,16.600000381469727,16.760000228881836
2023-02-17 14:30:00+00:00,16.850000381469727,17.020000457763672,16.541000366210938,16.670000076293945
2023-02-21 14:30:00+00:00,16.75,16.75,16.049999237060547,16.139999389648438
2023-02-22 14:30:00+00:00,16.200000762939453,16.395000457763672,16.049999237060547,16.190000534057617
2023-02-23 14:30:00+00:00,16.219999313354492,16.30500030517578,16.079999923706055,16.18000030517578
2023-02-24 14:30:00+00:00,16.049999237060547,16.36400032043457,16.049999237060547,16.170000076293945
2023-02-27 14:30:00+00:00,16.350000381469727,16.3799991607666,16.139999389648438,16.229999542236328
2023-02-28 14:30:00+00:00,16.260000228881836,16.440000534057617,16.25,16.329999923706055
2023-03-01 14:30:00+00:00,16.399999618530273,16.440000534057617,16.15999984741211,16.31999969482422
2023-03-02 14:30:00+00:00,16.25,16.299999237060547,16.149999618530273,16.25
2023-03-03 14:30:00+00:00,16.260000228881836,16.610000610351562,16.260000228881836,16.420000076293945
2023-03-06 14:30:00+00:00,16.420000076293945,16.68899917602539,16.270000457763672,16.34000015258789
2023-03-07 14:30:00+00:00,16.350000381469727,16.549999237060547,16.239999771118164,16.290000915527344
2023-03-08 14:30:00+00:00,16.260000228881836,16.385000228881836,16.260000228881836,16.290000915527344
2023-03-09 14:30:00+00:00,16.299999237060547,16.31999969482422,15.954999923706055,16.010000228881836
2023-03-10 14:30:00+00:00,16.1200008392334,16.170000076293945,15.770000457763672,15.859999656677246
2023-03-13 13:30:00+00:00,15.630000114440918,15.630000114440918,15.199999809265137,15.329999923706055
2023-03-14 13:30:00+00:00,15.489999771118164,15.489999771118164,15.140000343322754,15.260000228881836
2023-03-15 13:30:00+00:00,15.039999961853027,15.199999809265137,14.770000457763672,14.829999923706055
2023-03-16 13:30:00+00:00,14.859999656677246,15.0600004196167,14.725000381469727,15.020000457763672
2023-03-17 13:30:00+00:00,15.039999961853027,15.039999961853027,14.75,14.779999732971191
2023-03-20 13:30:00+00:00,15.079999923706055,15.130000114440918,14.835000038146973,14.9399995803833
2023-03-21 13:30:00+00:00,14.979999542236328,15.149999618530273,14.890000343322754,14.90999984741211
2023-03-22 13:30:00+00:00,14.989999771118164,15.07800006866455,14.90999984741211,14.9399995803833
2023-03-23 13:30:00+00:00,15.039999961853027,15.079999923706055,14.899999618530273,14.899999618530273
2023-03-24 13:30:00+00:00,14.979999542236328,15.029999732971191,14.880000114440918,14.949999809265137
2023-03-27 13:30:00+00:00,15.039999961853027,15.079999923706055,14.864999771118164,15.050000190734863
2023-03-28 13:30:00+00:00,14.960000038146973,15.109999656677246,14.800000190734863,15.039999961853027
2023-03-29 13:30:00+00:00,15.140000343322754,15.220000267028809,15.020000457763672,15.220000267028809
2023-03-30 13:30:00+00:00,15.3100004196167,15.3100004196167,14.869999885559082,15.170000076293945
2023-03-31 13:30:00+00:00,15.229999542236328,15.5,15.100000381469727,15.449999809265137
2023-04-03 13:30:00+00:00,15.520000457763672,15.65999984741211,15.210000038146973,15.270000457763672
2023-04-04 13:30:00+00:00,15.670000076293945,15.680000305175781,15.399999618530273,15.399999618530273
2023-04-05 13:30:00+00:00,15.40999984741211,15.739999771118164,15.399999618530273,15.479999542236328
2023-04-06 13:30:00+00:00,15.449999809265137,15.579999923706055,15.279999732971191,15.579999923706055
2023-04-10 13:30:00+00:00,15.430000305175781,15.670000076293945,15.380000114440918,15.569999694824219
2023-04-11 13:30:00+00:00,15.65999984741211,16.06999969482422,15.489999771118164,15.6899995803833
2023-04-12 13:30:00+00:00,15.6899995803833,15.885000228881836,15.609999656677246,15.630000114440918
2023-04-13 13:30:00+00:00,15.600000381469727,15.890000343322754,15.5,15.640000343322754
2023-04-14 13:30:00+00:00,15.630000114440918,15.640000343322754,15.020000457763672,15.289999961853027
2023-04-17 13:30:00+00:00,15.420000076293945,16.031999588012695,15.03499984741211,15.359999656677246
2023-04-18 13:30:00+00:00,15.510000228881836,15.635000228881836,15.359999656677246,15.40999984741211
2023-04-19 13:30:00+00:00,15.5600004196167,15.59000015258789,15.229999542236328,15.5
2023-04-20 13:30:00+00:00,15.579999923706055,15.75,15.449999809265137,15.449999809265137
2023-04-21 13:30:00+00:00,15.460000038146973,15.598999977111816,15.3100004196167,15.470000267028809
2023-04-24 13:30:00+00:00,15.520000457763672,15.630000114440918,15.399999618530273,15.579999923706055
2023-04-25 13:30:00+00:00,15.5600004196167,15.645999908447266,15.199999809265137,15.380000114440918
2023-04-26 13:30:00+00:00,15.239999771118164,15.539999961853027,15.109999656677246,15.109999656677246
2023-04-27 13:30:00+00:00,15.239999771118164,15.279999732971191,14.9399995803833,15.260000228881836
2023-04-28 13:30:00+00:00,15.25,15.4399995803833,15.100000381469727,15.279999732971191
2023-05-01 13:30:00+00:00,15.210000038146973,15.350000381469727,15.170000076293945,15.3100004196167
2023-05-02 13:30:00+00:00,15.390000343322754,15.390000343322754,15.010000228881836,15.140000343322754
2023-05-03 13:30:00+00:00,15.1899995803833,15.329999923706055,15.029999732971191,15.289999961853027
2023-05-04 13:30:00+00:00,15.270000457763672,15.279999732971191,14.800000190734863,14.869999885559082
2023-05-05 13:30:00+00:00,15.029999732971191,15.194000244140625,14.829999923706055,15.09000015258789
2023-05-08 13:30:00+00:00,15.130000114440918,15.319999694824219,14.899999618530273,15.220000267028809
2023-05-09 13:30:00+00:00,15.25,15.25,14.859999656677246,15.229999542236328
2023-05-10 13:30:00+00:00,15.279999732971191,15.329999923706055,15.020000457763672,15.069999694824219
2023-05-11 13:30:00+00:00,14.920000076293945,14.960000038146973,14.760000228881836,14.914999961853027
2023-05-12 13:30:00+00:00,14.899999618530273,15.029999732971191,14.75,14.829999923706055
2023-05-15 13:30:00+00:00,14.829999923706055,14.859999656677246,14.725000381469727,14.850000381469727
2023-05-16 13:30:00+00:00,14.850000381469727,14.970000267028809,14.744000434875488,14.850000381469727
2023-05-17 13:30:00+00:00,14.850000381469727,14.970000267028809,14.699999809265137,14.84000015258789
2023-05-18 13:30:00+00:00,14.9399995803833,15.246999740600586,14.890000343322754,15.050000190734863
2023-05-19 13:30:00+00:00,15.039999961853027,15.204999923706055,14.899999618530273,14.979999542236328
2023-05-22 13:30:00+00:00,15.0,15.199999809265137,14.890000343322754,15.010000228881836
2023-05-23 13:30:00+00:00,15.09000015258789,15.09000015258789,14.819999694824219,14.970000267028809
2023-05-24 13:30:00+00:00,14.979999542236328,14.979999542236328,14.699999809265137,14.710000038146973
2023-05-25 13:30:00+00:00,14.729999542236328,14.835000038146973,14.550000190734863,14.779999732971191
2023-05-26 13:30:00+00:00,14.779999732971191,14.819999694824219,14.520000457763672,14.819999694824219
2023-05-30 13:30:00+00:00,14.850000381469727,14.9399995803833,14.539999961853027,14.770000457763672
2023-05-31 13:30:00+00:00,14.6899995803833,14.989999771118164,14.59000015258789,14.770000457763672
2023-06-01 13:30:00+00:00,14.729999542236328,14.960000038146973,14.649999618530273,14.6899995803833
2023-06-02 13:30:00+00:00,14.859999656677246,14.90999984741211,14.75,14.90999984741211
2023-06-05 13:30:00+00:00,14.9399995803833,15.09000015258789,14.850000381469727,15.079999923706055
2023-06-06 13:30:00+00:00,15.010000228881836,15.319999694824219,14.911999702453613,15.180000305175781
2023-06-07 13:30:00+00:00,15.289999961853027,15.34000015258789,15.123000144958496,15.3100004196167
2023-06-08 13:30:00+00:00,15.25,15.380000114440918,15.25,15.300000190734863
2023-06-09 13:30:00+00:00,15.199999809265137,15.239999771118164,15.069000244140625,15.239999771118164
2023-06-12 13:30:00+00:00,15.239999771118164,15.347999572753906,15.170000076293945,15.199999809265137
2023-06-13 13:30:00+00:00,15.210000038146973,15.4399995803833,15.210000038146973,15.300000190734863
2023-06-14 13:30:00+00:00,15.319999694824219,15.449999809265137,15.170000076293945,15.300000190734863
2023-06-15 13:30:00+00:00,15.210000038146973,15.630000114440918,15.210000038146973,15.5
2023-06-16 13:30:00+00:00,15.720000267028809,15.75,15.420000076293945,15.489999771118164
2023-06-20 13:30:00+00:00,15.40999984741211,15.586999893188477,15.265000343322754,15.380000114440918
2023-06-21 13:30:00+00:00,15.319999694824219,15.510000228881836,15.130000114440918,15.239999771118164
2023-06-22 13:30:00+00:00,15.210000038146973,15.359999656677246,15.210000038146973,15.300000190734863
2023-06-23 13:30:00+00:00,15.15999984741211,15.390000343322754,15.09000015258789,15.180000305175781
2023-06-26 13:30:00+00:00,15.119999885559082,15.416000366210938,15.119999885559082,15.1899995803833
2023-06-27 13:30:00+00:00,15.149999618530273,15.359999656677246,15.119999885559082,15.220000267028809
2023-06-28 13:30:00+00:00,15.260000228881836,15.40999984741211,15.170000076293945,15.329999923706055
2023-06-29 13:30:00+00:00,15.319999694824219,15.505000114440918,15.319999694824219,15.350000381469727
2023-06-30 13:30:00+00:00,15.3100004196167,15.619999885559082,15.3100004196167,15.470000267028809
2023-07-03 13:30:00+00:00,15.630000114440918,15.75,15.479999542236328,15.720000267028809
2023-07-05 13:30:00+00:00,15.6899995803833,15.760000228881836,15.40999984741211,15.520000457763672
2023-07-06 13:30:00+00:00,15.5,15.692999839782715,15.295000076293945,15.40999984741211
2023-07-07 13:30:00+00:00,15.449999809265137,15.539999961853027,15.270000457763672,15.489999771118164
2023-07-10 13:30:00+00:00,15.329999923706055,15.550000190734863,15.260000228881836,15.479999542236328
2023-07-11 13:30:00+00:00,15.380000114440918,15.630000114440918,15.380000114440918,15.619999885559082
2023-07-12 13:30:00+00:00,15.680000305175781,15.829999923706055,15.520000457763672,15.770000457763672
2023-07-13 13:30:00+00:00,15.609999656677246,15.850000381469727,15.550000190734863,15.729999542236328
2023-07-14 13:30:00+00:00,15.789999961853027,15.850000381469727,15.34000015258789,15.40999984741211
2023-07-17 13:30:00+00:00,15.470000267028809,15.59000015258789,15.293999671936035,15.510000228881836
2023-07-18 13:30:00+00:00,15.550000190734863,15.699999809265137,15.489999771118164,15.680000305175781
2023-07-19 13:30:00+00:00,15.8100004196167,15.8100004196167,15.704999923706055,15.800000190734863
2023-07-20 13:30:00+00:00,15.84000015258789,15.890000343322754,15.699999809265137,15.699999809265137
2023-07-21 13:30:00+00:00,15.710000038146973,16.110000610351562,15.619999885559082,15.770000457763672
2023-07-24 13:30:00+00:00,15.9399995803833,15.9399995803833,15.819999694824219,15.885000228881836
2023-07-25 13:30:00+00:00,15.899999618530273,15.920000076293945,15.609999656677246,15.699999809265137
2023-07-26 13:30:00+00:00,15.760000228881836,15.78499984741211,15.510000228881836,15.5649995803833
2023-07-27 13:30:00+00:00,15.569999694824219,15.729999542236328,15.449999809265137,15.5
2023-07-28 13:30:00+00:00,15.579999923706055,15.720000267028809,15.579999923706055,15.710000038146973
2023-07-31 13:30:00+00:00,15.760000228881836,15.800000190734863,15.670000076293945,15.739999771118164
2023-08-01 13:30:00+00:00,15.770000457763672,15.770000457763672,15.5,15.600000381469727
2023-08-02 13:30:00+00:00,15.600000381469727,15.677000045776367,15.40999984741211,15.40999984741211
2023-08-03 13:30:00+00:00,15.460000038146973,15.569999694824219,15.270000457763672,15.270000457763672
2023-08-04 13:30:00+00:00,15.369999885559082,15.460000038146973,15.319999694824219,15.329999923706055
2023-08-07 13:30:00+00:00,15.430000305175781,15.5,15.364999771118164,15.399999618530273
2023-08-08 13:30:00+00:00,15.260000228881836,15.550000190734863,15.260000228881836,15.399999618530273
2023-08-09 13:30:00+00:00,15.4399995803833,15.600000381469727,15.359999656677246,15.380000114440918
2023-08-10 13:30:00+00:00,15.300000190734863,15.538999557495117,15.25,15.25
2023-08-11 13:30:00+00:00,15.3100004196167,15.369999885559082,15.229999542236328,15.319999694824219
2023-08-14 13:30:00+00:00,15.289999961853027,15.430000305175781,15.270000457763672,15.399999618530273
2023-08-15 13:30:00+00:00,15.399999618530273,15.539999961853027,15.324000358581543,15.470000267028809
2023-08-16 13:30:00+00:00,15.550000190734863,15.5600004196167,15.406999588012695,15.430000305175781
2023-08-17 13:30:00+00:00,15.65999984741211,15.760000228881836,15.369999885559082,15.369999885559082
2023-08-18 13:30:00+00:00,15.350000381469727,15.420000076293945,15.168999671936035,15.359999656677246
2023-08-21 13:30:00+00:00,15.359999656677246,15.640000343322754,15.25,15.369999885559082
2023-08-22 13:30:00+00:00,15.40999984741211,15.420000076293945,15.232000350952148,15.3100004196167
2023-08-23 13:30:00+00:00,15.260000228881836,15.489999771118164,15.204999923706055,15.430000305175781
2023-08-24 13:30:00+00:00,15.479999542236328,15.5,15.220000267028809,15.260000228881836
2023-08-25 13:30:00+00:00,15.369999885559082,15.369999885559082,15.220000267028809,15.319999694824219
2023-08-28 13:30:00+00:00,15.279999732971191,15.350000381469727,15.25,15.300000190734863
2023-08-29 13:30:00+00:00,15.34000015258789,15.430000305175781,15.220000267028809,15.319999694824219
2023-08-30 13:30:00+00:00,15.34000015258789,15.369999885559082,15.279999732971191,15.300000190734863
2023-08-31 13:30:00+00:00,15.3100004196167,15.539999961853027,15.251999855041504,15.270000457763672
2023-09-01 13:30:00+00:00,15.300000190734863,15.468000411987305,15.25,15.300000190734863
2023-09-05 13:30:00+00:00,15.050000190734863,15.375,15.050000190734863,15.140000343322754
2023-09-06 13:30:00+00:00,15.140000343322754,15.407999992370605,15.069999694824219,15.289999961853027
2023-09-07 13:30:00+00:00,15.3100004196167,15.359999656677246,15.210000038146973,15.34000015258789
2023-09-08 13:30:00+00:00,15.430000305175781,15.5,15.255000114440918,15.369999885559082
2023-09-11 13:30:00+00:00,15.329999923706055,15.395000457763672,15.199999809265137,15.229999542236328
2023-09-12 13:30:00+00:00,15.270000457763672,15.279999732971191,15.0600004196167,15.180000305175781
2023-09-13 13:30:00+00:00,15.119999885559082,15.175000190734863,14.869999885559082,14.90999984741211
2023-09-14 13:30:00+00:00,14.90999984741211,15.109999656677246,14.795000076293945,14.84000015258789
2023-09-15 13:30:00+00:00,14.899999618530273,14.930000305175781,14.65999984741211,14.75
2023-09-18 13:30:00+00:00,14.890000343322754,14.970000267028809,14.779999732971191,14.90999984741211
2023-09-19 13:30:00+00:00,14.960000038146973,14.994999885559082,14.869999885559082,14.880000114440918
2023-09-20 13:30:00+00:00,15.079999923706055,15.079999923706055,14.829999923706055,14.869999885559082
2023-09-21 13:30:00+00:00,14.720000267028809,14.859999656677246,14.710000038146973,14.710000038146973
2023-09-22 13:30:00+00:00,14.789999961853027,14.894000053405762,14.75,14.819999694824219
2023-09-25 13:30:00+00:00,14.779999732971191,14.868000030517578,14.633000373840332,14.680000305175781
2023-09-26 13:30:00+00:00,14.680000305175781,14.803000450134277,14.579999923706055,14.579999923706055
2023-09-27 13:30:00+00:00,14.720000267028809,14.75,14.600000381469727,14.645000457763672
2023-09-28 13:30:00+00:00,14.579999923706055,14.640000343322754,14.529999732971191,14.5600004196167
2023-09-29 13:30:00+00:00,14.609999656677246,14.829999923706055,14.609999656677246,14.789999961853027
2023-10-02 13:30:00+00:00,14.84000015258789,14.84000015258789,14.579999923706055,14.619999885559082
2023-10-03 13:30:00+00:00,14.489999771118164,14.829999923706055,13.90999984741211,14.25
2023-10-04 13:30:00+00:00,14.1899995803833,14.338000297546387,14.119999885559082,14.25
2023-10-05 13:30:00+00:00,14.210000038146973,14.550999641418457,14.210000038146973,14.460000038146973
2023-10-06 13:30:00+00:00,14.3100004196167,14.77400016784668,14.3100004196167,14.420000076293945
2023-10-09 13:30:00+00:00,14.449999809265137,14.75,14.319999694824219,14.539999961853027
2023-10-10 13:30:00+00:00,14.670000076293945,14.699999809265137,14.359999656677246,14.5600004196167
2023-10-11 13:30:00+00:00,14.479999542236328,14.640000343322754,14.479999542236328,14.550000190734863
2023-10-12 13:30:00+00:00,14.40999984741211,14.40999984741211,14.119999885559082,14.15999984741211
2023-10-13 13:30:00+00:00,14.210000038146973,14.25,13.920000076293945,13.930000305175781
2023-10-16 13:30:00+00:00,13.979999542236328,14.289999961853027,13.930000305175781,14.170000076293945
2023-10-17 13:30:00+00:00,14.109999656677246,14.300000190734863,14.001999855041504,14.100000381469727
2023-10-18 13:30:00+00:00,14.1899995803833,14.1899995803833,13.970000267028809,14.020000457763672
2023-10-19 13:30:00+00:00,14.149999618530273,14.1899995803833,13.880000114440918,13.930000305175781
2023-10-20 13:30:00+00:00,13.880000114440918,13.97700023651123,13.770000457763672,13.829999923706055
2023-10-23 13:30:00+00:00,13.720000267028809,13.949999809265137,13.65999984741211,13.710000038146973
2023-10-24 13:30:00+00:00,13.729999542236328,13.930000305175781,13.59000015258789,13.859999656677246
2023-10-25 13:30:00+00:00,13.899999618530273,13.899999618530273,13.460000038146973,13.5
2023-10-26 13:30:00+00:00,13.4399995803833,13.609999656677246,13.4399995803833,13.529999732971191
2023-10-27 13:30:00+00:00,13.520000457763672,13.649999618530273,13.4399995803833,13.4399995803833
2023-10-30 13:30:00+00:00,13.390000343322754,13.710000038146973,13.170000076293945,13.699999809265137
2023-10-31 13:30:00+00:00,13.699999809265137,13.789999961853027,13.609999656677246,13.729999542236328
2023-11-01 13:30:00+00:00,13.770000457763672,14.039999961853027,13.760000228881836,14.0
2023-11-02 13:30:00+00:00,14.050000190734863,14.119999885559082,14.0,14.09000015258789
2023-11-03 13:30:00+00:00,14.229999542236328,14.510000228881836,14.199999809265137,14.380000114440918
2023-11-06 14:30:00+00:00,14.470000267028809,14.479999542236328,14.020000457763672,14.149999618530273
2023-11-07 14:30:00+00:00,14.229999542236328,14.470000267028809,14.210000038146973,14.390000343322754
2023-11-08 14:30:00+00:00,14.479999542236328,14.489999771118164,14.029999732971191,14.069999694824219
2023-11-09 14:30:00+00:00,14.279999732971191,14.279999732971191,13.989999771118164,14.039999961853027
2023-11-10 14:30:00+00:00,14.100000381469727,14.369999885559082,14.100000381469727,14.369999885559082
2023-11-13 14:30:00+00:00,14.40999984741211,14.859999656677246,14.15999984741211,14.305000305175781
2023-11-14 14:30:00+00:00,14.5,14.619999885559082,14.338000297546387,14.550000190734863
2023-11-15 14:30:00+00:00,14.550000190734863,14.550000190734863,14.199999809265137,14.289999961853027
2023-11-16 14:30:00+00:00,14.279999732971191,14.579000473022461,14.270000457763672,14.319999694824219
2023-11-17 14:30:00+00:00,14.569999694824219,14.600000381469727,14.34000015258789,14.390000343322754
2023-11-20 14:30:00+00:00,14.390000343322754,14.649999618530273,13.770000457763672,14.550000190734863
2023-11-21 14:30:00+00:00,14.40999984741211,14.640000343322754,14.40999984741211,14.5
2023-11-22 14:30:00+00:00,14.489999771118164,14.704999923706055,14.489999771118164,14.550999641418457
2023-11-24 14:30:00+00:00,14.380000114440918,14.699999809265137,14.380000114440918,14.569999694824219
2023-11-27 14:30:00+00:00,14.5,14.640000343322754,14.470000267028809,14.600000381469727
2023-11-28 14:30:00+00:00,14.59000015258789,14.720000267028809,14.59000015258789,14.619999885559082
2023-11-29 14:30:00+00:00,14.600000381469727,14.65999984741211,14.4399995803833,14.460000038146973
2023-11-30 14:30:00+00:00,14.4399995803833,14.600000381469727,14.4399995803833,14.579999923706055
2023-12-01 14:30:00+00:00,14.420000076293945,14.670000076293945,14.420000076293945,14.630000114440918
2023-12-04 14:30:00+00:00,14.510000228881836,14.619999885559082,14.380000114440918,14.460000038146973
2023-12-05 14:30:00+00:00,14.5,14.550000190734863,14.300000190734863,14.329999923706055
2023-12-06 14:30:00+00:00,14.329999923706055,14.670000076293945,14.3100004196167,14.319999694824219
2023-12-07 14:30:00+00:00,14.390000343322754,14.890000343322754,14.350000381469727,14.539999961853027
2023-12-08 14:30:00+00:00,14.579999923706055,14.734999656677246,14.529999732971191,14.529999732971191
2023-12-11 14:30:00+00:00,14.40999984741211,14.5600004196167,14.369999885559082,14.40999984741211
2023-12-12 14:30:00+00:00,14.380000114440918,14.515000343322754,14.229999542236328,14.40999984741211
2023-12-13 14:30:00+00:00,14.420000076293945,14.550000190734863,14.40999984741211,14.520000457763672
2023-12-14 14:30:00+00:00,14.489999771118164,14.779999732971191,14.489999771118164,14.739999771118164
2023-12-15 14:30:00+00:00,14.800000190734863,14.899999618530273,14.59000015258789,14.774999618530273
2023-12-18 14:30:00+00:00,14.859999656677246,14.9399995803833,14.550000190734863,14.680000305175781
2023-12-19 14:30:00+00:00,14.699999809265137,14.890000343322754,14.699999809265137,14.869999885559082
2023-12-20 14:30:00+00:00,14.850000381469727,14.930000305175781,14.70199966430664,14.84000015258789
2023-12-21 14:30:00+00:00,14.930000305175781,14.949999809265137,14.649999618530273,14.699999809265137
2023-12-22 14:30:00+00:00,14.760000228881836,14.930000305175781,14.739999771118164,14.75
2023-12-26 14:30:00+00:00,14.729999542236328,15.14900016784668,14.729999542236328,14.925000190734863
2023-12-27 14:30:00+00:00,14.930000305175781,15.239999771118164,14.800000190734863,14.8149995803833
2023-12-28 14:30:00+00:00,14.699999809265137,14.782999992370605,14.420000076293945,14.529999732971191
2023-12-29 14:30:00+00:00,14.390000343322754,14.65999984741211,14.390000343322754,14.449999809265137
2024-01-02 14:30:00+00:00,14.449999809265137,14.699999809265137,14.411999702453613,14.520000457763672
2024-01-03 14:30:00+00:00,14.520000457763672,14.663000106811523,14.479999542236328,14.619999885559082
2024-01-04 14:30:00+00:00,14.520000457763672,14.789999961853027,14.520000457763672,14.789999961853027
2024-01-05 14:30:00+00:00,14.9399995803833,14.996000289916992,14.630999565124512,14.84000015258789
2024-01-08 14:30:00+00:00,14.84000015258789,15.109000205993652,14.84000015258789,15.050000190734863
2024-01-09 14:30:00+00:00,15.029999732971191,15.109999656677246,15.0,15.0600004196167
2024-01-10 14:30:00+00:00,14.930000305175781,15.140000343322754,14.930000305175781,15.069999694824219
2024-01-11 14:30:00+00:00,15.170000076293945,15.225000381469727,15.053999900817871,15.130000114440918
2024-01-12 14:30:00+00:00,15.239999771118164,15.369999885559082,15.029999732971191,15.145000457763672
2024-01-16 14:30:00+00:00,15.180000305175781,15.1899995803833,14.869999885559082,14.920000076293945
2024-01-17 14:30:00+00:00,14.9399995803833,14.9399995803833,14.569999694824219,14.720000267028809
2024-01-18 14:30:00+00:00,14.760000228881836,14.90999984741211,14.760000228881836,14.880000114440918
2024-01-19 14:30:00+00:00,14.949999809265137,14.970000267028809,14.770000457763672,14.944999694824219
2024-01-22 14:30:00+00:00,14.9399995803833,15.020000457763672,14.800000190734863,14.960000038146973
2024-01-23 14:30:00+00:00,14.890000343322754,14.944999694824219,14.760000228881836,14.789999961853027
2024-01-24 14:30:00+00:00,14.829999923706055,14.949999809265137,14.699999809265137,14.789999961853027
2024-01-25 14:30:00+00:00,14.760000228881836,14.979999542236328,14.760000228881836,14.949999809265137
2024-01-26 14:30:00+00:00,14.859999656677246,15.079999923706055,14.859999656677246,15.010000228881836
2024-01-29 14:30:00+00:00,14.949999809265137,15.100000381469727,14.911999702453613,15.0600004196167
2024-01-30 14:30:00+00:00,14.979999542236328,15.100000381469727,14.9399995803833,15.100000381469727
2024-01-31 14:30:00+00:00,14.949999809265137,15.149999618530273,14.949999809265137,15.0
2024-02-01 14:30:00+00:00,15.0,15.279999732971191,15.0,15.15999984741211
2024-02-02 14:30:00+00:00,15.15999984741211,15.289999961853027,15.045000076293945,15.142000198364258
2024-02-05 14:30:00+00:00,15.180000305175781,15.25,15.029999732971191,15.09000015258789
2024-02-06 14:30:00+00:00,15.029999732971191,15.220000267028809,15.015000343322754,15.09000015258789
2024-02-07 14:30:00+00:00,15.239999771118164,15.390000343322754,15.199999809265137,15.289999961853027
2024-02-08 14:30:00+00:00,15.489999771118164,15.489999771118164,15.260000228881836,15.289999961853027
2024-02-09 14:30:00+00:00,15.220000267028809,15.300000190734863,15.039999961853027,15.149999618530273
2024-02-12 14:30:00+00:00,15.270000457763672,15.270000457763672,15.149999618530273,15.1899995803833
2024-02-13 14:30:00+00:00,15.149999618530273,15.151000022888184,14.949999809265137,15.09000015258789
2024-02-14 14:30:00+00:00,15.100000381469727,15.234000205993652,14.760000228881836,14.9399995803833
2024-02-15 14:30:00+00:00,15.0,15.069999694824219,14.890000343322754,14.890000343322754
2024-02-16 14:30:00+00:00,14.970000267028809,14.970000267028809,14.85099983215332,14.880000114440918
2024-02-20 14:30:00+00:00,14.979999542236328,15.079999923706055,14.880000114440918,14.949999809265137
2024-02-21 14:30:00+00:00,14.970000267028809,15.005000114440918,14.880000114440918,14.899999618530273
2024-02-22 14:30:00+00:00,14.960000038146973,15.100000381469727,14.95300006866455,15.0
2024-02-23 14:30:00+00:00,15.0600004196167,15.180000305175781,15.039999961853027,15.100000381469727
2024-02-26 14:30:00+00:00,15.100000381469727,15.100000381469727,14.930000305175781,14.960000038146973
2024-02-27 14:30:00+00:00,15.0,15.119999885559082,14.8100004196167,14.930000305175781
2024-02-28 14:30:00+00:00,14.930000305175781,14.972999572753906,14.800000190734863,14.90999984741211
2024-02-29 14:30:00+00:00,14.960000038146973,15.157999992370605,14.899999618530273,14.9399995803833
2024-03-01 14:30:00+00:00,14.949999809265137,15.220000267028809,14.949999809265137,15.079999923706055
2024-03-04 14:30:00+00:00,15.039999961853027,15.119999885559082,14.90999984741211,14.920000076293945
2024-03-05 14:30:00+00:00,15.0,15.086999893188477,14.84000015258789,14.880000114440918
2024-03-06 14:30:00+00:00,14.859999656677246,15.130000114440918,14.850000381469727,15.020000457763672
2024-03-07 14:30:00+00:00,15.130000114440918,15.130000114440918,14.930000305175781,14.989999771118164
2024-03-08 14:30:00+00:00,15.050000190734863,15.050000190734863,14.930000305175781,15.0
2024-03-11 13:30:00+00:00,15.09000015258789,15.09000015258789,14.935999870300293,14.982000350952148
2024-03-12 13:30:00+00:00,15.039999961853027,15.21500015258789,15.020000457763672,15.1899995803833
2024-03-13 13:30:00+00:00,15.1899995803833,15.1899995803833,15.010000228881836,15.03499984741211
2024-03-14 13:30:00+00:00,15.050000190734863,15.15999984741211,14.850000381469727,14.899999618530273
2024-03-15 13:30:00+00:00,14.930000305175781,15.039999961853027,14.779999732971191,15.0
2024-03-18 13:30:00+00:00,15.0,15.109999656677246,14.989999771118164,15.109999656677246
2024-03-19 13:30:00+00:00,15.149999618530273,15.180000305175781,15.055999755859375,15.109999656677246
2024-03-20 13:30:00+00:00,15.15999984741211,15.239999771118164,15.079999923706055,15.210000038146973
2024-03-21 13:30:00+00:00,15.420000076293945,15.460000038146973,15.119999885559082,15.161999702453613
2024-03-22 13:30:00+00:00,15.239999771118164,15.329999923706055,15.149999618530273,15.180000305175781
2024-03-25 13:30:00+00:00,15.199999809265137,15.399999618530273,15.039999961853027,15.14799976348877
2024-03-26 13:30:00+00:00,15.149999618530273,15.220000267028809,15.039999961853027,15.180000305175781
2024-03-27 13:30:00+00:00,15.1899995803833,15.439000129699707,15.0600004196167,15.359999656677246
2024-03-28 13:30:00+00:00,15.359999656677246,15.59000015258789,15.239999771118164,15.430000305175781
2024-04-01 13:30:00+00:00,15.539999961853027,15.539999961853027,15.119999885559082,15.289999961853027
2024-04-02 13:30:00+00:00,15.350000381469727,15.350000381469727,15.020000457763672,15.180000305175781
2024-04-03 13:30:00+00:00,15.1899995803833,15.289999961853027,15.09000015258789,15.229999542236328
2024-04-04 13:30:00+00:00,15.329999923706055,15.359999656677246,15.149999618530273,15.270000457763672
2024-04-05 13:30:00+00:00,15.329999923706055,15.479999542236328,15.3100004196167,15.399999618530273
2024-04-08 13:30:00+00:00,15.010000228881836,15.5600004196167,15.010000228881836,15.34000015258789
2024-04-09 13:30:00+00:00,15.460000038146973,15.460000038146973,15.300000190734863,15.350000381469727
2024-04-10 13:30:00+00:00,15.319999694824219,15.390000343322754,15.09000015258789,15.140000343322754
2024-04-11 13:30:00+00:00,15.100000381469727,15.289999961853027,15.029000282287598,15.119999885559082
2024-04-12 13:30:00+00:00,15.050000190734863,15.149999618530273,14.930000305175781,14.979999542236328
2024-04-15 13:30:00+00:00,15.229999542236328,15.28499984741211,14.850000381469727,14.930000305175781
2024-04-16 13:30:00+00:00,14.979999542236328,15.09000015258789,14.930000305175781,14.989999771118164
2024-04-17 13:30:00+00:00,15.079999923706055,15.199999809265137,15.010000228881836,15.050000190734863
2024-04-18 13:30:00+00:00,15.100000381469727,15.354999542236328,15.100000381469727,15.210000038146973
2024-04-19 13:30:00+00:00,15.260000228881836,15.380000114440918,15.156999588012695,15.239999771118164
2024-04-22 13:30:00+00:00,15.317999839782715,15.5600004196167,15.317999839782715,15.40999984741211
2024-04-23 13:30:00+00:00,15.5,15.73900032043457,15.449999809265137,15.5
2024-04-24 13:30:00+00:00,15.449999809265137,15.550000190734863,15.4399995803833,15.5
2024-04-25 13:30:00+00:00,15.350000381469727,15.430000305175781,15.270000457763672,15.359999656677246
2024-04-26 13:30:00+00:00,15.359999656677246,15.529999732971191,15.286999702453613,15.529999732971191
2024-04-29 13:30:00+00:00,15.539999961853027,15.550000190734863,15.430000305175781,15.520000457763672
2024-04-30 13:30:00+00:00,15.4399995803833,15.479999542236328,15.300000190734863,15.329999923706055
2024-05-01 13:30:00+00:00,15.979999542236328,15.979999542236328,15.289999961853027,15.5600004196167
2024-05-02 13:30:00+00:00,15.600000381469727,15.699999809265137,15.460000038146973,15.529999732971191
2024-05-03 13:30:00+00:00,15.5600004196167,15.6899995803833,15.5,15.600000381469727
2024-05-06 13:30:00+00:00,15.65999984741211,15.6899995803833,15.53499984741211,15.640000343322754
2024-05-07 13:30:00+00:00,15.789999961853027,15.789999961853027,15.550000190734863,15.649999618530273
2024-05-08 13:30:00+00:00,15.699999809265137,15.75,15.579999923706055,15.699999809265137
2024-05-09 13:30:00+00:00,15.699999809265137,15.789999961853027,15.600000381469727,15.789999961853027
2024-05-10 13:30:00+00:00,15.800000190734863,15.8149995803833,15.640000343322754,15.729999542236328
2024-05-13 13:30:00+00:00,15.760000228881836,15.760000228881836,15.600000381469727,15.680000305175781
2024-05-14 13:30:00+00:00,15.760000228881836,15.899999618530273,15.680000305175781,15.75
2024-05-15 13:30:00+00:00,15.779999732971191,15.8149995803833,15.329999923706055,15.630000114440918
2024-05-16 13:30:00+00:00,15.630000114440918,15.630000114440918,15.479999542236328,15.529999732971191
2024-05-17 13:30:00+00:00,15.760000228881836,15.789999961853027,15.5,15.539999961853027
2024-05-20 13:30:00+00:00,15.5600004196167,15.734000205993652,15.5600004196167,15.630000114440918
2024-05-21 13:30:00+00:00,15.710000038146973,15.779999732971191,15.649999618530273,15.739999771118164
2024-05-22 13:30:00+00:00,15.6899995803833,15.755999565124512,15.579999923706055,15.630000114440918
2024-05-23 13:30:00+00:00,15.6899995803833,15.779000282287598,15.3100004196167,15.369999885559082
2024-05-24 13:30:00+00:00,15.369999885559082,15.770000457763672,15.369999885559082,15.550000190734863
2024-05-28 13:30:00+00:00,15.119999885559082,15.699999809265137,15.119999885559082,15.520000457763672
2024-05-29 13:30:00+00:00,15.470000267028809,15.470000267028809,15.15999984741211,15.220000267028809
2024-05-30 13:30:00+00:00,15.15999984741211,15.390000343322754,15.140000343322754,15.25
2024-05-31 13:30:00+00:00,15.25,15.430000305175781,15.25,15.359999656677246
2024-06-03 13:30:00+00:00,15.420000076293945,15.579999923706055,15.279999732971191,15.359999656677246
2024-06-04 13:30:00+00:00,15.489999771118164,15.59000015258789,15.331000328063965,15.380000114440918
2024-06-05 13:30:00+00:00,15.390000343322754,15.531000137329102,15.380000114440918,15.40999984741211
2024-06-06 13:30:00+00:00,15.479999542236328,15.53499984741211,15.40999984741211,15.456000328063965
2024-06-07 13:30:00+00:00,15.380000114440918,15.520000457763672,15.380000114440918,15.4399995803833
2024-06-10 13:30:00+00:00,15.496999740600586,15.54699993133545,15.399999618530273,15.5
2024-06-11 13:30:00+00:00,15.539999961853027,15.539999961853027,15.369999885559082,15.420000076293945
2024-06-12 13:30:00+00:00,15.5,15.640000343322754,15.451000213623047,15.489999771118164
2024-06-13 13:30:00+00:00,15.5,15.5,15.359999656677246,15.399999618530273
2024-06-14 13:30:00+00:00,15.319999694824219,15.319999694824219,15.029999732971191,15.100000381469727
2024-06-17 13:30:00+00:00,14.970000267028809,15.09000015258789,14.939000129699707,15.020000457763672
2024-06-18 13:30:00+00:00,14.930000305175781,15.1899995803833,14.930000305175781,15.029999732971191
2024-06-20 13:30:00+00:00,15.229999542236328,15.23900032043457,15.005000114440918,15.050000190734863
2024-06-21 13:30:00+00:00,15.050000190734863,15.130000114440918,15.00100040435791,15.09000015258789
2024-06-24 13:30:00+00:00,15.0600004196167,15.210000038146973,15.0600004196167,15.149999618530273
2024-06-25 13:30:00+00:00,15.25,15.319999694824219,15.093000411987305,15.210000038146973
2024-06-26 13:30:00+00:00,15.279999732971191,15.279999732971191,15.149999618530273,15.199999809265137
2024-06-27 13:30:00+00:00,15.260000228881836,15.260000228881836,15.149999618530273,15.180000305175781
2024-06-28 13:30:00+00:00,15.09000015258789,15.279999732971191,15.09000015258789,15.25
2024-07-01 13:30:00+00:00,15.270000457763672,15.300000190734863,15.119999885559082,15.149999618530273
2024-07-02 13:30:00+00:00,15.180000305175781,15.279999732971191,15.109000205993652,15.279999732971191
2024-07-03 13:30:00+00:00,15.329999923706055,15.430000305175781,15.279999732971191,15.420000076293945
2024-07-05 13:30:00+00:00,15.319999694824219,15.404999732971191,15.270000457763672,15.270000457763672
2024-07-08 13:30:00+00:00,15.350000381469727,15.380000114440918,15.270000457763672,15.380000114440918
2024-07-09 13:30:00+00:00,15.34000015258789,15.430000305175781,15.260000228881836,15.40999984741211
2024-07-10 13:30:00+00:00,15.4399995803833,15.4399995803833,15.300000190734863,15.34000015258789
2024-07-11 13:30:00+00:00,15.380000114440918,15.600000381469727,15.350000381469727,15.5
2024-07-12 13:30:00+00:00,15.470000267028809,15.600000381469727,15.239999771118164,15.289999961853027
2024-07-15 13:30:00+00:00,15.220000267028809,15.579999923706055,15.220000267028809,15.479999542236328
2024-07-16 13:30:00+00:00,15.420000076293945,15.75,15.420000076293945,15.609999656677246
2024-07-17 13:30:00+00:00,15.420000076293945,15.649999618530273,15.420000076293945,15.59000015258789
2024-07-18 13:30:00+00:00,15.6899995803833,15.779999732971191,15.479999542236328,15.600000381469727
2024-07-19 13:30:00+00:00,15.800000190734863,15.800000190734863,15.619999885559082,15.760000228881836
2024-07-22 13:30:00+00:00,15.789999961853027,15.789999961853027,15.5600004196167,15.789999961853027
2024-07-23 13:30:00+00:00,15.789999961853027,15.789999961853027,15.420000076293945,15.4399995803833
2024-07-24 13:30:00+00:00,15.399999618530273,15.430000305175781,15.210000038146973,15.329999923706055
2024-07-25 13:30:00+00:00,15.380000114440918,15.59000015258789,15.34000015258789,15.470000267028809
2024-07-26 13:30:00+00:00,15.479999542236328,15.619999885559082,15.420000076293945,15.5600004196167
2024-07-29 13:30:00+00:00,15.569999694824219,15.720000267028809,15.5,15.569999694824219
2024-07-30 13:30:00+00:00,15.619999885559082,15.675000190734863,15.470000267028809,15.59000015258789
2024-07-31 13:30:00+00:00,15.640000343322754,15.779999732971191,15.600000381469727,15.699999809265137
2024-08-01 13:30:00+00:00,15.5600004196167,15.720000267028809,15.40999984741211,15.569999694824219
2024-08-02 13:30:00+00:00,15.550000190734863,15.6899995803833,15.40999984741211,15.489999771118164
2024-08-05 13:30:00+00:00,15.289999961853027,15.489999771118164,15.21500015258789,15.350000381469727
2024-08-06 13:30:00+00:00,15.369999885559082,15.680000305175781,15.32800006866455,15.529999732971191
2024-08-07 13:30:00+00:00,15.65999984741211,15.949999809265137,15.600000381469727,15.739999771118164
2024-08-08 13:30:00+00:00,15.979999542236328,16.030000686645508,15.760000228881836,15.949999809265137
2024-08-09 13:30:00+00:00,15.699999809265137,15.800000190734863,15.359999656677246,15.454000473022461
2024-08-12 13:30:00+00:00,15.460000038146973,15.5600004196167,15.119999885559082,15.289999961853027
2024-08-13 13:30:00+00:00,15.380000114440918,15.4399995803833,15.246000289916992,15.270000457763672
2024-08-14 13:30:00+00:00,15.270000457763672,15.390000343322754,15.199999809265137,15.210000038146973
2024-08-15 13:30:00+00:00,15.300000190734863,15.420000076293945,15.21399974822998,15.3100004196167
2024-08-16 13:30:00+00:00,15.350000381469727,15.479999542236328,15.289999961853027,15.399999618530273
2024-08-19 13:30:00+00:00,15.420000076293945,15.479999542236328,15.350000381469727,15.460000038146973
2024-08-20 13:30:00+00:00,15.460000038146973,15.460000038146973,15.319999694824219,15.40999984741211
2024-08-21 13:30:00+00:00,15.420000076293945,15.479999542236328,15.239999771118164,15.34000015258789
2024-08-22 13:30:00+00:00,15.390000343322754,15.390000343322754,15.199999809265137,15.25
2024-08-23 13:30:00+00:00,15.350000381469727,15.4399995803833,15.260000228881836,15.4399995803833
2024-08-26 13:30:00+00:00,15.5,15.609999656677246,15.329999923706055,15.460000038146973
2024-08-27 13:30:00+00:00,15.35200023651123,15.630000114440918,15.329999923706055,15.460000038146973
2024-08-28 13:30:00+00:00,15.359999656677246,15.640000343322754,15.359999656677246,15.40999984741211
2024-08-29 13:30:00+00:00,15.350000381469727,15.59000015258789,15.350000381469727,15.399999618530273
2024-08-30 13:30:00+00:00,15.5,15.670000076293945,15.41100025177002,15.569999694824219
2024-09-03 13:30:00+00:00,15.550000190734863,15.600000381469727,15.4399995803833,15.479999542236328
2024-09-04 13:30:00+00:00,15.489999771118164,15.59000015258789,15.489999771118164,15.505000114440918
2024-09-05 13:30:00+00:00,15.630000114440918,15.729999542236328,15.449000358581543,15.680000305175781
2024-09-06 13:30:00+00:00,15.5600004196167,15.680000305175781,15.279999732971191,15.329999923706055
2024-09-09 13:30:00+00:00,15.680000305175781,15.680000305175781,15.473999977111816,15.5
2024-09-10 13:30:00+00:00,15.5,15.600000381469727,15.420000076293945,15.5
2024-09-11 13:30:00+00:00,15.449999809265137,15.550000190734863,15.423999786376953,15.5
2024-09-12 13:30:00+00:00,15.670000076293945,15.680000305175781,15.550000190734863,15.609999656677246
2024-09-13 13:30:00+00:00,15.550000190734863,15.550000190734863,15.390000343322754,15.420000076293945
2024-09-16 13:30:00+00:00,15.390000343322754,15.539999961853027,15.319999694824219,15.380000114440918
2024-09-17 13:30:00+00:00,15.380000114440918,15.550000190734863,15.373000144958496,15.550000190734863
2024-09-18 13:30:00+00:00,15.670000076293945,15.680000305175781,15.449999809265137,15.460000038146973
2024-09-19 13:30:00+00:00,15.550000190734863,15.630000114440918,15.350000381469727,15.5600004196167
2024-09-20 13:30:00+00:00,15.609999656677246,15.609999656677246,15.4399995803833,15.460000038146973
2024-09-23 13:30:00+00:00,15.5600004196167,15.609999656677246,15.4399995803833,15.550000190734863
2024-09-24 13:30:00+00:00,15.579999923706055,15.649999618530273,15.5,15.529999732971191
2024-09-25 13:30:00+00:00,15.510000228881836,15.609999656677246,15.5,15.550000190734863
2024-09-26 13:30:00+00:00,15.640000343322754,15.640000343322754,15.550000190734863,15.550000190734863
2024-09-27 13:30:00+00:00,15.600000381469727,15.729999542236328,15.557999610900879,15.59000015258789
2024-09-30 13:30:00+00:00,15.680000305175781,15.710000038146973,15.600000381469727,15.687999725341797
2024-10-01 13:30:00+00:00,15.75,15.75,15.618000030517578,15.649999618530273
2024-10-02 13:30:00+00:00,15.6899995803833,15.720999717712402,15.640000343322754,15.699999809265137
2024-10-03 13:30:00+00:00,15.699999809265137,15.739999771118164,15.510000228881836,15.720000267028809
2024-10-04 13:30:00+00:00,15.760000228881836,15.850000381469727,15.710000038146973,15.789999961853027
2024-10-07 13:30:00+00:00,15.789999961853027,15.82800006866455,15.65999984741211,15.720000267028809
2024-10-08 13:30:00+00:00,15.75,15.8100004196167,15.720000267028809,15.729999542236328
2024-10-09 13:30:00+00:00,15.75,15.96500015258789,15.651000022888184,15.890000343322754
2024-10-10 13:30:00+00:00,15.850000381469727,15.880000114440918,15.635000228881836,15.699999809265137
2024-10-11 13:30:00+00:00,15.680000305175781,15.78600025177002,15.600000381469727,15.649999618530273
2024-10-14 13:30:00+00:00,15.829999923706055,15.829999923706055,15.600000381469727,15.619999885559082
2024-10-15 13:30:00+00:00,15.539999961853027,15.649999618530273,15.475000381469727,15.550000190734863
2024-10-16 13:30:00+00:00,15.479999542236328,15.694999694824219,15.4399995803833,15.619999885559082
2024-10-17 13:30:00+00:00,15.65999984741211,15.670000076293945,15.539999961853027,15.569999694824219
2024-10-18 13:30:00+00:00,15.600000381469727,15.65999984741211,15.550000190734863,15.550000190734863
2024-10-21 13:30:00+00:00,15.5600004196167,15.649999618530273,15.550000190734863,15.630000114440918
2024-10-22 13:30:00+00:00,15.640000343322754,15.739999771118164,15.5600004196167,15.739999771118164
2024-10-23 13:30:00+00:00,15.699999809265137,15.699999809265137,15.569999694824219,15.645000457763672
2024-10-24 13:30:00+00:00,15.6899995803833,15.6899995803833,15.569999694824219,15.619999885559082
2024-10-25 13:30:00+00:00,15.630000114440918,15.699999809265137,15.59000015258789,15.649999618530273
2024-10-28 13:30:00+00:00,15.65999984741211,15.699999809265137,15.579999923706055,15.619999885559082
2024-10-29 13:30:00+00:00,15.619999885559082,15.640000343322754,15.5,15.569999694824219
2024-10-30 13:30:00+00:00,15.489999771118164,15.628999710083008,15.430000305175781,15.529999732971191
2024-10-31 13:30:00+00:00,15.460000038146973,15.600000381469727,15.449999809265137,15.5
2024-11-01 13:30:00+00:00,15.449999809265137,15.625,15.449999809265137,15.5600004196167
2024-11-04 14:30:00+00:00,15.579999923706055,15.628999710083008,15.510000228881836,15.59000015258789
2024-11-05 14:30:00+00:00,15.579999923706055,15.649999618530273,15.520000457763672,15.649999618530273
2024-11-06 14:30:00+00:00,15.649999618530273,16.0,15.609000205993652,15.710000038146973
2024-11-07 14:30:00+00:00,15.710000038146973,15.805000305175781,15.649999618530273,15.65999984741211
2024-11-08 14:30:00+00:00,15.789999961853027,15.789999961853027,15.664999961853027,15.734999656677246
2024-11-11 14:30:00+00:00,15.850000381469727,15.949999809265137,15.760000228881836,15.829999923706055
2024-11-12 14:30:00+00:00,15.869999885559082,15.930000305175781,15.699999809265137,15.770000457763672
2024-11-13 14:30:00+00:00,15.600000381469727,15.600000381469727,15.529999732971191,15.529999732971191
2024-11-14 14:30:00+00:00,15.600000381469727,15.607999801635742,15.383000373840332,15.489999771118164
2024-11-15 14:30:00+00:00,15.460000038146973,15.5,15.279999732971191,15.3149995803833
2024-11-18 14:30:00+00:00,15.399999618530273,15.701000213623047,15.34000015258789,15.390000343322754
2024-11-19 14:30:00+00:00,15.420000076293945,15.569999694824219,15.420000076293945,15.550000190734863
2024-11-20 14:30:00+00:00,15.630000114440918,15.670000076293945,15.359999656677246,15.359999656677246
2024-11-21 14:30:00+00:00,15.529999732971191,15.569999694824219,15.369999885559082,15.550000190734863
2024-11-22 14:30:00+00:00,15.5600004196167,15.626999855041504,15.369999885559082,15.4350004196167
2024-11-25 14:30:00+00:00,15.529999732971191,15.579999923706055,15.369999885559082,15.404999732971191
2024-11-26 14:30:00+00:00,15.670000076293945,15.680000305175781,15.399999618530273,15.5
2024-11-27 14:30:00+00:00,15.539999961853027,15.65999984741211,15.473999977111816,15.539999961853027
2024-11-29 14:30:00+00:00,15.640000343322754,15.699999809265137,15.539999961853027,15.699999809265137
2024-12-02 14:30:00+00:00,15.739999771118164,15.739999771118164,15.609999656677246,15.640000343322754
2024-12-03 14:30:00+00:00,15.65999984741211,15.819999694824219,15.630000114440918,15.760000228881836
2024-12-04 14:30:00+00:00,15.819999694824219,15.819999694824219,15.574999809265137,15.640000343322754
2024-12-05 14:30:00+00:00,15.5600004196167,15.75,15.550000190734863,15.670000076293945
2024-12-06 14:30:00+00:00,15.739999771118164,15.75,15.520000457763672,15.555000305175781
2024-12-09 14:30:00+00:00,15.640000343322754,15.642999649047852,15.359999656677246,15.40999984741211
2024-12-10 14:30:00+00:00,15.380000114440918,15.449999809265137,15.35099983215332,15.380000114440918
2024-12-11 14:30:00+00:00,15.40999984741211,15.611000061035156,15.40999984741211,15.600000381469727
2024-12-12 14:30:00+00:00,15.65999984741211,15.670000076293945,15.350000381469727,15.4399995803833
2024-12-13 14:30:00+00:00,15.369999885559082,15.430000305175781,15.270000457763672,15.329999923706055
2024-12-16 14:30:00+00:00,15.25,15.300000190734863,15.166999816894531,15.229999542236328
2024-12-17 14:30:00+00:00,15.229999542236328,15.25,14.979999542236328,15.069999694824219
2024-12-18 14:30:00+00:00,15.140000343322754,15.1899995803833,14.869999885559082,14.899999618530273
2024-12-19 14:30:00+00:00,14.979999542236328,15.21500015258789,14.859999656677246,15.109999656677246
2024-12-20 14:30:00+00:00,15.020000457763672,15.350000381469727,15.020000457763672,15.270000457763672
2024-12-23 14:30:00+00:00,15.319999694824219,15.420000076293945,15.0600004196167,15.15999984741211
2024-12-24 14:30:00+00:00,15.15999984741211,15.282999992370605,15.149999618530273,15.25
2024-12-26 14:30:00+00:00,15.329999923706055,15.437999725341797,15.149999618530273,15.25
2024-12-27 14:30:00+00:00,15.3100004196167,15.35099983215332,15.010000228881836,15.0600004196167
2024-12-30 14:30:00+00:00,14.90999984741211,14.979999542236328,14.670000076293945,14.819999694824219
2024-12-31 14:30:00+00:00,14.84000015258789,14.975000381469727,14.770000457763672,14.829999923706055
