date,open,high,low,close
2021-06-30 13:30:00+00:00,26.25,29.0,25.0,28.0
2021-07-01 13:30:00+00:00,27.049999237060547,27.6200008392334,24.530000686645508,26.06999969482422
2021-07-02 13:30:00+00:00,26.15999984741211,26.28499984741211,24.149999618530273,25.459999084472656
2021-07-06 13:30:00+00:00,25.1299991607666,27.420000076293945,22.0,22.170000076293945
2021-07-07 13:30:00+00:00,23.0,24.790000915527344,20.010000228881836,20.040000915527344
2021-07-08 13:30:00+00:00,20.0,21.6200008392334,18.190000534057617,18.389999389648438
2021-07-09 13:30:00+00:00,18.850000381469727,21.799999237060547,17.75,18.540000915527344
2021-07-12 13:30:00+00:00,20.143999099731445,20.399999618530273,19.020000457763672,20.100000381469727
2021-07-13 13:30:00+00:00,19.489999771118164,20.33099937438965,19.00200080871582,19.860000610351562
2021-07-14 13:30:00+00:00,20.18000030517578,21.219999313354492,19.829999923706055,20.729999542236328
2021-07-15 13:30:00+00:00,21.079999923706055,21.079999923706055,19.90999984741211,19.90999984741211
2021-07-16 13:30:00+00:00,20.139999389648438,20.649999618530273,19.389999389648438,20.010000228881836
2021-07-19 13:30:00+00:00,19.6299991607666,21.077999114990234,19.5,20.09000015258789
2021-07-20 13:30:00+00:00,19.809999465942383,21.049999237060547,19.079999923706055,19.899999618530273
2021-07-21 13:30:00+00:00,19.729999542236328,20.704999923706055,19.709999084472656,20.31999969482422
2021-07-22 13:30:00+00:00,20.989999771118164,20.989999771118164,19.530000686645508,20.329999923706055
2021-07-23 13:30:00+00:00,20.040000915527344,20.260000228881836,19.760000228881836,20.219999313354492
2021-07-26 13:30:00+00:00,20.399999618530273,20.399999618530273,19.40999984741211,19.93000030517578
2021-07-27 13:30:00+00:00,19.850000381469727,20.101999282836914,19.325000762939453,19.40999984741211
2021-07-28 13:30:00+00:00,19.600000381469727,20.3700008392334,19.15999984741211,19.479999542236328
2021-07-29 13:30:00+00:00,19.6200008392334,20.030000686645508,19.139999389648438,19.229999542236328
2021-07-30 13:30:00+00:00,19.389999389648438,20.097000122070312,19.209999084472656,19.739999771118164
2021-08-02 13:30:00+00:00,19.739999771118164,22.8799991607666,19.6200008392334,22.34000015258789
2021-08-03 13:30:00+00:00,22.59000015258789,22.8700008392334,22.010000228881836,22.399999618530273
2021-08-04 13:30:00+00:00,22.549999237060547,24.239999771118164,21.774999618530273,22.1200008392334
2021-08-05 13:30:00+00:00,21.709999084472656,22.0,20.1200008392334,21.139999389648438
2021-08-06 13:30:00+00:00,21.479999542236328,22.219999313354492,20.329999923706055,21.729999542236328
2021-08-09 13:30:00+00:00,21.90999984741211,22.510000228881836,20.260000228881836,20.719999313354492
2021-08-10 13:30:00+00:00,20.799999237060547,21.979999542236328,20.309999465942383,20.700000762939453
2021-08-11 13:30:00+00:00,20.5,20.90999984741211,19.200000762939453,20.229999542236328
2021-08-12 13:30:00+00:00,20.059999465942383,20.43000030517578,19.239999771118164,20.139999389648438
2021-08-13 13:30:00+00:00,20.299999237060547,20.299999237060547,18.860000610351562,18.899999618530273
2021-08-16 13:30:00+00:00,18.850000381469727,20.209999084472656,18.850000381469727,20.079999923706055
2021-08-17 13:30:00+00:00,19.989999771118164,20.489999771118164,17.84000015258789,18.25
2021-08-18 13:30:00+00:00,18.26099967956543,19.479999542236328,18.26099967956543,19.110000610351562
2021-08-19 13:30:00+00:00,19.059999465942383,19.170000076293945,17.899999618530273,18.020000457763672
2021-08-20 13:30:00+00:00,17.979999542236328,19.239999771118164,17.899999618530273,18.90999984741211
2021-08-23 13:30:00+00:00,18.75,19.739999771118164,18.540000915527344,19.290000915527344
2021-08-24 13:30:00+00:00,19.31999969482422,19.959999084472656,18.704999923706055,19.649999618530273
2021-08-25 13:30:00+00:00,19.610000610351562,20.079999923706055,19.0,19.899999618530273
2021-08-26 13:30:00+00:00,20.09000015258789,20.149999618530273,18.530000686645508,18.799999237060547
2021-08-27 13:30:00+00:00,18.610000610351562,19.290000915527344,18.549999237060547,19.0
2021-08-30 13:30:00+00:00,18.979999542236328,19.90999984741211,18.979999542236328,19.450000762939453
2021-08-31 13:30:00+00:00,19.59000015258789,19.799999237060547,18.795000076293945,19.059999465942383
2021-09-01 13:30:00+00:00,19.1299991607666,19.510000228881836,18.549999237060547,19.270000457763672
2021-09-02 13:30:00+00:00,19.010000228881836,19.049999237060547,18.110000610351562,18.899999618530273
2021-09-03 13:30:00+00:00,18.8700008392334,19.030000686645508,18.329999923706055,18.860000610351562
2021-09-07 13:30:00+00:00,19.350000381469727,19.739999771118164,18.989999771118164,19.459999084472656
2021-09-08 13:30:00+00:00,19.139999389648438,19.5,18.559999465942383,18.899999618530273
2021-09-09 13:30:00+00:00,18.709999084472656,19.309999465942383,18.614999771118164,18.829999923706055
2021-09-10 13:30:00+00:00,18.889999389648438,19.290000915527344,18.540000915527344,18.81999969482422
2021-09-13 13:30:00+00:00,18.670000076293945,19.0,18.219999313354492,18.290000915527344
2021-09-14 13:30:00+00:00,18.5,18.639999389648438,17.739999771118164,17.889999389648438
2021-09-15 13:30:00+00:00,17.709999084472656,17.985000610351562,15.300000190734863,15.75
2021-09-16 13:30:00+00:00,15.960000038146973,16.489999771118164,14.859999656677246,15.779999732971191
2021-09-17 13:30:00+00:00,15.789999961853027,16.25,15.0,15.170000076293945
2021-09-20 13:30:00+00:00,14.670000076293945,15.329999923706055,14.0,14.649999618530273
2021-09-21 13:30:00+00:00,14.800000190734863,15.84000015258789,14.800000190734863,15.770000457763672
2021-09-22 13:30:00+00:00,15.789999961853027,16.040000915527344,15.524999618530273,15.739999771118164
2021-09-23 13:30:00+00:00,15.720000267028809,15.8100004196167,15.319999694824219,15.529999732971191
2021-09-24 13:30:00+00:00,15.550000190734863,16.315000534057617,15.319999694824219,16.190000534057617
2021-09-27 13:30:00+00:00,16.34000015258789,16.469999313354492,15.779999732971191,16.229999542236328
2021-09-28 13:30:00+00:00,16.110000610351562,16.5,15.600000381469727,15.75
2021-09-29 13:30:00+00:00,15.779999732971191,16.239999771118164,15.130000114440918,15.479999542236328
2021-09-30 13:30:00+00:00,15.609999656677246,16.610000610351562,15.289999961853027,16.540000915527344
2021-10-01 13:30:00+00:00,16.530000686645508,16.979999542236328,16.059999465942383,16.90999984741211
2021-10-04 13:30:00+00:00,16.81999969482422,16.979999542236328,16.030000686645508,16.190000534057617
2021-10-05 13:30:00+00:00,16.190000534057617,16.829999923706055,16.0,16.829999923706055
2021-10-06 13:30:00+00:00,16.559999465942383,16.739999771118164,16.0,16.299999237060547
2021-10-07 13:30:00+00:00,16.399999618530273,17.399999618530273,16.06999969482422,16.559999465942383
2021-10-08 13:30:00+00:00,16.59000015258789,17.239999771118164,16.0,16.520000457763672
2021-10-11 13:30:00+00:00,16.010000228881836,16.5310001373291,15.550000190734863,16.059999465942383
2021-10-12 13:30:00+00:00,16.1299991607666,16.170000076293945,15.770000457763672,15.989999771118164
2021-10-13 13:30:00+00:00,16.239999771118164,16.649999618530273,15.654999732971191,15.949999809265137
2021-10-14 13:30:00+00:00,16.260000228881836,16.65999984741211,15.539999961853027,15.899999618530273
2021-10-15 13:30:00+00:00,16.200000762939453,16.200000762939453,15.5600004196167,15.65999984741211
2021-10-18 13:30:00+00:00,15.680000305175781,15.692000389099121,15.0,15.109999656677246
2021-10-19 13:30:00+00:00,15.130000114440918,16.0,15.130000114440918,15.960000038146973
2021-10-20 13:30:00+00:00,15.920000076293945,16.014999389648438,15.649999618530273,15.970000267028809
2021-10-21 13:30:00+00:00,15.859999656677246,16.010000228881836,15.550000190734863,15.649999618530273
2021-10-22 13:30:00+00:00,15.6899995803833,15.694999694824219,15.279999732971191,15.609999656677246
2021-10-25 13:30:00+00:00,15.5600004196167,16.73900032043457,15.529999732971191,16.06999969482422
2021-10-26 13:30:00+00:00,15.989999771118164,17.190000534057617,15.789999961853027,17.190000534057617
2021-10-27 13:30:00+00:00,17.0,17.12299919128418,16.75,16.90999984741211
2021-10-28 13:30:00+00:00,16.90999984741211,17.290000915527344,16.899999618530273,17.1200008392334
2021-10-29 13:30:00+00:00,16.90999984741211,17.06999969482422,16.739999771118164,16.90999984741211
2021-11-01 13:30:00+00:00,17.010000228881836,17.1299991607666,16.700000762939453,17.040000915527344
2021-11-02 13:30:00+00:00,17.040000915527344,18.290000915527344,16.549999237060547,17.68000030517578
2021-11-03 13:30:00+00:00,17.809999465942383,18.709999084472656,17.559999465942383,17.75
2021-11-04 13:30:00+00:00,17.799999237060547,18.1299991607666,16.65999984741211,16.969999313354492
2021-11-05 13:30:00+00:00,17.260000228881836,19.025999069213867,16.844999313354492,18.600000381469727
2021-11-08 14:30:00+00:00,18.75,19.200000762939453,18.110000610351562,18.610000610351562
2021-11-09 14:30:00+00:00,18.610000610351562,19.209999084472656,17.84000015258789,18.479999542236328
2021-11-10 14:30:00+00:00,18.329999923706055,19.0,17.959999084472656,18.540000915527344
2021-11-11 14:30:00+00:00,18.799999237060547,18.799999237060547,17.885000228881836,18.559999465942383
2021-11-12 14:30:00+00:00,18.489999771118164,18.81999969482422,18.079999923706055,18.479999542236328
2021-11-15 14:30:00+00:00,18.709999084472656,19.489999771118164,18.0,18.43000030517578
2021-11-16 14:30:00+00:00,18.290000915527344,18.290000915527344,16.15999984741211,16.200000762939453
2021-11-17 14:30:00+00:00,16.209999084472656,16.219999313354492,14.0,15.010000228881836
2021-11-18 14:30:00+00:00,14.90999984741211,16.610000610351562,13.640000343322754,14.34000015258789
2021-11-19 14:30:00+00:00,14.369999885559082,14.369999885559082,12.779999732971191,13.220000267028809
2021-11-22 14:30:00+00:00,13.569999694824219,15.390000343322754,13.369999885559082,13.680000305175781
2021-11-23 14:30:00+00:00,13.819999694824219,13.819999694824219,12.960000038146973,13.289999961853027
2021-11-24 14:30:00+00:00,13.420000076293945,13.930000305175781,12.800000190734863,13.210000038146973
2021-11-26 14:30:00+00:00,13.119999885559082,13.390000343322754,12.5,12.949999809265137
2021-11-29 14:30:00+00:00,12.979999542236328,13.9350004196167,11.619999885559082,11.949999809265137
2021-11-30 14:30:00+00:00,12.0,12.845000267028809,11.529999732971191,11.579999923706055
2021-12-01 14:30:00+00:00,12.119999885559082,12.125,11.119999885559082,11.260000228881836
2021-12-02 14:30:00+00:00,11.25,11.630000114440918,11.130000114440918,11.529999732971191
2021-12-03 14:30:00+00:00,11.600000381469727,12.75,10.760000228881836,11.279999732971191
2021-12-06 14:30:00+00:00,11.220000267028809,11.270000457763672,10.109999656677246,11.1899995803833
2021-12-07 14:30:00+00:00,11.15999984741211,12.300000190734863,11.15999984741211,11.859999656677246
2021-12-08 14:30:00+00:00,11.930000305175781,12.16100025177002,11.380000114440918,11.75
2021-12-09 14:30:00+00:00,11.609999656677246,11.649999618530273,11.0,11.289999961853027
2021-12-10 14:30:00+00:00,11.4399995803833,11.4399995803833,10.75,10.989999771118164
2021-12-13 14:30:00+00:00,11.449999809265137,12.079999923706055,11.029999732971191,11.699999809265137
2021-12-14 14:30:00+00:00,11.979999542236328,12.029999732971191,11.270000457763672,11.550000190734863
2021-12-15 14:30:00+00:00,11.859999656677246,11.859999656677246,10.8100004196167,11.25
2021-12-16 14:30:00+00:00,11.550000190734863,11.770000457763672,10.5,10.649999618530273
2021-12-17 14:30:00+00:00,10.760000228881836,11.350000381469727,10.385000228881836,10.710000038146973
2021-12-20 14:30:00+00:00,10.670000076293945,11.180000305175781,10.510000228881836,10.869999885559082
2021-12-21 14:30:00+00:00,10.970000267028809,12.010000228881836,10.970000267028809,11.380000114440918
2021-12-22 14:30:00+00:00,11.4399995803833,11.630000114440918,11.15999984741211,11.34000015258789
2021-12-23 14:30:00+00:00,11.34000015258789,12.34000015258789,11.34000015258789,12.180000305175781
2021-12-27 14:30:00+00:00,12.130000114440918,12.5,11.5600004196167,12.020000457763672
2021-12-28 14:30:00+00:00,11.930000305175781,12.289999961853027,11.635000228881836,11.779999732971191
2021-12-29 14:30:00+00:00,11.84000015258789,12.050000190734863,10.890000343322754,11.5
2021-12-30 14:30:00+00:00,11.149999618530273,12.479999542236328,11.100000381469727,11.829999923706055
2021-12-31 14:30:00+00:00,11.760000228881836,12.359999656677246,11.40999984741211,12.229999542236328
2022-01-03 14:30:00+00:00,12.229999542236328,12.710000038146973,11.800000190734863,12.369999885559082
2022-01-04 14:30:00+00:00,12.449999809265137,12.869999885559082,11.920000076293945,12.210000038146973
2022-01-05 14:30:00+00:00,12.130000114440918,12.350000381469727,11.25,11.359999656677246
2022-01-06 14:30:00+00:00,11.279999732971191,12.0,10.600000381469727,10.899999618530273
2022-01-07 14:30:00+00:00,10.779999732971191,10.9399995803833,10.489999771118164,10.529999732971191
2022-01-10 14:30:00+00:00,10.119999885559082,10.15999984741211,8.899999618530273,9.270000457763672
2022-01-11 14:30:00+00:00,9.119999885559082,10.329999923706055,9.119999885559082,10.279999732971191
2022-01-12 14:30:00+00:00,10.100000381469727,10.470000267028809,9.899999618530273,9.979999542236328
2022-01-13 14:30:00+00:00,9.899999618530273,9.949999809265137,9.15999984741211,9.25
2022-01-14 14:30:00+00:00,9.149999618530273,9.550000190734863,8.880000114440918,9.470000267028809
2022-01-18 14:30:00+00:00,9.289999961853027,9.489999771118164,8.8100004196167,9.079999923706055
2022-01-19 14:30:00+00:00,9.09000015258789,9.40999984741211,8.960000038146973,9.010000228881836
2022-01-20 14:30:00+00:00,9.170000076293945,9.430000305175781,8.9399995803833,8.979999542236328
2022-01-21 14:30:00+00:00,9.0,9.15999984741211,8.65999984741211,8.869999885559082
2022-01-24 14:30:00+00:00,8.649999618530273,8.9399995803833,8.140000343322754,8.800000190734863
2022-01-25 14:30:00+00:00,8.609999656677246,8.850000381469727,8.09000015258789,8.180000305175781
2022-01-26 14:30:00+00:00,8.350000381469727,8.446999549865723,7.739999771118164,7.96999979019165
2022-01-27 14:30:00+00:00,8.029999732971191,8.187000274658203,7.570000171661377,7.699999809265137
2022-01-28 14:30:00+00:00,7.650000095367432,7.840000152587891,7.309999942779541,7.679999828338623
2022-01-31 14:30:00+00:00,7.71999979019165,8.350000381469727,7.550000190734863,8.300000190734863
2022-02-01 14:30:00+00:00,8.300000190734863,8.460000038146973,7.920000076293945,8.140000343322754
2022-02-02 14:30:00+00:00,8.180000305175781,8.380000114440918,7.800000190734863,8.180000305175781
2022-02-03 14:30:00+00:00,8.020000457763672,8.109999656677246,7.610000133514404,7.789999961853027
2022-02-04 14:30:00+00:00,7.829999923706055,8.319999694824219,7.650000095367432,8.029999732971191
2022-02-07 14:30:00+00:00,8.020000457763672,8.5,7.869999885559082,8.329999923706055
2022-02-08 14:30:00+00:00,8.319999694824219,8.479000091552734,7.869999885559082,8.25
2022-02-09 14:30:00+00:00,8.329999923706055,8.600000381469727,8.199999809265137,8.520000457763672
2022-02-10 14:30:00+00:00,8.329999923706055,9.300000190734863,8.329999923706055,8.899999618530273
2022-02-11 14:30:00+00:00,8.960000038146973,8.960000038146973,7.710000038146973,8.15999984741211
2022-02-14 14:30:00+00:00,8.0600004196167,8.373000144958496,7.96999979019165,8.010000228881836
2022-02-15 14:30:00+00:00,8.329999923706055,8.75,8.079999923706055,8.619999885559082
2022-02-16 14:30:00+00:00,7.989999771118164,8.574999809265137,7.960000038146973,8.079999923706055
2022-02-17 14:30:00+00:00,7.735000133514404,7.929999828338623,7.610000133514404,7.619999885559082
2022-02-18 14:30:00+00:00,7.539999961853027,8.239999771118164,7.539999961853027,8.010000228881836
2022-02-22 14:30:00+00:00,8.079999923706055,8.449999809265137,7.820000171661377,8.039999961853027
2022-02-23 14:30:00+00:00,8.069999694824219,8.170000076293945,7.909999847412109,8.0
2022-02-24 14:30:00+00:00,7.78000020980835,8.755000114440918,7.78000020980835,8.640000343322754
2022-02-25 14:30:00+00:00,8.739999771118164,9.34000015258789,8.550000190734863,9.029999732971191
2022-02-28 14:30:00+00:00,9.140000343322754,9.470000267028809,8.722000122070312,8.779999732971191
2022-03-01 14:30:00+00:00,9.029999732971191,9.055999755859375,8.489999771118164,8.569999694824219
2022-03-02 14:30:00+00:00,8.680000305175781,8.79800033569336,8.399999618530273,8.65999984741211
2022-03-03 14:30:00+00:00,8.850000381469727,9.0,8.260000228881836,8.460000038146973
2022-03-04 14:30:00+00:00,8.350000381469727,8.579999923706055,8.029999732971191,8.119999885559082
2022-03-07 14:30:00+00:00,8.050000190734863,8.720000267028809,7.260000228881836,7.320000171661377
2022-03-08 14:30:00+00:00,7.329999923706055,7.599999904632568,7.170000076293945,7.170000076293945
2022-03-09 14:30:00+00:00,7.46999979019165,7.659999847412109,7.010000228881836,7.070000171661377
2022-03-10 14:30:00+00:00,7.010000228881836,7.119999885559082,6.659999847412109,7.0
2022-03-11 14:30:00+00:00,7.070000171661377,7.150000095367432,6.400000095367432,6.449999809265137
2022-03-14 13:30:00+00:00,6.449999809265137,6.820000171661377,6.059999942779541,6.110000133514404
2022-03-15 13:30:00+00:00,6.039999961853027,6.380000114440918,6.039999961853027,6.309999942779541
2022-03-16 13:30:00+00:00,6.369999885559082,6.860000133514404,6.179999828338623,6.199999809265137
2022-03-17 13:30:00+00:00,6.150000095367432,6.550000190734863,6.150000095367432,6.309999942779541
2022-03-18 13:30:00+00:00,6.400000095367432,6.684999942779541,5.900000095367432,6.0
2022-03-21 13:30:00+00:00,6.190000057220459,6.510000228881836,6.099999904632568,6.199999809265137
2022-03-22 13:30:00+00:00,6.25,6.420000076293945,6.070000171661377,6.199999809265137
2022-03-23 13:30:00+00:00,6.210000038146973,6.230000019073486,5.949999809265137,6.010000228881836
2022-03-24 13:30:00+00:00,6.070000171661377,6.210000038146973,5.800000190734863,5.900000095367432
2022-03-25 13:30:00+00:00,5.909999847412109,5.940000057220459,5.579999923706055,5.619999885559082
2022-03-28 13:30:00+00:00,5.670000076293945,6.010000228881836,5.510000228881836,5.78000020980835
2022-03-29 13:30:00+00:00,5.900000095367432,6.054999828338623,5.75,5.849999904632568
2022-03-30 13:30:00+00:00,5.860000133514404,6.210000038146973,5.860000133514404,5.929999828338623
2022-03-31 13:30:00+00:00,5.929999828338623,6.050000190734863,5.699999809265137,5.989999771118164
2022-04-01 13:30:00+00:00,6.03000020980835,6.300000190734863,5.835000038146973,6.289999961853027
2022-04-04 13:30:00+00:00,6.289999961853027,6.289999961853027,6.020999908447266,6.119999885559082
2022-04-05 13:30:00+00:00,6.099999904632568,6.185999870300293,6.0,6.070000171661377
2022-04-06 13:30:00+00:00,5.980000019073486,6.150000095367432,5.650000095367432,6.119999885559082
2022-04-07 13:30:00+00:00,6.070000171661377,6.210000038146973,5.619999885559082,5.739999771118164
2022-04-08 13:30:00+00:00,5.900000095367432,5.920000076293945,5.599999904632568,5.800000190734863
2022-04-11 13:30:00+00:00,5.730000019073486,5.730000019073486,5.360000133514404,5.360000133514404
2022-04-12 13:30:00+00:00,5.409999847412109,5.409999847412109,5.179999828338623,5.190000057220459
2022-04-13 13:30:00+00:00,5.199999809265137,5.21999979019165,5.010000228881836,5.070000171661377
2022-04-14 13:30:00+00:00,5.03000020980835,5.53000020980835,4.809999942779541,4.860000133514404
2022-04-18 13:30:00+00:00,5.0,5.010000228881836,4.650000095367432,4.699999809265137
2022-04-19 13:30:00+00:00,4.739999771118164,5.670000076293945,4.599999904632568,4.949999809265137
2022-04-20 13:30:00+00:00,4.960000038146973,5.239999771118164,4.800000190734863,5.159999847412109
2022-04-21 13:30:00+00:00,5.170000076293945,5.215000152587891,4.860000133514404,4.889999866485596
2022-04-22 13:30:00+00:00,4.820000171661377,4.900000095367432,4.679999828338623,4.849999904632568
2022-04-25 13:30:00+00:00,4.889999866485596,5.046000003814697,4.789999961853027,4.900000095367432
2022-04-26 13:30:00+00:00,4.889999866485596,5.71999979019165,4.820000171661377,5.460000038146973
2022-04-27 13:30:00+00:00,5.519999980926514,5.980000019073486,5.324999809265137,5.760000228881836
2022-04-28 13:30:00+00:00,5.739999771118164,7.889999866485596,5.739999771118164,6.590000152587891
2022-04-29 13:30:00+00:00,6.449999809265137,6.53000020980835,6.199999809265137,6.230000019073486
2022-05-02 13:30:00+00:00,6.25,6.250999927520752,5.860000133514404,6.070000171661377
2022-05-03 13:30:00+00:00,6.190000057220459,6.460000038146973,5.954999923706055,6.019999980926514
2022-05-04 13:30:00+00:00,6.119999885559082,6.179999828338623,5.909999847412109,6.050000190734863
2022-05-05 13:30:00+00:00,6.0,6.059999942779541,5.590000152587891,5.679999828338623
2022-05-06 13:30:00+00:00,5.679999828338623,5.730000019073486,5.364999771118164,5.480000019073486
2022-05-09 13:30:00+00:00,5.5,5.519999980926514,5.184999942779541,5.239999771118164
2022-05-10 13:30:00+00:00,5.25,5.96999979019165,5.244999885559082,5.679999828338623
2022-05-11 13:30:00+00:00,5.639999866485596,5.730000019073486,5.070000171661377,5.110000133514404
2022-05-12 13:30:00+00:00,5.079999923706055,5.400000095367432,5.0,5.150000095367432
2022-05-13 13:30:00+00:00,5.179999828338623,5.679999828338623,5.179999828338623,5.289999961853027
2022-05-16 13:30:00+00:00,5.199999809265137,5.53000020980835,5.110000133514404,5.159999847412109
2022-05-17 13:30:00+00:00,5.300000190734863,5.46999979019165,5.050000190734863,5.320000171661377
2022-05-18 13:30:00+00:00,5.21999979019165,5.315000057220459,4.980000019073486,5.050000190734863
2022-05-19 13:30:00+00:00,5.019999980926514,5.5,4.960000038146973,5.050000190734863
2022-05-20 13:30:00+00:00,5.159999847412109,5.269999980926514,4.9710001945495605,5.25
2022-05-23 13:30:00+00:00,5.269999980926514,5.269999980926514,5.010000228881836,5.110000133514404
2022-05-24 13:30:00+00:00,5.269999980926514,5.329999923706055,5.019999980926514,5.260000228881836
2022-05-25 13:30:00+00:00,5.28000020980835,5.756999969482422,5.28000020980835,5.53000020980835
2022-05-26 13:30:00+00:00,5.519999980926514,6.150000095367432,5.519999980926514,5.730000019073486
2022-05-27 13:30:00+00:00,5.78000020980835,6.070000171661377,5.599999904632568,6.039999961853027
2022-05-31 13:30:00+00:00,5.980000019073486,6.243000030517578,5.900000095367432,6.210000038146973
2022-06-01 13:30:00+00:00,6.309999942779541,6.309999942779541,5.815000057220459,5.840000152587891
2022-06-02 13:30:00+00:00,5.78000020980835,6.119999885559082,5.670000076293945,5.940000057220459
2022-06-03 13:30:00+00:00,5.875999927520752,6.199999809265137,5.690000057220459,6.059999942779541
2022-06-06 13:30:00+00:00,6.210000038146973,6.5,6.010000228881836,6.050000190734863
2022-06-07 13:30:00+00:00,6.010000228881836,6.854000091552734,6.010000228881836,6.760000228881836
2022-06-08 13:30:00+00:00,6.800000190734863,7.420000076293945,6.800000190734863,7.21999979019165
2022-06-09 13:30:00+00:00,7.309999942779541,7.559999942779541,6.630000114440918,7.210000038146973
2022-06-10 13:30:00+00:00,7.03000020980835,7.21999979019165,6.539999961853027,6.730000019073486
2022-06-13 13:30:00+00:00,6.5,6.5,6.039999961853027,6.289999961853027
2022-06-14 13:30:00+00:00,6.400000095367432,6.51200008392334,5.869999885559082,5.900000095367432
2022-06-15 13:30:00+00:00,5.880000114440918,6.21999979019165,5.800000190734863,6.119999885559082
2022-06-16 13:30:00+00:00,5.860000133514404,5.949999809265137,5.230000019073486,5.429999828338623
2022-06-17 13:30:00+00:00,5.429999828338623,5.820000171661377,5.429999828338623,5.619999885559082
2022-06-21 13:30:00+00:00,5.670000076293945,6.010000228881836,5.591000080108643,5.840000152587891
2022-06-22 13:30:00+00:00,5.71999979019165,6.34499979019165,5.71999979019165,6.059999942779541
2022-06-23 13:30:00+00:00,6.3460001945495605,6.704999923706055,5.900000095367432,6.650000095367432
2022-06-24 13:30:00+00:00,6.75,7.184999942779541,6.260000228881836,7.019999980926514
2022-06-27 13:30:00+00:00,7.079999923706055,7.079999923706055,6.300000190734863,6.329999923706055
2022-06-28 13:30:00+00:00,6.309999942779541,6.409999847412109,5.96999979019165,6.010000228881836
2022-06-29 13:30:00+00:00,5.940000057220459,6.130000114440918,5.75,6.0
2022-06-30 13:30:00+00:00,5.940000057220459,6.085000038146973,5.820000171661377,6.010000228881836
2022-07-01 13:30:00+00:00,6.059999942779541,6.380000114440918,5.880000114440918,6.119999885559082
2022-07-05 13:30:00+00:00,5.989999771118164,6.710000038146973,5.989999771118164,6.489999771118164
2022-07-06 13:30:00+00:00,6.53000020980835,6.619999885559082,6.300000190734863,6.369999885559082
2022-07-07 13:30:00+00:00,6.449999809265137,6.820000171661377,6.380000114440918,6.769999980926514
2022-07-08 13:30:00+00:00,6.840000152587891,6.949999809265137,6.659999847412109,6.699999809265137
2022-07-11 13:30:00+00:00,6.699999809265137,6.75,6.420000076293945,6.460000038146973
2022-07-12 13:30:00+00:00,6.53000020980835,6.53000020980835,6.349999904632568,6.380000114440918
2022-07-13 13:30:00+00:00,6.300000190734863,6.480000019073486,6.300000190734863,6.380000114440918
2022-07-14 13:30:00+00:00,6.340000152587891,6.78000020980835,6.070000171661377,6.71999979019165
2022-07-15 13:30:00+00:00,6.860000133514404,6.960000038146973,6.659999847412109,6.78000020980835
2022-07-18 13:30:00+00:00,7.230000019073486,7.570000171661377,7.019999980926514,7.059999942779541
2022-07-19 13:30:00+00:00,7.150000095367432,7.199999809265137,6.900000095367432,7.0
2022-07-20 13:30:00+00:00,7.070000171661377,7.349999904632568,7.070000171661377,7.28000020980835
2022-07-21 13:30:00+00:00,7.289999961853027,7.699999809265137,7.099999904632568,7.699999809265137
2022-07-22 13:30:00+00:00,7.75,7.75,7.110000133514404,7.230000019073486
2022-07-25 13:30:00+00:00,7.179999828338623,7.400000095367432,7.179999828338623,7.389999866485596
2022-07-26 13:30:00+00:00,7.289999961853027,7.340000152587891,7.050000190734863,7.300000190734863
2022-07-27 13:30:00+00:00,7.440000057220459,7.440000057220459,7.079999923706055,7.230000019073486
2022-07-28 13:30:00+00:00,7.27400016784668,7.639999866485596,7.070000171661377,7.550000190734863
2022-07-29 13:30:00+00:00,7.940000057220459,9.220000267028809,7.75,8.829999923706055
2022-08-01 13:30:00+00:00,8.739999771118164,9.130000114440918,8.361000061035156,8.640000343322754
2022-08-02 13:30:00+00:00,8.399999618530273,9.11400032043457,8.399999618530273,9.010000228881836
2022-08-03 13:30:00+00:00,9.199999809265137,9.710000038146973,8.670000076293945,9.5
2022-08-04 13:30:00+00:00,9.619999885559082,9.619999885559082,9.199999809265137,9.369999885559082
2022-08-05 13:30:00+00:00,9.180000305175781,9.350000381469727,9.140000343322754,9.140000343322754
2022-08-08 13:30:00+00:00,9.399999618530273,9.545000076293945,9.010000228881836,9.5
2022-08-09 13:30:00+00:00,9.329999923706055,9.489999771118164,8.579999923706055,8.65999984741211
2022-08-10 13:30:00+00:00,8.739999771118164,9.020000457763672,8.739999771118164,8.8100004196167
2022-08-11 13:30:00+00:00,8.8100004196167,9.220000267028809,8.649999618530273,8.789999961853027
2022-08-12 13:30:00+00:00,8.800000190734863,9.239999771118164,8.520000457763672,9.199999809265137
2022-08-15 13:30:00+00:00,9.0600004196167,9.227999687194824,8.800000190734863,8.949999809265137
2022-08-16 13:30:00+00:00,8.890000343322754,8.920000076293945,8.647000312805176,8.710000038146973
2022-08-17 13:30:00+00:00,8.760000228881836,8.760000228881836,8.319999694824219,8.329999923706055
2022-08-18 13:30:00+00:00,8.3100004196167,8.3100004196167,7.710000038146973,8.130000114440918
2022-08-19 13:30:00+00:00,8.100000381469727,8.100000381469727,7.639999866485596,7.860000133514404
2022-08-22 13:30:00+00:00,8.170000076293945,8.25,7.650000095367432,8.100000381469727
2022-08-23 13:30:00+00:00,8.09000015258789,8.1899995803833,7.920000076293945,8.180000305175781
2022-08-24 13:30:00+00:00,8.395000457763672,8.399999618530273,8.020000457763672,8.210000038146973
2022-08-25 13:30:00+00:00,8.25,8.40999984741211,7.78000020980835,7.980000019073486
2022-08-26 13:30:00+00:00,8.0600004196167,8.170000076293945,7.460000038146973,7.559999942779541
2022-08-29 13:30:00+00:00,7.71999979019165,7.800000190734863,7.5,7.519999980926514
2022-08-30 13:30:00+00:00,7.71999979019165,7.71999979019165,7.349999904632568,7.46999979019165
2022-08-31 13:30:00+00:00,7.519999980926514,7.650000095367432,7.010000228881836,7.25
2022-09-01 13:30:00+00:00,7.070000171661377,7.75,7.070000171661377,7.210000038146973
2022-09-02 13:30:00+00:00,7.289999961853027,7.440000057220459,7.099999904632568,7.199999809265137
2022-09-06 13:30:00+00:00,7.210000038146973,7.519999980926514,7.210000038146973,7.519999980926514
2022-09-07 13:30:00+00:00,7.539999961853027,7.869999885559082,7.349999904632568,7.789999961853027
2022-09-08 13:30:00+00:00,7.710000038146973,8.489999771118164,7.510000228881836,8.300000190734863
2022-09-09 13:30:00+00:00,8.380000114440918,8.399999618530273,7.699999809265137,8.390000343322754
2022-09-12 13:30:00+00:00,8.390000343322754,8.819999694824219,8.390000343322754,8.59000015258789
2022-09-13 13:30:00+00:00,8.847000122070312,8.847000122070312,7.559999942779541,7.860000133514404
2022-09-14 13:30:00+00:00,7.78000020980835,8.28499984741211,7.78000020980835,8.039999961853027
2022-09-15 13:30:00+00:00,8.039999961853027,8.479999542236328,7.75,8.229999542236328
2022-09-16 13:30:00+00:00,8.029999732971191,8.210000038146973,7.610000133514404,7.630000114440918
2022-09-19 13:30:00+00:00,7.610000133514404,8.550000190734863,7.610000133514404,8.270000457763672
2022-09-20 13:30:00+00:00,8.130000114440918,8.989999771118164,8.130000114440918,8.670000076293945
2022-09-21 13:30:00+00:00,8.819999694824219,9.319999694824219,8.739999771118164,9.100000381469727
2022-09-22 13:30:00+00:00,9.09000015258789,9.399999618530273,8.180000305175781,8.819999694824219
2022-09-23 13:30:00+00:00,8.619999885559082,9.010000228881836,7.809999942779541,8.199999809265137
2022-09-26 13:30:00+00:00,8.100000381469727,8.319999694824219,7.53000020980835,7.730000019073486
2022-09-27 13:30:00+00:00,8.109999656677246,8.15999984741211,7.622000217437744,7.849999904632568
2022-09-28 13:30:00+00:00,7.980000019073486,8.930000305175781,7.820000171661377,8.59000015258789
2022-09-29 13:30:00+00:00,8.600000381469727,9.359999656677246,8.359999656677246,8.970000267028809
2022-09-30 13:30:00+00:00,9.100000381469727,9.569999694824219,9.050000190734863,9.329999923706055
2022-10-03 13:30:00+00:00,9.479999542236328,9.829999923706055,8.470000267028809,9.649999618530273
2022-10-04 13:30:00+00:00,9.640000343322754,10.0,9.5,9.539999961853027
2022-10-05 13:30:00+00:00,9.512999534606934,10.484999656677246,9.079999923706055,10.15999984741211
2022-10-06 13:30:00+00:00,10.050000190734863,10.649999618530273,9.9399995803833,10.140000343322754
2022-10-07 13:30:00+00:00,10.010000228881836,10.6899995803833,9.859000205993652,9.859999656677246
2022-10-10 13:30:00+00:00,9.800000190734863,10.020000457763672,9.210000038146973,9.460000038146973
2022-10-11 13:30:00+00:00,8.569999694824219,9.5600004196167,8.569999694824219,9.020000457763672
2022-10-12 13:30:00+00:00,8.930000305175781,9.680000305175781,8.609999656677246,9.130000114440918
2022-10-13 13:30:00+00:00,8.899999618530273,9.65999984741211,8.819999694824219,9.199999809265137
2022-10-14 13:30:00+00:00,9.329999923706055,10.005000114440918,8.760000228881836,8.9399995803833
2022-10-17 13:30:00+00:00,9.09000015258789,9.149999618530273,8.994999885559082,9.09000015258789
2022-10-18 13:30:00+00:00,9.279999732971191,9.890000343322754,9.279999732971191,9.430000305175781
2022-10-19 13:30:00+00:00,8.760000228881836,9.970000267028809,8.760000228881836,9.829999923706055
2022-10-20 13:30:00+00:00,9.829999923706055,10.199999809265137,9.399999618530273,9.680000305175781
2022-10-21 13:30:00+00:00,9.75,10.170000076293945,8.9399995803833,10.0
2022-10-24 13:30:00+00:00,9.90999984741211,10.170000076293945,9.699999809265137,9.739999771118164
2022-10-25 13:30:00+00:00,9.90999984741211,10.399999618530273,9.741999626159668,10.390000343322754
2022-10-26 13:30:00+00:00,10.350000381469727,10.932000160217285,9.359999656677246,9.399999618530273
2022-10-27 13:30:00+00:00,9.760000228881836,10.095000267028809,9.319999694824219,10.079999923706055
2022-10-28 13:30:00+00:00,9.960000038146973,10.40999984741211,9.960000038146973,10.399999618530273
2022-10-31 13:30:00+00:00,10.210000038146973,10.470000267028809,9.520000457763672,10.079999923706055
2022-11-01 13:30:00+00:00,10.5600004196167,10.5600004196167,10.11299991607666,10.234999656677246
2022-11-02 13:30:00+00:00,11.0,11.100000381469727,10.15999984741211,10.350000381469727
2022-11-03 13:30:00+00:00,10.529999732971191,12.220000267028809,10.529999732971191,12.039999961853027
2022-11-04 13:30:00+00:00,12.0600004196167,12.460000038146973,11.489999771118164,12.239999771118164
2022-11-07 14:30:00+00:00,12.479999542236328,12.84000015258789,12.25,12.5600004196167
2022-11-08 14:30:00+00:00,12.460000038146973,12.5,11.520000457763672,11.880000114440918
2022-11-09 14:30:00+00:00,11.859999656677246,12.180000305175781,11.619999885559082,11.920000076293945
2022-11-10 14:30:00+00:00,12.489999771118164,12.489999771118164,11.899999618530273,12.039999961853027
2022-11-11 14:30:00+00:00,11.979999542236328,12.6899995803833,11.979999542236328,12.350000381469727
2022-11-14 14:30:00+00:00,12.380000114440918,12.555000305175781,12.010000228881836,12.420000076293945
2022-11-15 14:30:00+00:00,12.5,12.930000305175781,12.133000373840332,12.529999732971191
2022-11-16 14:30:00+00:00,12.350000381469727,12.619999885559082,11.949999809265137,12.220000267028809
2022-11-17 14:30:00+00:00,12.09000015258789,12.350000381469727,11.880000114440918,12.329999923706055
2022-11-18 14:30:00+00:00,12.479999542236328,12.479999542236328,11.902999877929688,12.050000190734863
2022-11-21 14:30:00+00:00,12.029999732971191,12.390000343322754,11.89900016784668,12.1899995803833
2022-11-22 14:30:00+00:00,12.279999732971191,12.34000015258789,11.9399995803833,12.329999923706055
2022-11-23 14:30:00+00:00,12.300000190734863,12.40999984741211,11.770000457763672,12.40999984741211
2022-11-25 14:30:00+00:00,12.369999885559082,12.539999961853027,12.350000381469727,12.489999771118164
2022-11-28 14:30:00+00:00,12.239999771118164,12.75,11.600000381469727,11.600000381469727
2022-11-29 14:30:00+00:00,12.0,12.489999771118164,11.979999542236328,12.40999984741211
2022-11-30 14:30:00+00:00,12.319999694824219,13.729999542236328,12.319999694824219,13.380000114440918
2022-12-01 14:30:00+00:00,13.479999542236328,14.699999809265137,13.479999542236328,14.420000076293945
2022-12-02 14:30:00+00:00,14.399999618530273,14.489999771118164,13.899999618530273,14.4399995803833
2022-12-05 14:30:00+00:00,14.180000305175781,14.609999656677246,13.192999839782715,13.5
2022-12-06 14:30:00+00:00,13.520000457763672,14.15999984741211,12.739999771118164,13.390000343322754
2022-12-07 14:30:00+00:00,13.210000038146973,13.918000221252441,13.210000038146973,13.5
2022-12-08 14:30:00+00:00,13.550000190734863,13.989999771118164,13.220000267028809,13.9399995803833
2022-12-09 14:30:00+00:00,14.100000381469727,14.100000381469727,13.109999656677246,13.789999961853027
2022-12-12 14:30:00+00:00,13.800000190734863,14.350000381469727,13.25,13.550000190734863
2022-12-13 14:30:00+00:00,13.8100004196167,14.9399995803833,13.350000381469727,14.609999656677246
2022-12-14 14:30:00+00:00,14.4399995803833,15.40999984741211,13.989999771118164,15.220000267028809
2022-12-15 14:30:00+00:00,15.25,15.25,14.609999656677246,14.930000305175781
2022-12-16 14:30:00+00:00,14.729999542236328,15.5,14.510000228881836,15.470000267028809
2022-12-19 14:30:00+00:00,15.5,15.5,14.720000267028809,15.039999961853027
2022-12-20 14:30:00+00:00,15.0,15.0,14.319999694824219,14.819999694824219
2022-12-21 14:30:00+00:00,15.0,16.280000686645508,15.0,15.779999732971191
2022-12-22 14:30:00+00:00,15.6899995803833,16.299999237060547,15.100000381469727,16.299999237060547
2022-12-23 14:30:00+00:00,16.079999923706055,17.0,15.899999618530273,16.709999084472656
2022-12-27 14:30:00+00:00,16.760000228881836,17.339000701904297,16.760000228881836,17.25
2022-12-28 14:30:00+00:00,17.299999237060547,17.65999984741211,16.700000762939453,17.25
2022-12-29 14:30:00+00:00,17.100000381469727,18.83799934387207,17.100000381469727,18.09000015258789
2022-12-30 14:30:00+00:00,18.1200008392334,18.523000717163086,17.260000228881836,18.350000381469727
2023-01-03 14:30:00+00:00,18.6299991607666,19.940000534057617,17.25,18.729999542236328
2023-01-04 14:30:00+00:00,18.940000534057617,19.277000427246094,17.229999542236328,17.899999618530273
2023-01-05 14:30:00+00:00,18.149999618530273,19.239999771118164,17.56999969482422,17.950000762939453
2023-01-06 14:30:00+00:00,17.8700008392334,18.790000915527344,16.34000015258789,16.469999313354492
2023-01-09 14:30:00+00:00,16.829999923706055,17.729999542236328,15.529999732971191,16.0
2023-01-10 14:30:00+00:00,16.020000457763672,17.0,15.5,15.5
2023-01-11 14:30:00+00:00,15.630000114440918,16.719999313354492,14.09000015258789,14.40999984741211
2023-01-12 14:30:00+00:00,14.569999694824219,15.251999855041504,14.152000427246094,14.90999984741211
2023-01-13 14:30:00+00:00,15.220000267028809,16.06999969482422,14.800000190734863,15.869999885559082
2023-01-17 14:30:00+00:00,15.869999885559082,16.350000381469727,15.371000289916992,15.960000038146973
2023-01-18 14:30:00+00:00,16.0,16.31999969482422,15.109999656677246,15.220000267028809
2023-01-19 14:30:00+00:00,15.130000114440918,15.520000457763672,14.470000267028809,14.5
2023-01-20 14:30:00+00:00,14.399999618530273,14.960000038146973,13.979999542236328,14.930000305175781
2023-01-23 14:30:00+00:00,14.880000114440918,15.0,14.1899995803833,14.369999885559082
2023-01-24 14:30:00+00:00,14.40999984741211,14.970000267028809,14.40999984741211,14.5600004196167
2023-01-25 14:30:00+00:00,14.5600004196167,14.5600004196167,14.0,14.350000381469727
2023-01-26 14:30:00+00:00,14.350000381469727,14.649999618530273,14.0600004196167,14.369999885559082
2023-01-27 14:30:00+00:00,15.539999961853027,15.989999771118164,14.65999984741211,14.789999961853027
2023-01-30 14:30:00+00:00,14.869999885559082,15.6899995803833,14.354999542236328,14.579999923706055
2023-01-31 14:30:00+00:00,14.829999923706055,15.420000076293945,14.489999771118164,15.199999809265137
2023-02-01 14:30:00+00:00,15.199999809265137,16.809999465942383,14.899999618530273,16.6299991607666
2023-02-02 14:30:00+00:00,16.6299991607666,19.3799991607666,16.56999969482422,18.489999771118164
2023-02-03 14:30:00+00:00,18.40999984741211,19.399999618530273,18.25,19.399999618530273
2023-02-06 14:30:00+00:00,19.09000015258789,19.389999389648438,17.809999465942383,18.0
2023-02-07 14:30:00+00:00,18.510000228881836,18.844999313354492,17.600000381469727,18.350000381469727
2023-02-08 14:30:00+00:00,18.440000534057617,18.440000534057617,16.579999923706055,16.700000762939453
2023-02-09 14:30:00+00:00,16.799999237060547,18.010000228881836,16.799999237060547,17.450000762939453
2023-02-10 14:30:00+00:00,17.690000534057617,17.8799991607666,16.979999542236328,17.1299991607666
2023-02-13 14:30:00+00:00,17.170000076293945,17.530000686645508,16.71299934387207,17.270000457763672
2023-02-14 14:30:00+00:00,17.18000030517578,17.73200035095215,16.8700008392334,17.229999542236328
2023-02-15 14:30:00+00:00,17.1200008392334,17.989999771118164,16.920000076293945,17.489999771118164
2023-02-16 14:30:00+00:00,17.479999542236328,17.600000381469727,17.200000762939453,17.5
2023-02-17 14:30:00+00:00,17.260000228881836,17.450000762939453,16.649999618530273,17.200000762939453
2023-02-21 14:30:00+00:00,12.0,12.65999984741211,6.570000171661377,7.079999923706055
2023-02-22 14:30:00+00:00,7.260000228881836,10.5,7.260000228881836,9.470000267028809
2023-02-23 14:30:00+00:00,9.699999809265137,11.09000015258789,9.210000038146973,10.779999732971191
2023-02-24 14:30:00+00:00,10.449999809265137,11.010000228881836,9.760000228881836,10.880000114440918
2023-02-27 14:30:00+00:00,10.899999618530273,12.100000381469727,10.821999549865723,11.770000457763672
2023-02-28 14:30:00+00:00,11.819999694824219,12.0,11.119999885559082,11.119999885559082
2023-03-01 14:30:00+00:00,11.220000267028809,11.609999656677246,10.649999618530273,10.890000343322754
2023-03-02 14:30:00+00:00,10.880000114440918,11.055999755859375,10.640000343322754,10.75
2023-03-03 14:30:00+00:00,10.869999885559082,10.994999885559082,10.229999542236328,10.699999809265137
2023-03-06 14:30:00+00:00,10.829999923706055,10.949999809265137,10.359999656677246,10.5
2023-03-07 14:30:00+00:00,10.520000457763672,10.664999961853027,10.079999923706055,10.220000267028809
2023-03-08 14:30:00+00:00,10.229999542236328,10.600000381469727,10.041000366210938,10.359999656677246
2023-03-09 14:30:00+00:00,10.489999771118164,10.65999984741211,9.789999961853027,9.829999923706055
2023-03-10 14:30:00+00:00,9.75,9.8100004196167,9.125,9.25
2023-03-13 13:30:00+00:00,9.039999961853027,9.329999923706055,8.470000267028809,8.760000228881836
2023-03-14 13:30:00+00:00,9.180000305175781,9.59000015258789,8.859999656677246,9.539999961853027
2023-03-15 13:30:00+00:00,9.210000038146973,9.380000114440918,8.680000305175781,8.800000190734863
2023-03-16 13:30:00+00:00,8.600000381469727,9.59000015258789,8.465999603271484,9.569999694824219
2023-03-17 13:30:00+00:00,9.380000114440918,9.979999542236328,9.069999694824219,9.880000114440918
2023-03-20 13:30:00+00:00,9.859999656677246,10.069999694824219,8.850000381469727,9.829999923706055
2023-03-21 13:30:00+00:00,10.170000076293945,10.920000076293945,9.300000190734863,9.470000267028809
2023-03-22 13:30:00+00:00,9.630000114440918,9.989999771118164,9.079999923706055,9.380000114440918
2023-03-23 13:30:00+00:00,9.460000038146973,9.619999885559082,8.937000274658203,9.229999542236328
2023-03-24 13:30:00+00:00,9.350000381469727,9.350000381469727,8.460000038146973,8.819999694824219
2023-03-27 13:30:00+00:00,9.0,9.109999656677246,8.579999923706055,8.579999923706055
2023-03-28 13:30:00+00:00,8.609999656677246,8.930000305175781,8.470000267028809,8.649999618530273
2023-03-29 13:30:00+00:00,8.710000038146973,8.850000381469727,8.649999618530273,8.6899995803833
2023-03-30 13:30:00+00:00,8.789999961853027,8.90999984741211,8.64799976348877,8.720000267028809
2023-03-31 13:30:00+00:00,8.710000038146973,9.449999809265137,8.710000038146973,9.319999694824219
2023-04-03 13:30:00+00:00,9.319999694824219,9.390000343322754,8.956000328063965,9.069999694824219
2023-04-04 13:30:00+00:00,9.069999694824219,9.15999984741211,8.520000457763672,8.609999656677246
2023-04-05 13:30:00+00:00,8.649999618530273,8.958999633789062,8.380000114440918,8.569999694824219
2023-04-06 13:30:00+00:00,8.59000015258789,8.970000267028809,8.4399995803833,8.970000267028809
2023-04-10 13:30:00+00:00,8.930000305175781,9.055000305175781,8.630000114440918,9.039999961853027
2023-04-11 13:30:00+00:00,9.050000190734863,9.475000381469727,8.930000305175781,9.199999809265137
2023-04-12 13:30:00+00:00,9.34000015258789,9.489999771118164,9.0,9.079999923706055
2023-04-13 13:30:00+00:00,9.399999618530273,9.4399995803833,9.050000190734863,9.319999694824219
2023-04-14 13:30:00+00:00,9.3100004196167,9.5600004196167,9.109999656677246,9.279999732971191
2023-04-17 13:30:00+00:00,9.289999961853027,9.359999656677246,9.0,9.210000038146973
2023-04-18 13:30:00+00:00,9.25,9.279999732971191,8.970000267028809,9.079999923706055
2023-04-19 13:30:00+00:00,8.930000305175781,9.720000267028809,8.930000305175781,9.460000038146973
2023-04-20 13:30:00+00:00,9.34000015258789,9.670000076293945,9.074999809265137,9.550000190734863
2023-04-21 13:30:00+00:00,9.550000190734863,9.770000457763672,9.359999656677246,9.550000190734863
2023-04-24 13:30:00+00:00,9.609999656677246,10.529999732971191,9.609999656677246,9.979999542236328
2023-04-25 13:30:00+00:00,10.0,10.100000381469727,9.630000114440918,9.760000228881836
2023-04-26 13:30:00+00:00,9.8100004196167,10.194999694824219,9.180000305175781,9.390000343322754
2023-04-27 13:30:00+00:00,9.4399995803833,9.770000457763672,9.270000457763672,9.479999542236328
2023-04-28 13:30:00+00:00,10.189000129699707,13.47700023651123,10.189000129699707,11.640000343322754
2023-05-01 13:30:00+00:00,11.75,12.954999923706055,11.746999740600586,12.75
2023-05-02 13:30:00+00:00,12.819999694824219,13.010000228881836,12.270000457763672,12.600000381469727
2023-05-03 13:30:00+00:00,12.880000114440918,12.930000305175781,12.25,12.539999961853027
2023-05-04 13:30:00+00:00,12.5,12.925000190734863,12.5,12.649999618530273
2023-05-05 13:30:00+00:00,12.899999618530273,12.987000465393066,12.539999961853027,12.609999656677246
2023-05-08 13:30:00+00:00,12.680000305175781,12.819999694824219,12.050000190734863,12.279999732971191
2023-05-09 13:30:00+00:00,12.229999542236328,12.350000381469727,11.9399995803833,12.050000190734863
2023-05-10 13:30:00+00:00,12.199999809265137,12.430000305175781,11.930000305175781,12.130000114440918
2023-05-11 13:30:00+00:00,12.050000190734863,12.0649995803833,11.710000038146973,11.84000015258789
2023-05-12 13:30:00+00:00,11.8100004196167,12.329999923706055,11.739999771118164,12.289999961853027
2023-05-15 13:30:00+00:00,12.350000381469727,12.670000076293945,12.25,12.289999961853027
2023-05-16 13:30:00+00:00,12.279999732971191,12.75,12.069999694824219,12.149999618530273
2023-05-17 13:30:00+00:00,12.210000038146973,12.720000267028809,12.050000190734863,12.539999961853027
2023-05-18 13:30:00+00:00,12.699999809265137,12.699999809265137,12.09000015258789,12.619999885559082
2023-05-19 13:30:00+00:00,12.6899995803833,13.699999809265137,12.6899995803833,13.390000343322754
2023-05-22 13:30:00+00:00,13.300000190734863,14.100000381469727,13.220000267028809,13.9399995803833
2023-05-23 13:30:00+00:00,13.779999732971191,14.138999938964844,13.039999961853027,13.270000457763672
2023-05-24 13:30:00+00:00,13.199999809265137,13.619999885559082,13.109999656677246,13.350000381469727
2023-05-25 13:30:00+00:00,13.479999542236328,13.555000305175781,13.109999656677246,13.229999542236328
2023-05-26 13:30:00+00:00,13.1899995803833,13.520000457763672,12.970999717712402,13.25
2023-05-30 13:30:00+00:00,13.40999984741211,13.40999984741211,12.140000343322754,12.289999961853027
2023-05-31 13:30:00+00:00,12.300000190734863,12.8100004196167,12.15999984741211,12.520000457763672
2023-06-01 13:30:00+00:00,12.5600004196167,12.770000457763672,12.098999977111816,12.529999732971191
2023-06-02 13:30:00+00:00,12.5600004196167,12.795000076293945,11.899999618530273,12.649999618530273
2023-06-05 13:30:00+00:00,12.5600004196167,13.420000076293945,12.130000114440918,12.329999923706055
2023-06-06 13:30:00+00:00,12.3100004196167,12.5,11.520000457763672,12.40999984741211
2023-06-07 13:30:00+00:00,12.4399995803833,12.899999618530273,12.420000076293945,12.779999732971191
2023-06-08 13:30:00+00:00,12.970000267028809,15.229999542236328,12.515000343322754,14.819999694824219
2023-06-09 13:30:00+00:00,14.970000267028809,15.489999771118164,14.40999984741211,14.8100004196167
2023-06-12 13:30:00+00:00,14.960000038146973,15.149999618530273,14.720000267028809,14.90999984741211
2023-06-13 13:30:00+00:00,14.819999694824219,15.329999923706055,14.819999694824219,14.979999542236328
2023-06-14 13:30:00+00:00,14.9399995803833,15.579999923706055,14.65999984741211,15.079999923706055
2023-06-15 13:30:00+00:00,14.960000038146973,15.949999809265137,14.960000038146973,15.199999809265137
2023-06-16 13:30:00+00:00,15.079999923706055,15.289999961853027,14.779999732971191,14.9399995803833
2023-06-20 13:30:00+00:00,14.9399995803833,15.045000076293945,14.34000015258789,14.949999809265137
2023-06-21 13:30:00+00:00,14.880000114440918,15.119999885559082,14.579999923706055,14.899999618530273
2023-06-22 13:30:00+00:00,14.770000457763672,14.779999732971191,14.366999626159668,14.449999809265137
2023-06-23 13:30:00+00:00,14.449999809265137,15.1899995803833,14.128000259399414,14.25
2023-06-26 13:30:00+00:00,14.180000305175781,14.579999923706055,13.8100004196167,14.390000343322754
2023-06-27 13:30:00+00:00,14.369999885559082,14.819999694824219,14.164999961853027,14.75
2023-06-28 13:30:00+00:00,14.680000305175781,15.050000190734863,14.4399995803833,14.729999542236328
2023-06-29 13:30:00+00:00,14.800000190734863,14.800000190734863,13.854999542236328,14.40999984741211
2023-06-30 13:30:00+00:00,14.539999961853027,15.630000114440918,14.319000244140625,15.4399995803833
2023-07-03 13:30:00+00:00,15.399999618530273,15.930000305175781,15.130000114440918,15.399999618530273
2023-07-05 13:30:00+00:00,15.329999923706055,15.449999809265137,14.800000190734863,14.859999656677246
2023-07-06 13:30:00+00:00,14.6899995803833,15.100000381469727,14.295000076293945,14.720000267028809
2023-07-07 13:30:00+00:00,14.609999656677246,14.609999656677246,13.59000015258789,13.649999618530273
2023-07-10 13:30:00+00:00,13.5600004196167,13.65999984741211,13.149999618530273,13.5600004196167
2023-07-11 13:30:00+00:00,13.609999656677246,14.425000190734863,13.494999885559082,14.09000015258789
2023-07-12 13:30:00+00:00,14.279999732971191,15.970000267028809,14.125,15.8100004196167
2023-07-13 13:30:00+00:00,15.720000267028809,16.0,15.645000457763672,15.960000038146973
2023-07-14 13:30:00+00:00,15.819999694824219,16.149999618530273,15.520000457763672,16.020000457763672
2023-07-17 13:30:00+00:00,16.06999969482422,16.600000381469727,15.960000038146973,16.520000457763672
2023-07-18 13:30:00+00:00,16.540000915527344,17.125,16.100000381469727,16.639999389648438
2023-07-19 13:30:00+00:00,16.760000228881836,16.760000228881836,16.149999618530273,16.290000915527344
2023-07-20 13:30:00+00:00,16.270000457763672,16.749000549316406,16.038999557495117,16.690000534057617
2023-07-21 13:30:00+00:00,16.84000015258789,17.208999633789062,16.25,16.829999923706055
2023-07-24 13:30:00+00:00,16.889999389648438,17.010000228881836,16.6200008392334,16.809999465942383
2023-07-25 13:30:00+00:00,16.989999771118164,17.28499984741211,16.729999542236328,16.940000534057617
2023-07-26 13:30:00+00:00,17.700000762939453,18.850000381469727,17.260000228881836,17.860000610351562
2023-07-27 13:30:00+00:00,18.079999923706055,18.600000381469727,16.829999923706055,17.110000610351562
2023-07-28 13:30:00+00:00,17.1200008392334,18.0,17.1200008392334,17.760000228881836
2023-07-31 13:30:00+00:00,17.8700008392334,18.0,17.5049991607666,17.93000030517578
2023-08-01 13:30:00+00:00,17.799999237060547,18.489999771118164,17.524999618530273,18.469999313354492
2023-08-02 13:30:00+00:00,18.1299991607666,18.5,17.350000381469727,17.780000686645508
2023-08-03 13:30:00+00:00,17.56999969482422,18.639999389648438,17.56999969482422,18.09000015258789
2023-08-04 13:30:00+00:00,18.149999618530273,18.149999618530273,17.489999771118164,17.690000534057617
2023-08-07 13:30:00+00:00,17.8799991607666,17.8799991607666,17.239999771118164,17.6299991607666
2023-08-08 13:30:00+00:00,17.5,17.6200008392334,17.280000686645508,17.469999313354492
2023-08-09 13:30:00+00:00,17.479999542236328,17.8700008392334,17.010000228881836,17.25
2023-08-10 13:30:00+00:00,17.280000686645508,17.700000762939453,17.18000030517578,17.469999313354492
2023-08-11 13:30:00+00:00,17.5,18.19099998474121,17.0,17.549999237060547
2023-08-14 13:30:00+00:00,17.6200008392334,17.979999542236328,17.360000610351562,17.8700008392334
2023-08-15 13:30:00+00:00,17.84000015258789,18.09000015258789,17.5,17.940000534057617
2023-08-16 13:30:00+00:00,17.809999465942383,18.049999237060547,17.257999420166016,17.610000610351562
2023-08-17 13:30:00+00:00,17.549999237060547,17.549999237060547,17.010000228881836,17.040000915527344
2023-08-18 13:30:00+00:00,16.770000457763672,17.5,16.510000228881836,17.43000030517578
2023-08-21 13:30:00+00:00,17.450000762939453,17.829999923706055,17.170000076293945,17.43000030517578
2023-08-22 13:30:00+00:00,17.43000030517578,18.229999542236328,17.299999237060547,18.06999969482422
2023-08-23 13:30:00+00:00,18.149999618530273,18.18899917602539,17.739999771118164,17.84000015258789
2023-08-24 13:30:00+00:00,17.829999923706055,17.829999923706055,16.8799991607666,17.200000762939453
2023-08-25 13:30:00+00:00,17.219999313354492,17.440000534057617,16.860000610351562,17.309999465942383
2023-08-28 13:30:00+00:00,17.309999465942383,17.81999969482422,17.190000534057617,17.270000457763672
2023-08-29 13:30:00+00:00,17.270000457763672,17.719999313354492,17.25,17.540000915527344
2023-08-30 13:30:00+00:00,17.520000457763672,18.209999084472656,17.329999923706055,17.579999923706055
2023-08-31 13:30:00+00:00,17.5,17.839000701904297,17.25,17.350000381469727
2023-09-01 13:30:00+00:00,17.389999389648438,17.549999237060547,17.18000030517578,17.299999237060547
2023-09-05 13:30:00+00:00,17.309999465942383,17.34000015258789,17.0,17.209999084472656
2023-09-06 13:30:00+00:00,17.100000381469727,17.31999969482422,17.059999465942383,17.270000457763672
2023-09-07 13:30:00+00:00,17.09000015258789,17.09000015258789,16.079999923706055,16.15999984741211
2023-09-08 13:30:00+00:00,16.079999923706055,16.149999618530273,15.550000190734863,15.670000076293945
2023-09-11 13:30:00+00:00,15.600000381469727,16.049999237060547,15.364999771118164,15.649999618530273
2023-09-12 13:30:00+00:00,15.510000228881836,15.680000305175781,14.569999694824219,15.260000228881836
2023-09-13 13:30:00+00:00,15.130000114440918,15.720000267028809,15.069999694824219,15.569999694824219
2023-09-14 13:30:00+00:00,15.539999961853027,15.934000015258789,15.385000228881836,15.619999885559082
2023-09-15 13:30:00+00:00,15.579999923706055,15.579999923706055,14.829999923706055,15.140000343322754
2023-09-18 13:30:00+00:00,15.09000015258789,15.454999923706055,14.920000076293945,15.210000038146973
2023-09-19 13:30:00+00:00,15.25,15.390000343322754,14.795000076293945,15.329999923706055
2023-09-20 13:30:00+00:00,15.300000190734863,15.5,15.020000457763672,15.0600004196167
2023-09-21 13:30:00+00:00,15.039999961853027,15.039999961853027,14.430000305175781,14.649999618530273
2023-09-22 13:30:00+00:00,14.6899995803833,14.890000343322754,14.475000381469727,14.5600004196167
2023-09-25 13:30:00+00:00,14.460000038146973,14.510000228881836,13.734000205993652,14.430000305175781
2023-09-26 13:30:00+00:00,14.3100004196167,15.0600004196167,14.25,14.890000343322754
2023-09-27 13:30:00+00:00,15.0,15.399999618530273,14.720999717712402,14.970000267028809
2023-09-28 13:30:00+00:00,14.670000076293945,15.25,14.289999961853027,15.180000305175781
2023-09-29 13:30:00+00:00,15.199999809265137,15.329999923706055,14.890000343322754,15.170000076293945
2023-10-02 13:30:00+00:00,15.1899995803833,15.260000228881836,14.78499984741211,14.989999771118164
2023-10-03 13:30:00+00:00,14.899999618530273,15.043000221252441,14.555000305175781,14.829999923706055
2023-10-04 13:30:00+00:00,14.760000228881836,14.800000190734863,14.420000076293945,14.699999809265137
2023-10-05 13:30:00+00:00,14.699999809265137,15.0,14.319999694824219,14.630000114440918
2023-10-06 13:30:00+00:00,14.479999542236328,14.920000076293945,14.319999694824219,14.84000015258789
2023-10-09 13:30:00+00:00,14.739999771118164,14.989999771118164,14.354999542236328,14.75
2023-10-10 13:30:00+00:00,14.75,15.270000457763672,14.53499984741211,15.1899995803833
2023-10-11 13:30:00+00:00,15.119999885559082,15.199999809265137,12.569999694824219,12.710000038146973
2023-10-12 13:30:00+00:00,12.380000114440918,12.550000190734863,9.920000076293945,12.479999542236328
2023-10-13 13:30:00+00:00,12.3100004196167,12.3100004196167,11.229999542236328,11.670000076293945
2023-10-16 13:30:00+00:00,11.699999809265137,12.454000473022461,11.460000038146973,12.34000015258789
2023-10-17 13:30:00+00:00,12.34000015258789,13.75,12.239999771118164,13.5
2023-10-18 13:30:00+00:00,13.5,13.920000076293945,13.204999923706055,13.579999923706055
2023-10-19 13:30:00+00:00,13.670000076293945,13.670000076293945,12.729999542236328,12.84000015258789
2023-10-20 13:30:00+00:00,12.979999542236328,13.020000457763672,12.479999542236328,12.90999984741211
2023-10-23 13:30:00+00:00,12.90999984741211,13.154999732971191,12.619999885559082,12.75
2023-10-24 13:30:00+00:00,12.859999656677246,13.15999984741211,12.520000457763672,13.079999923706055
2023-10-25 13:30:00+00:00,13.140000343322754,13.515000343322754,12.640000343322754,13.3100004196167
2023-10-26 13:30:00+00:00,13.180000305175781,13.180000305175781,12.454999923706055,12.84000015258789
2023-10-27 13:30:00+00:00,14.850000381469727,15.699999809265137,12.864999771118164,13.149999618530273
2023-10-30 13:30:00+00:00,13.170000076293945,13.25,12.727999687194824,12.904999732971191
2023-10-31 13:30:00+00:00,12.789999961853027,13.489999771118164,12.005999565124512,13.380000114440918
2023-11-01 13:30:00+00:00,13.460000038146973,13.8100004196167,13.130000114440918,13.609999656677246
2023-11-02 13:30:00+00:00,13.770000457763672,14.005000114440918,13.260000228881836,13.619999885559082
2023-11-03 13:30:00+00:00,15.039999961853027,18.219999313354492,15.039999961853027,17.610000610351562
2023-11-06 14:30:00+00:00,17.739999771118164,17.799999237060547,16.889999389648438,16.959999084472656
2023-11-07 14:30:00+00:00,16.700000762939453,17.43000030517578,16.700000762939453,16.969999313354492
2023-11-08 14:30:00+00:00,17.020000457763672,17.889999389648438,16.729999542236328,17.3700008392334
2023-11-09 14:30:00+00:00,17.389999389648438,17.40999984741211,16.649999618530273,16.739999771118164
2023-11-10 14:30:00+00:00,17.040000915527344,17.135000228881836,16.360000610351562,17.010000228881836
2023-11-13 14:30:00+00:00,16.889999389648438,17.979999542236328,16.889999389648438,17.81999969482422
2023-11-14 14:30:00+00:00,18.739999771118164,19.381999969482422,18.465999603271484,18.989999771118164
2023-11-15 14:30:00+00:00,18.940000534057617,19.399999618530273,18.09000015258789,18.239999771118164
2023-11-16 14:30:00+00:00,18.239999771118164,18.690000534057617,18.110000610351562,18.200000762939453
2023-11-17 14:30:00+00:00,18.3700008392334,18.514999389648438,17.540000915527344,17.700000762939453
2023-11-20 14:30:00+00:00,17.90999984741211,18.25,17.197999954223633,18.229999542236328
2023-11-21 14:30:00+00:00,18.165000915527344,19.31999969482422,17.799999237060547,19.190000534057617
2023-11-22 14:30:00+00:00,19.200000762939453,19.700000762939453,18.700000762939453,19.479999542236328
2023-11-24 14:30:00+00:00,19.479999542236328,20.100000381469727,19.479999542236328,20.020000457763672
2023-11-27 14:30:00+00:00,20.299999237060547,20.549999237060547,19.739999771118164,20.149999618530273
2023-11-28 14:30:00+00:00,19.889999389648438,20.5,19.469999313354492,19.899999618530273
2023-11-29 14:30:00+00:00,20.09000015258789,20.94099998474121,18.989999771118164,19.18000030517578
2023-11-30 14:30:00+00:00,19.479999542236328,20.6200008392334,19.18000030517578,20.469999313354492
2023-12-01 14:30:00+00:00,20.290000915527344,22.200000762939453,20.290000915527344,21.920000076293945
2023-12-04 14:30:00+00:00,21.690000534057617,23.899999618530273,21.690000534057617,23.780000686645508
2023-12-05 14:30:00+00:00,23.6200008392334,24.03499984741211,22.899999618530273,23.020000457763672
2023-12-06 14:30:00+00:00,23.079999923706055,23.88800048828125,22.149999618530273,22.530000686645508
2023-12-07 14:30:00+00:00,22.149999618530273,23.940000534057617,22.059999465942383,23.790000915527344
2023-12-08 14:30:00+00:00,23.65999984741211,24.93000030517578,23.649999618530273,24.149999618530273
2023-12-11 14:30:00+00:00,23.920000076293945,24.114999771118164,22.899999618530273,23.360000610351562
2023-12-12 14:30:00+00:00,23.489999771118164,23.6299991607666,22.84000015258789,23.209999084472656
2023-12-13 14:30:00+00:00,23.360000610351562,24.489999771118164,22.709999084472656,24.469999313354492
2023-12-14 14:30:00+00:00,25.020000457763672,25.239999771118164,23.020000457763672,24.309999465942383
2023-12-15 14:30:00+00:00,24.489999771118164,24.59000015258789,23.0,24.290000915527344
2023-12-18 14:30:00+00:00,24.43000030517578,24.5,23.229999542236328,24.190000534057617
2023-12-19 14:30:00+00:00,24.479999542236328,24.809999465942383,23.280000686645508,23.6299991607666
2023-12-20 14:30:00+00:00,23.510000228881836,24.860000610351562,23.510000228881836,23.850000381469727
2023-12-21 14:30:00+00:00,24.639999389648438,25.549999237060547,24.46299934387207,25.329999923706055
2023-12-22 14:30:00+00:00,25.459999084472656,25.579999923706055,24.809999465942383,24.989999771118164
2023-12-26 14:30:00+00:00,25.0,31.18000030517578,25.0,31.040000915527344
2023-12-27 14:30:00+00:00,31.440000534057617,31.989999771118164,29.7450008392334,30.75
2023-12-28 14:30:00+00:00,30.75,33.04999923706055,30.110000610351562,33.0099983215332
2023-12-29 14:30:00+00:00,33.09000015258789,33.1349983215332,31.0,31.440000534057617
2024-01-02 14:30:00+00:00,30.209999084472656,32.43000030517578,29.440000534057617,30.489999771118164
2024-01-03 14:30:00+00:00,30.010000228881836,30.270000457763672,28.719999313354492,29.549999237060547
2024-01-04 14:30:00+00:00,29.649999618530273,30.625,28.924999237060547,29.579999923706055
2024-01-05 14:30:00+00:00,29.229999542236328,29.704999923706055,28.780000686645508,29.610000610351562
2024-01-08 14:30:00+00:00,28.93000030517578,30.3799991607666,25.719999313354492,28.030000686645508
2024-01-09 14:30:00+00:00,28.34000015258789,28.844999313354492,27.389999389648438,28.1200008392334
2024-01-10 14:30:00+00:00,28.030000686645508,28.5,27.15999984741211,28.450000762939453
2024-01-11 14:30:00+00:00,28.06999969482422,28.360000610351562,27.209999084472656,28.040000915527344
2024-01-12 14:30:00+00:00,28.260000228881836,28.399999618530273,27.46500015258789,27.709999084472656
2024-01-16 14:30:00+00:00,27.81999969482422,28.170000076293945,26.809999465942383,27.729999542236328
2024-01-17 14:30:00+00:00,27.010000228881836,28.059999465942383,26.889999389648438,27.860000610351562
2024-01-18 14:30:00+00:00,28.170000076293945,28.170000076293945,26.600000381469727,26.690000534057617
2024-01-19 14:30:00+00:00,27.0,27.0,25.850000381469727,26.530000686645508
2024-01-22 14:30:00+00:00,27.020000457763672,27.209999084472656,26.040000915527344,26.649999618530273
2024-01-23 14:30:00+00:00,26.56999969482422,27.200000762939453,26.309999465942383,26.389999389648438
2024-01-24 14:30:00+00:00,27.110000610351562,27.850000381469727,25.735000610351562,27.6200008392334
2024-01-25 14:30:00+00:00,28.969999313354492,29.229999542236328,27.90999984741211,29.200000762939453
2024-01-26 14:30:00+00:00,29.100000381469727,29.100000381469727,25.344999313354492,27.229999542236328
2024-01-29 14:30:00+00:00,27.079999923706055,27.38800048828125,25.024999618530273,26.799999237060547
2024-01-30 14:30:00+00:00,26.799999237060547,26.799999237060547,25.579999923706055,25.93000030517578
2024-01-31 14:30:00+00:00,25.6200008392334,25.989999771118164,24.489999771118164,25.1200008392334
2024-02-01 14:30:00+00:00,26.549999237060547,26.549999237060547,24.860000610351562,25.0
2024-02-02 14:30:00+00:00,24.260000228881836,24.780000686645508,23.969999313354492,24.420000076293945
2024-02-05 14:30:00+00:00,24.09000015258789,25.038999557495117,24.09000015258789,24.690000534057617
2024-02-06 14:30:00+00:00,24.670000076293945,25.030000686645508,24.1299991607666,24.809999465942383
2024-02-07 14:30:00+00:00,25.020000457763672,25.030000686645508,24.290000915527344,24.559999465942383
2024-02-08 14:30:00+00:00,24.649999618530273,24.75,24.06999969482422,24.3700008392334
2024-02-09 14:30:00+00:00,24.6200008392334,24.6200008392334,24.1200008392334,24.3700008392334
2024-02-12 14:30:00+00:00,24.219999313354492,24.549999237060547,23.0,23.610000610351562
2024-02-13 14:30:00+00:00,23.020000457763672,23.15999984741211,22.290000915527344,22.469999313354492
2024-02-14 14:30:00+00:00,22.690000534057617,23.06999969482422,22.399999618530273,22.93000030517578
2024-02-15 14:30:00+00:00,23.100000381469727,23.59000015258789,22.889999389648438,23.200000762939453
2024-02-16 14:30:00+00:00,23.149999618530273,23.520000457763672,22.739999771118164,22.780000686645508
2024-02-20 14:30:00+00:00,22.600000381469727,22.600000381469727,21.850000381469727,22.239999771118164
2024-02-21 14:30:00+00:00,22.0,22.200000762939453,21.280000686645508,21.920000076293945
2024-02-22 14:30:00+00:00,21.889999389648438,22.860000610351562,21.889999389648438,22.329999923706055
2024-02-23 14:30:00+00:00,22.260000228881836,22.5,21.6299991607666,22.209999084472656
2024-02-26 14:30:00+00:00,21.610000610351562,21.8799991607666,21.06999969482422,21.399999618530273
2024-02-27 14:30:00+00:00,21.309999465942383,21.719999313354492,20.610000610351562,21.200000762939453
2024-02-28 14:30:00+00:00,20.709999084472656,21.207000732421875,19.809999465942383,19.979999542236328
2024-02-29 14:30:00+00:00,20.389999389648438,20.600000381469727,19.149999618530273,19.6299991607666
2024-03-01 14:30:00+00:00,19.760000228881836,20.899999618530273,19.6200008392334,20.790000915527344
2024-03-04 14:30:00+00:00,20.739999771118164,20.90999984741211,19.885000228881836,20.0
2024-03-05 14:30:00+00:00,19.809999465942383,20.030000686645508,18.84000015258789,18.920000076293945
2024-03-06 14:30:00+00:00,19.079999923706055,20.06999969482422,19.079999923706055,19.899999618530273
2024-03-07 14:30:00+00:00,20.170000076293945,20.6299991607666,19.969999313354492,20.600000381469727
2024-03-08 14:30:00+00:00,20.579999923706055,21.65999984741211,20.579999923706055,21.450000762939453
2024-03-11 13:30:00+00:00,21.440000534057617,21.618000030517578,20.424999237060547,20.68000030517578
2024-03-12 13:30:00+00:00,20.639999389648438,20.829999923706055,20.299999237060547,20.729999542236328
2024-03-13 13:30:00+00:00,20.790000915527344,22.399999618530273,20.790000915527344,21.8700008392334
2024-03-14 13:30:00+00:00,21.799999237060547,22.450000762939453,21.049999237060547,21.489999771118164
2024-03-15 13:30:00+00:00,21.280000686645508,21.639999389648438,20.725000381469727,20.81999969482422
2024-03-18 13:30:00+00:00,20.8700008392334,21.079999923706055,20.520000457763672,20.649999618530273
2024-03-19 13:30:00+00:00,20.489999771118164,21.030000686645508,20.110000610351562,20.670000076293945
2024-03-20 13:30:00+00:00,20.709999084472656,21.0,20.209999084472656,20.889999389648438
2024-03-21 13:30:00+00:00,21.1200008392334,21.670000076293945,20.899999618530273,21.3700008392334
2024-03-22 13:30:00+00:00,21.040000915527344,21.040000915527344,19.09000015258789,19.979999542236328
2024-03-25 13:30:00+00:00,19.850000381469727,19.850000381469727,18.364999771118164,18.420000076293945
2024-03-26 13:30:00+00:00,18.56999969482422,18.579999923706055,17.969999313354492,18.040000915527344
2024-03-27 13:30:00+00:00,18.200000762939453,18.68000030517578,17.790000915527344,17.989999771118164
2024-03-28 13:30:00+00:00,18.110000610351562,18.600000381469727,17.861000061035156,18.209999084472656
2024-04-01 13:30:00+00:00,18.40999984741211,18.709999084472656,17.649999618530273,17.969999313354492
2024-04-02 13:30:00+00:00,17.780000686645508,17.90999984741211,16.84000015258789,17.200000762939453
2024-04-03 13:30:00+00:00,17.290000915527344,17.520000457763672,16.989999771118164,17.25
2024-04-04 13:30:00+00:00,17.200000762939453,18.200000762939453,17.200000762939453,17.385000228881836
2024-04-05 13:30:00+00:00,17.420000076293945,17.889999389648438,17.149999618530273,17.68000030517578
2024-04-08 13:30:00+00:00,17.690000534057617,18.850000381469727,17.56999969482422,18.610000610351562
2024-04-09 13:30:00+00:00,18.600000381469727,19.239999771118164,18.489999771118164,19.200000762939453
2024-04-10 13:30:00+00:00,18.889999389648438,18.889999389648438,17.6299991607666,17.969999313354492
2024-04-11 13:30:00+00:00,18.239999771118164,18.489999771118164,17.770000457763672,18.09000015258789
2024-04-12 13:30:00+00:00,17.829999923706055,17.920000076293945,17.1200008392334,17.229999542236328
2024-04-15 13:30:00+00:00,17.239999771118164,17.40999984741211,16.450000762939453,16.6299991607666
2024-04-16 13:30:00+00:00,16.5,17.309999465942383,16.329999923706055,16.3799991607666
2024-04-17 13:30:00+00:00,16.450000762939453,16.649999618530273,15.710000038146973,15.710000038146973
2024-04-18 13:30:00+00:00,15.789999961853027,15.989999771118164,15.244999885559082,15.260000228881836
2024-04-19 13:30:00+00:00,15.15999984741211,15.569999694824219,14.680000305175781,14.899999618530273
2024-04-22 13:30:00+00:00,14.899999618530273,14.899999618530273,14.149999618530273,14.6899995803833
2024-04-23 13:30:00+00:00,14.609999656677246,14.864999771118164,14.25,14.289999961853027
2024-04-24 13:30:00+00:00,14.390000343322754,14.649999618530273,14.029999732971191,14.399999618530273
2024-04-25 13:30:00+00:00,14.180000305175781,14.6899995803833,13.569999694824219,14.390000343322754
2024-04-26 13:30:00+00:00,14.430000305175781,14.848999977111816,14.229999542236328,14.6899995803833
2024-04-29 13:30:00+00:00,14.789999961853027,15.369999885559082,14.274999618530273,15.279999732971191
2024-04-30 13:30:00+00:00,14.979999542236328,16.020000457763672,14.670000076293945,15.510000228881836
2024-05-01 13:30:00+00:00,9.510000228881836,10.489999771118164,7.769999980926514,10.119999885559082
2024-05-02 13:30:00+00:00,10.279999732971191,10.305000305175781,8.225000381469727,8.479999542236328
2024-05-03 13:30:00+00:00,8.720000267028809,9.489999771118164,8.529999732971191,9.220000267028809
2024-05-06 13:30:00+00:00,9.319999694824219,9.335000038146973,7.945000171661377,7.96999979019165
2024-05-07 13:30:00+00:00,8.029999732971191,8.260000228881836,7.710000038146973,8.100000381469727
2024-05-08 13:30:00+00:00,8.100000381469727,8.170000076293945,7.71999979019165,7.789999961853027
2024-05-09 13:30:00+00:00,7.78000020980835,8.0,7.25,7.309999942779541
2024-05-10 13:30:00+00:00,7.579999923706055,7.579999923706055,7.059999942779541,7.269999980926514
2024-05-13 13:30:00+00:00,7.300000190734863,7.690000057220459,7.21999979019165,7.690000057220459
2024-05-14 13:30:00+00:00,7.769999980926514,8.180000305175781,7.639999866485596,7.71999979019165
2024-05-15 13:30:00+00:00,7.789999961853027,8.210000038146973,7.75,8.0600004196167
2024-05-16 13:30:00+00:00,8.079999923706055,8.517000198364258,8.0,8.079999923706055
2024-05-17 13:30:00+00:00,8.039999961853027,8.350000381469727,7.889999866485596,8.289999961853027
2024-05-20 13:30:00+00:00,8.289999961853027,8.5600004196167,8.15999984741211,8.279999732971191
2024-05-21 13:30:00+00:00,8.25,8.680000305175781,8.190999984741211,8.3100004196167
2024-05-22 13:30:00+00:00,8.319999694824219,8.890000343322754,8.319999694824219,8.529999732971191
2024-05-23 13:30:00+00:00,8.579999923706055,8.579999923706055,7.739999771118164,7.820000171661377
2024-05-24 13:30:00+00:00,7.820000171661377,8.029999732971191,7.019999980926514,7.449999809265137
2024-05-28 13:30:00+00:00,7.460000038146973,7.5980000495910645,7.171000003814697,7.380000114440918
2024-05-29 13:30:00+00:00,7.210000038146973,7.329999923706055,6.889999866485596,6.889999866485596
2024-05-30 13:30:00+00:00,6.730000019073486,7.039999961853027,6.659999847412109,6.880000114440918
2024-05-31 13:30:00+00:00,6.849999904632568,7.260000228881836,6.804999828338623,6.949999809265137
2024-06-03 13:30:00+00:00,6.949999809265137,7.25,6.690000057220459,6.710000038146973
2024-06-04 13:30:00+00:00,6.710000038146973,6.958000183105469,6.400000095367432,6.489999771118164
2024-06-05 13:30:00+00:00,6.519999980926514,8.789999961853027,6.414999961853027,8.6899995803833
2024-06-06 13:30:00+00:00,8.539999961853027,9.479999542236328,8.460000038146973,9.420000076293945
2024-06-07 13:30:00+00:00,9.270000457763672,9.920000076293945,8.854999542236328,9.630000114440918
2024-06-10 13:30:00+00:00,9.479999542236328,9.609999656677246,8.880000114440918,9.130000114440918
2024-06-11 13:30:00+00:00,9.130000114440918,9.619999885559082,8.899999618530273,9.550000190734863
2024-06-12 13:30:00+00:00,9.609999656677246,10.524999618530273,9.609999656677246,10.229999542236328
2024-06-13 13:30:00+00:00,10.220000267028809,10.4399995803833,9.454000473022461,10.09000015258789
2024-06-14 13:30:00+00:00,10.0600004196167,10.40999984741211,9.609999656677246,10.199999809265137
2024-06-17 13:30:00+00:00,10.149999618530273,11.220000267028809,9.760000228881836,10.960000038146973
2024-06-18 13:30:00+00:00,10.90999984741211,12.149999618530273,10.75,11.050000190734863
2024-06-20 13:30:00+00:00,10.960000038146973,11.1899995803833,10.40999984741211,11.109999656677246
2024-06-21 13:30:00+00:00,11.0600004196167,11.600000381469727,10.6899995803833,10.819999694824219
2024-06-24 13:30:00+00:00,10.8100004196167,11.170000076293945,10.5600004196167,10.680000305175781
2024-06-25 13:30:00+00:00,10.649999618530273,10.84000015258789,10.399999618530273,10.430000305175781
2024-06-26 13:30:00+00:00,10.380000114440918,11.300000190734863,10.317000389099121,11.170000076293945
2024-06-27 13:30:00+00:00,11.229999542236328,11.720000267028809,11.114999771118164,11.699999809265137
2024-06-28 13:30:00+00:00,11.75,12.079999923706055,11.529999732971191,11.989999771118164
2024-07-01 13:30:00+00:00,11.819999694824219,11.859999656677246,11.071000099182129,11.710000038146973
2024-07-02 13:30:00+00:00,11.720000267028809,12.0600004196167,11.420000076293945,11.779999732971191
2024-07-03 13:30:00+00:00,11.829999923706055,12.039999961853027,11.5,11.75
2024-07-05 13:30:00+00:00,11.550000190734863,12.399999618530273,11.510000228881836,12.369999885559082
2024-07-08 13:30:00+00:00,12.5,12.670000076293945,11.960000038146973,12.199999809265137
2024-07-09 13:30:00+00:00,12.149999618530273,12.239999771118164,11.260000228881836,11.630000114440918
2024-07-10 13:30:00+00:00,11.65999984741211,11.979999542236328,6.75,7.150000095367432
2024-07-11 13:30:00+00:00,7.289999961853027,8.869999885559082,7.269999980926514,8.510000228881836
2024-07-12 13:30:00+00:00,8.569999694824219,9.789999961853027,8.199999809265137,9.720000267028809
2024-07-15 13:30:00+00:00,9.850000381469727,10.470000267028809,9.5,9.670000076293945
2024-07-16 13:30:00+00:00,9.789999961853027,10.210000038146973,9.517999649047852,9.90999984741211
2024-07-17 13:30:00+00:00,9.829999923706055,10.020000457763672,9.239999771118164,9.710000038146973
2024-07-18 13:30:00+00:00,9.760000228881836,10.069999694824219,9.319999694824219,9.510000228881836
2024-07-19 13:30:00+00:00,9.529999732971191,9.550000190734863,9.020000457763672,9.359999656677246
2024-07-22 13:30:00+00:00,9.460000038146973,9.88599967956543,9.119999885559082,9.819999694824219
2024-07-23 13:30:00+00:00,9.760000228881836,10.270000457763672,9.569999694824219,9.899999618530273
2024-07-24 13:30:00+00:00,9.649999618530273,10.15999984741211,9.369999885559082,9.399999618530273
2024-07-25 13:30:00+00:00,9.4399995803833,9.90999984741211,9.293000221252441,9.529999732971191
2024-07-26 13:30:00+00:00,9.829999923706055,9.845000267028809,9.460000038146973,9.609999656677246
2024-07-29 13:30:00+00:00,9.720000267028809,9.930000305175781,9.15999984741211,9.270000457763672
2024-07-30 13:30:00+00:00,9.029999732971191,9.300000190734863,7.310999870300293,7.925000190734863
2024-07-31 13:30:00+00:00,8.09000015258789,9.0,8.010000228881836,8.550000190734863
2024-08-01 13:30:00+00:00,8.59000015258789,8.657999992370605,7.630000114440918,8.300000190734863
2024-08-02 13:30:00+00:00,8.300000190734863,8.776000022888184,8.09000015258789,8.229999542236328
2024-08-05 13:30:00+00:00,7.760000228881836,8.5,7.559999942779541,8.460000038146973
2024-08-06 13:30:00+00:00,9.050000190734863,9.40999984741211,8.710000038146973,9.050000190734863
2024-08-07 13:30:00+00:00,9.470000267028809,9.59000015258789,8.479999542236328,8.5
2024-08-08 13:30:00+00:00,8.609999656677246,8.609999656677246,8.199999809265137,8.489999771118164
2024-08-09 13:30:00+00:00,8.529999732971191,8.9399995803833,8.350000381469727,8.539999961853027
2024-08-12 13:30:00+00:00,8.600000381469727,8.600000381469727,8.359999656677246,8.399999618530273
2024-08-13 13:30:00+00:00,8.380000114440918,8.930000305175781,8.210000038146973,8.550000190734863
2024-08-14 13:30:00+00:00,8.5600004196167,8.704999923706055,7.840000152587891,7.96999979019165
2024-08-15 13:30:00+00:00,8.020000457763672,8.270000457763672,7.809999942779541,8.010000228881836
2024-08-16 13:30:00+00:00,8.199999809265137,8.574999809265137,8.010000228881836,8.069999694824219
2024-08-19 13:30:00+00:00,8.0,8.5,7.880000114440918,8.489999771118164
2024-08-20 13:30:00+00:00,8.630000114440918,8.920000076293945,8.239999771118164,8.630000114440918
2024-08-21 13:30:00+00:00,8.640000343322754,8.680000305175781,8.3100004196167,8.34000015258789
2024-08-22 13:30:00+00:00,8.329999923706055,8.550000190734863,8.050000190734863,8.34000015258789
2024-08-23 13:30:00+00:00,8.420000076293945,8.875,8.420000076293945,8.729999542236328
2024-08-26 13:30:00+00:00,8.760000228881836,10.510000228881836,8.420000076293945,10.0
2024-08-27 13:30:00+00:00,10.100000381469727,10.359999656677246,9.5600004196167,9.739999771118164
2024-08-28 13:30:00+00:00,9.670000076293945,9.9399995803833,9.510000228881836,9.930000305175781
2024-08-29 13:30:00+00:00,9.90999984741211,10.140000343322754,9.699999809265137,9.859999656677246
2024-08-30 13:30:00+00:00,9.90999984741211,10.020000457763672,9.630000114440918,9.859999656677246
2024-09-03 13:30:00+00:00,9.90999984741211,10.055000305175781,8.640000343322754,9.050000190734863
2024-09-04 13:30:00+00:00,9.029999732971191,9.164999961853027,8.779999732971191,8.850000381469727
2024-09-05 13:30:00+00:00,8.880000114440918,8.949999809265137,8.449999809265137,8.520000457763672
2024-09-06 13:30:00+00:00,8.489999771118164,8.664999961853027,8.300000190734863,8.420000076293945
2024-09-09 13:30:00+00:00,8.40999984741211,8.715999603271484,7.949999809265137,7.960000038146973
2024-09-10 13:30:00+00:00,8.449999809265137,8.460000038146973,7.900000095367432,7.989999771118164
2024-09-11 13:30:00+00:00,7.989999771118164,8.289999961853027,7.900000095367432,8.109999656677246
2024-09-12 13:30:00+00:00,8.020000457763672,8.260000228881836,7.599999904632568,7.610000133514404
2024-09-13 13:30:00+00:00,7.639999866485596,8.229999542236328,7.639999866485596,7.849999904632568
2024-09-16 13:30:00+00:00,7.869999885559082,8.050000190734863,7.519999980926514,7.679999828338623
2024-09-17 13:30:00+00:00,7.769999980926514,8.550000190734863,7.75,8.5
2024-09-18 13:30:00+00:00,8.489999771118164,9.0,8.350000381469727,8.6899995803833
2024-09-19 13:30:00+00:00,8.9399995803833,9.489999771118164,8.829999923706055,9.25
2024-09-20 13:30:00+00:00,9.25,9.25,8.815999984741211,9.109999656677246
2024-09-23 13:30:00+00:00,9.09000015258789,9.75,8.920000076293945,9.010000228881836
2024-09-24 13:30:00+00:00,9.0600004196167,9.229999542236328,8.779999732971191,9.0600004196167
2024-09-25 13:30:00+00:00,9.079999923706055,9.329999923706055,8.890000343322754,8.930000305175781
2024-09-26 13:30:00+00:00,9.039999961853027,9.119999885559082,8.4399995803833,8.4399995803833
2024-09-27 13:30:00+00:00,8.460000038146973,8.680000305175781,8.289999961853027,8.630000114440918
2024-09-30 13:30:00+00:00,8.59000015258789,8.9399995803833,8.59000015258789,8.8100004196167
2024-10-01 13:30:00+00:00,8.869999885559082,8.960000038146973,8.489999771118164,8.670000076293945
2024-10-02 13:30:00+00:00,8.640000343322754,8.699999809265137,8.428999900817871,8.6899995803833
2024-10-03 13:30:00+00:00,8.6899995803833,8.720000267028809,8.449999809265137,8.529999732971191
2024-10-04 13:30:00+00:00,8.65999984741211,8.789999961853027,8.460000038146973,8.779999732971191
2024-10-07 13:30:00+00:00,8.75,8.829000473022461,8.329999923706055,8.539999961853027
2024-10-08 13:30:00+00:00,8.539999961853027,8.664999961853027,8.359999656677246,8.380000114440918
2024-10-09 13:30:00+00:00,8.390000343322754,8.390000343322754,7.619999885559082,7.630000114440918
2024-10-10 13:30:00+00:00,7.550000190734863,7.550000190734863,6.789999961853027,6.949999809265137
2024-10-11 13:30:00+00:00,6.960000038146973,7.489999771118164,6.940000057220459,7.480000019073486
2024-10-14 13:30:00+00:00,7.480000019073486,8.239999771118164,7.369999885559082,7.880000114440918
2024-10-15 13:30:00+00:00,7.840000152587891,8.260000228881836,7.75,8.020000457763672
2024-10-16 13:30:00+00:00,8.130000114440918,8.670000076293945,7.949999809265137,8.359999656677246
2024-10-17 13:30:00+00:00,8.329999923706055,8.859999656677246,8.0,8.100000381469727
2024-10-18 13:30:00+00:00,8.119999885559082,9.65999984741211,8.079999923706055,9.489999771118164
2024-10-21 13:30:00+00:00,9.6899995803833,11.029999732971191,9.649999618530273,10.260000228881836
2024-10-22 13:30:00+00:00,10.300000190734863,10.550000190734863,9.960000038146973,10.149999618530273
2024-10-23 13:30:00+00:00,10.109999656677246,10.289999961853027,9.819999694824219,10.170000076293945
2024-10-24 13:30:00+00:00,10.25,10.824999809265137,9.899999618530273,10.109999656677246
2024-10-25 13:30:00+00:00,10.119999885559082,10.470000267028809,10.0,10.069999694824219
2024-10-28 13:30:00+00:00,10.199999809265137,10.710000038146973,10.079999923706055,10.289999961853027
2024-10-29 13:30:00+00:00,10.210000038146973,10.930000305175781,10.0600004196167,10.739999771118164
2024-10-30 13:30:00+00:00,10.630000114440918,14.350000381469727,10.470000267028809,14.069999694824219
2024-10-31 13:30:00+00:00,13.899999618530273,13.899999618530273,12.295000076293945,13.119999885559082
2024-11-01 13:30:00+00:00,13.180000305175781,13.720000267028809,12.961000442504883,13.399999618530273
2024-11-04 14:30:00+00:00,15.020000457763672,15.770000457763672,14.5,15.050000190734863
2024-11-05 14:30:00+00:00,15.029999732971191,15.489999771118164,14.821999549865723,15.420000076293945
2024-11-06 14:30:00+00:00,15.59000015258789,15.800000190734863,14.843999862670898,15.420000076293945
2024-11-07 14:30:00+00:00,15.430000305175781,15.789999961853027,15.039999961853027,15.520000457763672
2024-11-08 14:30:00+00:00,15.65999984741211,15.949999809265137,15.489999771118164,15.520000457763672
2024-11-11 14:30:00+00:00,15.649999618530273,15.9399995803833,15.380000114440918,15.829999923706055
2024-11-12 14:30:00+00:00,15.680000305175781,15.90999984741211,15.539999961853027,15.789999961853027
2024-11-13 14:30:00+00:00,15.84000015258789,15.854999542236328,13.59000015258789,14.199999809265137
2024-11-14 14:30:00+00:00,14.329999923706055,14.6899995803833,13.699999809265137,14.130000114440918
2024-11-15 14:30:00+00:00,14.15999984741211,14.260000228881836,13.739999771118164,13.90999984741211
2024-11-18 14:30:00+00:00,13.949999809265137,14.1899995803833,13.390000343322754,13.630000114440918
2024-11-19 14:30:00+00:00,13.460000038146973,13.680000305175781,13.220000267028809,13.420000076293945
2024-11-20 14:30:00+00:00,13.420000076293945,13.579999923706055,13.029999732971191,13.520000457763672
2024-11-21 14:30:00+00:00,13.59000015258789,14.800000190734863,13.380000114440918,14.770000457763672
2024-11-22 14:30:00+00:00,14.869999885559082,14.90999984741211,14.59000015258789,14.850000381469727
2024-11-25 14:30:00+00:00,14.930000305175781,16.014999389648438,14.640000343322754,15.529999732971191
2024-11-26 14:30:00+00:00,15.550000190734863,15.970000267028809,14.734999656677246,15.300000190734863
2024-11-27 14:30:00+00:00,15.300000190734863,15.670000076293945,14.899999618530273,15.3100004196167
2024-11-29 14:30:00+00:00,15.289999961853027,15.404999732971191,14.710000038146973,15.319999694824219
2024-12-02 14:30:00+00:00,15.529999732971191,15.640000343322754,14.800000190734863,15.520000457763672
2024-12-03 14:30:00+00:00,15.550000190734863,15.619999885559082,14.859999656677246,15.03499984741211
2024-12-04 14:30:00+00:00,15.0,15.25,14.539999961853027,14.789999961853027
2024-12-05 14:30:00+00:00,14.770000457763672,14.989999771118164,13.350000381469727,13.399999618530273
2024-12-06 14:30:00+00:00,13.489999771118164,13.8149995803833,13.420000076293945,13.479999542236328
2024-12-09 14:30:00+00:00,14.170000076293945,14.220000267028809,13.619999885559082,13.640000343322754
2024-12-10 14:30:00+00:00,13.729999542236328,14.420000076293945,13.300000190734863,13.600000381469727
2024-12-11 14:30:00+00:00,13.619999885559082,13.864999771118164,13.4399995803833,13.609999656677246
2024-12-12 14:30:00+00:00,13.680000305175781,14.005000114440918,13.380000114440918,13.399999618530273
2024-12-13 14:30:00+00:00,13.380000114440918,13.390000343322754,12.800000190734863,12.829999923706055
2024-12-16 14:30:00+00:00,12.699999809265137,13.5600004196167,12.571999549865723,13.380000114440918
2024-12-17 14:30:00+00:00,13.399999618530273,13.678000450134277,13.0600004196167,13.15999984741211
2024-12-18 14:30:00+00:00,13.279999732971191,13.40999984741211,11.869999885559082,11.960000038146973
2024-12-19 14:30:00+00:00,12.270000457763672,12.649999618530273,11.670000076293945,11.720000267028809
2024-12-20 14:30:00+00:00,11.5600004196167,12.279999732971191,11.385000228881836,12.109999656677246
2024-12-23 14:30:00+00:00,12.319999694824219,12.5649995803833,12.0,12.5
2024-12-24 14:30:00+00:00,12.529999732971191,12.9399995803833,12.279999732971191,12.899999618530273
2024-12-26 14:30:00+00:00,12.640000343322754,13.680000305175781,12.609999656677246,13.619999885559082
2024-12-27 14:30:00+00:00,13.510000228881836,13.680000305175781,12.800000190734863,13.170000076293945
2024-12-30 14:30:00+00:00,12.829999923706055,12.920000076293945,12.609999656677246,12.770000457763672
2024-12-31 14:30:00+00:00,12.850000381469727,13.154999732971191,12.489999771118164,12.670000076293945
